>>> 已成功跨账号激活 fft 环境
=== PMC Profiling z2z 512K Mon Jul 27 15:48:04 CST 2026 ===
>>> full <<<
Running profile with 5 samples
out-of-place
length: 524288

Token: complex_forward_len_524288_double_op_batch_1000_istride_1_CI_ostride_1_CI_idist_524288_odist_524288_ioffset_0_0_ooffset_0_0

Execution gpu time: 74.9869 74.9641 74.9876 74.9984 75 ms
Execution gflops:   664.214 664.416 664.208 664.113 664.098
HIP_PROF:on Mon Jul 27 15:48:14 2026
HIP_PROF:process id '3855574'
HIP_PROF:db file 'results/pmc_full_20260727_154804.csv.db'
HIP_PROF:out put file 'results/pmc_full_20260727_154804.csv'
HIP_PROF:profiling ' /public/home/zhangkewei/zr/build/rocfft_build/clients/staging/rocfft-bench --length 524288 --batchSize 1000 --precision double --transformType 0 -o -N 5'
HIP_PROF:process begin
HIP_PROF:process end run total cost:6(s)
---------------------------------------------------------------------------------------------------------------------------------------------------------------------
HIP_PROF:IP:[31m12.5.2.3[0m HIP API statistics
---------------------------------------------------------------------------------------------------------------------------------------------------------------------
|Name                                                          |Calls          |TotalDurationNs            |AverageNs                  |Percentage                 |
---------------------------------------------------------------------------------------------------------------------------------------------------------------------
|hipEventSynchronize                                           |5              |1731876765                 |346375353                  |37.2427317345907           |
|hiprtcCompileProgram                                          |7              |1605387301                 |229341043                  |34.5226691584269           |
|hipFree                                                       |11             |1132175439                 |102925039                  |24.3465972887334           |
|hipMalloc                                                     |11             |55473763                   |5043069                    |1.19292233458497           |
|hipModuleLaunchKernel                                         |33             |52947403                   |1604466                    |1.13859482719734           |
|hipModuleGetFunction                                          |10             |38948465                   |3894846                    |0.837557996494684          |
|hipLaunchKernel                                               |6              |12968947                   |2161491                    |0.278887634364172          |
|hipModuleLoadData                                             |10             |12954412                   |1295441                    |0.278575069915764          |
|hiprtcCreateProgram                                           |7              |3365416                    |480773                     |0.0723707874580206         |
|hipStreamSynchronize                                          |3              |3147533                    |1049177                    |0.0676853743371119         |
|hipModuleUnload                                               |10             |304871                     |30487                      |0.00655602586518701        |
|hiprtcDestroyProgram                                          |7              |268441                     |38348                      |0.00577262559993133        |
|hipStreamDestroy                                              |1              |142751                     |142751                     |0.00306975490709615        |
|hipMemcpy                                                     |5              |123710                     |24742                      |0.00266029225404281        |
|hipEventRecord                                                |10             |73050                      |7305                       |0.00157088634029446        |
|hipGetDevice                                                  |64             |12920                      |201                        |0.000277835065251257       |
|hipGetDeviceProperties                                        |9              |11750                      |1305                       |0.000252675078692127       |
|hipSetDevice                                                  |61             |11740                      |192                        |0.000252460036071963       |
|hipEventElapsedTime                                           |5              |9221                       |1844                       |0.000198290800052774       |
|hipMemGetInfo                                                 |1              |8820                       |8820                       |0.000189667590984218       |
|hiprtcGetCode                                                 |7              |5870                       |838                        |0.000126230018035982       |
|__hipPushCallConfiguration                                    |6              |5110                       |851                        |0.000109886778903555       |
|__hipPopCallConfiguration                                     |6              |4200                       |700                        |9.0317900468675e-05        |
|hipStreamCreate                                               |1              |3530                       |3530                       |7.59100449177197e-05       |
|hipEventCreate                                                |2              |3360                       |1680                       |7.225432037494e-05         |
|hipEventDestroy                                               |2              |2180                       |1090                       |4.68792911956456e-05       |
|hipGetLastError                                               |6              |1790                       |298                        |3.84926290092686e-05       |
|hiprtcGetCodeSize                                             |7              |1610                       |230                        |3.46218618463254e-05       |
|hipGetDeviceCount                                             |1              |590                        |590                        |1.26875145896472e-05       |
---------------------------------------------------------------------------------------------------------------------------------------------------------------------
|Total                                                         |314            |4650240958                 |14809684                   |100.0                      |
---------------------------------------------------------------------------------------------------------------------------------------------------------------------
---------------------------------------------------------------------------------------------------------------------------------------------------------------------
HIP_PROF:IP:[31m12.5.2.3[0m HIPOPS API statistics
---------------------------------------------------------------------------------------------------------------------------------------------------------------------
|Name                                                          |Calls          |TotalDurationNs            |AverageNs                  |Percentage                 |
---------------------------------------------------------------------------------------------------------------------------------------------------------------------
|void generate_random_interleaved_data_kernel<input_val_1D<u...|6              |1312773256                 |218795542                  |75.631                     |
|transpose_rtc_tile32x32_dim2_dp_CI_CI_diag_aligned            |12             |176953406                  |14746117                   |10.195                     |
|transpose_rtc_tile32x32_dim2_dp_CI_CI_twd3step_fwd_diag_ali...|6              |91280142                   |15213357                   |5.259                      |
|fft_rtc_fwd_len_512_factors_8_8_8_wgs_64_tpt_64_halfLds_dp_...|6              |78211663                   |13035277                   |4.506                      |
|fft_rtc_fwd_len_1024_factors_8_8_4_4_wgs_128_tpt_128_halfLd...|6              |76507344                   |12751224                   |4.408                      |
|twiddle_gen_radices_dp                                        |2              |25600                      |12800                      |0.001                      |
|twiddle_gen_large_dp                                          |1              |4640                       |4640                       |0.0                        |
---------------------------------------------------------------------------------------------------------------------------------------------------------------------
|Total                                                         |39             |1735756051                 |44506565                   |100.0                      |
---------------------------------------------------------------------------------------------------------------------------------------------------------------------
HIP_PROF:finish
>>> read <<<
Running profile with 5 samples
out-of-place
length: 524288

Token: complex_forward_len_524288_double_op_batch_1000_istride_1_CI_ostride_1_CI_idist_524288_odist_524288_ioffset_0_0_ooffset_0_0

Execution gpu time: 75.0153 74.9745 74.9917 74.9696 74.9804 ms
Execution gflops:   663.962 664.324 664.172 664.368 664.271
HIP_PROF:on Mon Jul 27 15:48:21 2026
HIP_PROF:process id '3855763'
HIP_PROF:db file 'results/pmc_read_20260727_154804.csv.db'
HIP_PROF:out put file 'results/pmc_read_20260727_154804.csv'
HIP_PROF:profiling ' /public/home/zhangkewei/zr/build/rocfft_build/clients/staging/rocfft-bench --length 524288 --batchSize 1000 --precision double --transformType 0 -o -N 5'
HIP_PROF:process begin
HIP_PROF:process end run total cost:6(s)
---------------------------------------------------------------------------------------------------------------------------------------------------------------------
HIP_PROF:IP:[31m12.5.2.3[0m HIP API statistics
---------------------------------------------------------------------------------------------------------------------------------------------------------------------
|Name                                                          |Calls          |TotalDurationNs            |AverageNs                  |Percentage                 |
---------------------------------------------------------------------------------------------------------------------------------------------------------------------
|hipEventSynchronize                                           |5              |1731890708                 |346378141                  |41.6794347290711           |
|hipFree                                                       |11             |1132170480                 |102924589                  |27.2466532705371           |
|hiprtcCompileProgram                                          |7              |1120890493                 |160127213                  |26.9751907124556           |
|hipMalloc                                                     |11             |55146370                   |5013306                    |1.32714467393528           |
|hipModuleLaunchKernel                                         |33             |51412627                   |1557958                    |1.23728894750591           |
|hipModuleGetFunction                                          |10             |31334492                   |3133449                    |0.754091414689084          |
|hipLaunchKernel                                               |6              |12525202                   |2087533                    |0.301429724644859          |
|hipModuleLoadData                                             |10             |12304521                   |1230452                    |0.296118847178424          |
|hiprtcCreateProgram                                           |7              |3463596                    |494799                     |0.0833544072631352         |
|hipStreamSynchronize                                          |3              |3144904                    |1048301                    |0.0756848110517113         |
|hipModuleUnload                                               |10             |306751                     |30675                      |0.0073822258087762         |
|hiprtcDestroyProgram                                          |7              |259260                     |37037                      |0.00623931417724251        |
|hipStreamDestroy                                              |1              |140671                     |140671                     |0.00338536821965163        |
|hipMemcpy                                                     |5              |118411                     |23682                      |0.00284966223498211        |
|hipEventRecord                                                |10             |75800                      |7580                       |0.00182419198732925        |
|hipGetDevice                                                  |64             |12360                      |193                        |0.00029745399687849        |
|hipSetDevice                                                  |61             |12050                      |197                        |0.000289993581099175       |
|hipGetDeviceProperties                                        |9              |10561                      |1173                       |0.000254159519501111       |
|hipEventElapsedTime                                           |5              |8680                       |1736                       |0.000208891641820817       |
|hipMemGetInfo                                                 |1              |8310                       |8310                       |0.000199987274600344       |
|hiprtcGetCode                                                 |7              |5900                       |842                        |0.000141988558380509       |
|__hipPopCallConfiguration                                     |6              |4200                       |700                        |0.00010107660088104        |
|__hipPushCallConfiguration                                    |6              |3930                       |655                        |9.45788193958307e-05       |
|hipStreamCreate                                               |1              |3510                       |3510                       |8.44711593077266e-05       |
|hipEventCreate                                                |2              |2970                       |1485                       |7.14755963373071e-05       |
|hipEventDestroy                                               |2              |2500                       |1250                       |6.01646433815717e-05       |
|hipGetLastError                                               |6              |2010                       |335                        |4.83723732787836e-05       |
|hiprtcGetCodeSize                                             |7              |1780                       |254                        |4.2837226087679e-05        |
|hipGetDeviceCount                                             |1              |1340                       |1340                       |3.22482488525224e-05       |
---------------------------------------------------------------------------------------------------------------------------------------------------------------------
|Total                                                         |314            |4155264387                 |13233326                   |100.0                      |
---------------------------------------------------------------------------------------------------------------------------------------------------------------------
---------------------------------------------------------------------------------------------------------------------------------------------------------------------
HIP_PROF:IP:[31m12.5.2.3[0m HIPOPS API statistics
---------------------------------------------------------------------------------------------------------------------------------------------------------------------
|Name                                                          |Calls          |TotalDurationNs            |AverageNs                  |Percentage                 |
---------------------------------------------------------------------------------------------------------------------------------------------------------------------
|void generate_random_interleaved_data_kernel<input_val_1D<u...|6              |1312773128                 |218795521                  |75.631                     |
|transpose_rtc_tile32x32_dim2_dp_CI_CI_diag_aligned            |12             |176948923                  |14745743                   |10.194                     |
|transpose_rtc_tile32x32_dim2_dp_CI_CI_twd3step_fwd_diag_ali...|6              |91291821                   |15215303                   |5.26                       |
|fft_rtc_fwd_len_512_factors_8_8_8_wgs_64_tpt_64_halfLds_dp_...|6              |78194223                   |13032370                   |4.505                      |
|fft_rtc_fwd_len_1024_factors_8_8_4_4_wgs_128_tpt_128_halfLd...|6              |76512304                   |12752050                   |4.408                      |
|twiddle_gen_radices_dp                                        |2              |25600                      |12800                      |0.001                      |
|twiddle_gen_large_dp                                          |1              |4640                       |4640                       |0.0                        |
---------------------------------------------------------------------------------------------------------------------------------------------------------------------
|Total                                                         |39             |1735750639                 |44506426                   |100.0                      |
---------------------------------------------------------------------------------------------------------------------------------------------------------------------
HIP_PROF:finish
>>> write <<<
Running profile with 5 samples
out-of-place
length: 524288

Token: complex_forward_len_524288_double_op_batch_1000_istride_1_CI_ostride_1_CI_idist_524288_odist_524288_ioffset_0_0_ooffset_0_0

Execution gpu time: 74.9915 74.988 74.971 74.9659 74.9716 ms
Execution gflops:   664.173 664.205 664.355 664.4 664.349
HIP_PROF:on Mon Jul 27 15:48:29 2026
HIP_PROF:process id '3855939'
HIP_PROF:db file 'results/pmc_write_20260727_154804.csv.db'
HIP_PROF:out put file 'results/pmc_write_20260727_154804.csv'
HIP_PROF:profiling ' /public/home/zhangkewei/zr/build/rocfft_build/clients/staging/rocfft-bench --length 524288 --batchSize 1000 --precision double --transformType 0 -o -N 5'
HIP_PROF:process begin
HIP_PROF:process end run total cost:6(s)
---------------------------------------------------------------------------------------------------------------------------------------------------------------------
HIP_PROF:IP:[31m12.5.2.3[0m HIP API statistics
---------------------------------------------------------------------------------------------------------------------------------------------------------------------
|Name                                                          |Calls          |TotalDurationNs            |AverageNs                  |Percentage                 |
---------------------------------------------------------------------------------------------------------------------------------------------------------------------
|hipEventSynchronize                                           |5              |1732227069                 |346445413                  |37.6748025040428           |
|hiprtcCompileProgram                                          |7              |1561202737                 |223028962                  |33.9551354656992           |
|hipFree                                                       |11             |1132216471                 |102928770                  |24.6249655718486           |
|hipMalloc                                                     |11             |56113967                   |5101269                    |1.2204419745408            |
|hipModuleLaunchKernel                                         |33             |51012862                   |1545844                    |1.10949628683813           |
|hipModuleGetFunction                                          |10             |31418833                   |3141883                    |0.683339008705043          |
|hipModuleLoadData                                             |10             |14152680                   |1415268                    |0.307811506611964          |
|hipLaunchKernel                                               |6              |11932281                   |1988713                    |0.259519284822896          |
|hiprtcCreateProgram                                           |7              |3327715                    |475387                     |0.0723756184500201         |
|hipStreamSynchronize                                          |3              |3256895                    |1085631                    |0.0708353299040868         |
|hipModuleUnload                                               |10             |307271                     |30727                      |0.00668294269694254        |
|hiprtcDestroyProgram                                          |7              |242092                     |34584                      |0.00526534220082017        |
|hipStreamDestroy                                              |1              |135780                     |135780                     |0.00295312593570776        |
|hipMemcpy                                                     |5              |131840                     |26368                      |0.00286743352013338        |
|hipEventRecord                                                |10             |75180                      |7518                       |0.00163511568601053        |
|hipGetDevice                                                  |64             |12450                      |194                        |0.000270779333477401       |
|hipEventElapsedTime                                           |5              |11500                      |2300                       |0.000250117456625712       |
|hipSetDevice                                                  |61             |11310                      |185                        |0.000245985081255374       |
|hipGetDeviceProperties                                        |9              |11070                      |1230                       |0.000240765238682316       |
|hipMemGetInfo                                                 |1              |9630                       |9630                       |0.000209446183243966       |
|hiprtcGetCode                                                 |7              |6000                       |857                        |0.000130496064326459       |
|__hipPopCallConfiguration                                     |6              |4650                       |775                        |0.000101134449853005       |
|__hipPushCallConfiguration                                    |6              |4480                       |746                        |9.74370613637557e-05       |
|hipStreamCreate                                               |1              |3960                       |3960                       |8.61274024554626e-05       |
|hipEventCreate                                                |2              |3670                       |1835                       |7.98200926796838e-05       |
|hipEventDestroy                                               |2              |2700                       |1350                       |5.87232289469063e-05       |
|hipGetLastError                                               |6              |1940                       |323                        |4.21937274655549e-05       |
|hiprtcGetCodeSize                                             |7              |1590                       |227                        |3.45814570465115e-05       |
|hipGetDeviceCount                                             |1              |1190                       |1190                       |2.58817194247476e-05       |
---------------------------------------------------------------------------------------------------------------------------------------------------------------------
|Total                                                         |314            |4597839813                 |14642801                   |100.0                      |
---------------------------------------------------------------------------------------------------------------------------------------------------------------------
---------------------------------------------------------------------------------------------------------------------------------------------------------------------
HIP_PROF:IP:[31m12.5.2.3[0m HIPOPS API statistics
---------------------------------------------------------------------------------------------------------------------------------------------------------------------
|Name                                                          |Calls          |TotalDurationNs            |AverageNs                  |Percentage                 |
---------------------------------------------------------------------------------------------------------------------------------------------------------------------
|void generate_random_interleaved_data_kernel<input_val_1D<u...|6              |1312774533                 |218795755                  |75.633                     |
|transpose_rtc_tile32x32_dim2_dp_CI_CI_diag_aligned            |12             |176950991                  |14745915                   |10.195                     |
|transpose_rtc_tile32x32_dim2_dp_CI_CI_twd3step_fwd_diag_ali...|6              |91278532                   |15213088                   |5.259                      |
|fft_rtc_fwd_len_512_factors_8_8_8_wgs_64_tpt_64_halfLds_dp_...|6              |78201739                   |13033623                   |4.505                      |
|fft_rtc_fwd_len_1024_factors_8_8_4_4_wgs_128_tpt_128_halfLd...|6              |76483017                   |12747169                   |4.406                      |
|twiddle_gen_radices_dp                                        |2              |26080                      |13040                      |0.002                      |
|twiddle_gen_large_dp                                          |1              |4640                       |4640                       |0.0                        |
---------------------------------------------------------------------------------------------------------------------------------------------------------------------
|Total                                                         |39             |1735719532                 |44505629                   |100.0                      |
---------------------------------------------------------------------------------------------------------------------------------------------------------------------
HIP_PROF:finish
>>> kernel_sbrr <<<
Running profile with 5 samples
out-of-place
length: 524288

Token: complex_forward_len_524288_double_op_batch_1000_istride_1_CI_ostride_1_CI_idist_524288_odist_524288_ioffset_0_0_ooffset_0_0

Execution gpu time: 72.3353 72.3217 72.3195 72.3177 72.3112 ms
Execution gflops:   688.562 688.692 688.713 688.73 688.792
HIP_PROF:on Mon Jul 27 15:48:36 2026
HIP_PROF:process id '3856109'
HIP_PROF:db file 'results/pmc_kernel_sbrr_20260727_154804.csv.db'
HIP_PROF:out put file 'results/pmc_kernel_sbrr_20260727_154804.csv'
HIP_PROF:profiling ' /public/home/zhangkewei/zr/build/rocfft_build/clients/staging/rocfft-bench --length 524288 --batchSize 1000 --precision double --transformType 0 -o -N 5'
HIP_PROF:process begin
HIP_PROF:process end run total cost:6(s)
---------------------------------------------------------------------------------------------------------------------------------------------------------------------
HIP_PROF:IP:[31m12.5.2.3[0m HIP API statistics
---------------------------------------------------------------------------------------------------------------------------------------------------------------------
|Name                                                          |Calls          |TotalDurationNs            |AverageNs                  |Percentage                 |
---------------------------------------------------------------------------------------------------------------------------------------------------------------------
|hipEventSynchronize                                           |5              |1730437190                 |346087438                  |40.4900613178007           |
|hiprtcCompileProgram                                          |7              |1267990812                 |181141544                  |29.6693957024166           |
|hipFree                                                       |11             |1132026839                 |102911530                  |26.4880091513209           |
|hipMalloc                                                     |11             |55054732                   |5004975                    |1.28821172325537           |
|hipModuleGetFunction                                          |10             |32213693                   |3221369                    |0.75376003959023           |
|hipModuleLaunchKernel                                         |33             |26069448                   |789983                     |0.609992407780612          |
|hipModuleLoadData                                             |10             |14937143                   |1493714                    |0.349510424000282          |
|hipLaunchKernel                                               |6              |10250784                   |1708464                    |0.239855497277847          |
|hiprtcCreateProgram                                           |7              |3480475                    |497210                     |0.0814387525762043         |
|hipStreamSynchronize                                          |3              |288682                     |96227                      |0.00675479696627725        |
|hipModuleUnload                                               |10             |284561                     |28456                      |0.00665837073153443        |
|hiprtcDestroyProgram                                          |7              |263971                     |37710                      |0.00617659053901931        |
|hipStreamDestroy                                              |1              |131861                     |131861                     |0.00308538212555783        |
|hipMemcpy                                                     |5              |123111                     |24622                      |0.00288064309279885        |
|hipEventRecord                                                |10             |59750                      |5975                       |0.00139807510941128        |
|hipEventElapsedTime                                           |5              |40670                      |8134                       |0.000951627024263708       |
|hiprtcGetCode                                                 |7              |13800                      |1971                       |0.000322902703094152       |
|hipStreamCreate                                               |1              |11350                      |11350                      |0.00026557577392164        |
|hipGetDevice                                                  |64             |11080                      |173                        |0.000259258112339363       |
|hipSetDevice                                                  |61             |10740                      |176                        |0.000251302538495014       |
|hipMemGetInfo                                                 |1              |10210                      |10210                      |0.000238901202796471       |
|hipGetDeviceProperties                                        |9              |9180                       |1020                       |0.000214800493797414       |
|__hipPushCallConfiguration                                    |6              |2800                       |466                        |6.55164904828715e-05       |
|__hipPopCallConfiguration                                     |6              |2510                       |418                        |5.87308539685741e-05       |
|hipEventDestroy                                               |2              |2160                       |1080                       |5.05412926582151e-05       |
|hipEventCreate                                                |2              |2090                       |1045                       |4.89033803961434e-05       |
|hiprtcGetCodeSize                                             |7              |1390                       |198                        |3.25242577754255e-05       |
|hipGetDeviceCount                                             |1              |1180                       |1180                       |2.76105209892101e-05       |
|hipGetLastError                                               |6              |980                        |163                        |2.2930771669005e-05        |
---------------------------------------------------------------------------------------------------------------------------------------------------------------------
|Total                                                         |314            |4273733192                 |13610615                   |100.0                      |
---------------------------------------------------------------------------------------------------------------------------------------------------------------------
---------------------------------------------------------------------------------------------------------------------------------------------------------------------
HIP_PROF:IP:[31m12.5.2.3[0m HIPOPS API statistics
---------------------------------------------------------------------------------------------------------------------------------------------------------------------
|Name                                                          |Calls          |TotalDurationNs            |AverageNs                  |Percentage                 |
---------------------------------------------------------------------------------------------------------------------------------------------------------------------
|void generate_random_interleaved_data_kernel<input_val_1D<u...|6              |1312776690                 |218796115                  |75.629                     |
|transpose_rtc_tile32x32_dim2_dp_CI_CI_diag_aligned            |12             |176973095                  |14747757                   |10.195                     |
|transpose_rtc_tile32x32_dim2_dp_CI_CI_twd3step_fwd_diag_ali...|6              |91273589                   |15212264                   |5.258                      |
|fft_rtc_fwd_len_512_factors_8_8_8_wgs_64_tpt_64_halfLds_dp_...|6              |78241278                   |13040213                   |4.507                      |
|fft_rtc_fwd_len_1024_factors_8_8_4_4_wgs_128_tpt_128_halfLd...|6              |76523184                   |12753864                   |4.408                      |
|twiddle_gen_radices_dp                                        |2              |26720                      |13360                      |0.002                      |
|twiddle_gen_large_dp                                          |1              |4960                       |4960                       |0.0                        |
---------------------------------------------------------------------------------------------------------------------------------------------------------------------
|Total                                                         |39             |1735819516                 |44508192                   |100.0                      |
---------------------------------------------------------------------------------------------------------------------------------------------------------------------
HIP_PROF:finish
>>> kernel_transpose <<<
Running profile with 5 samples
out-of-place
length: 524288

Token: complex_forward_len_524288_double_op_batch_1000_istride_1_CI_ostride_1_CI_idist_524288_odist_524288_ioffset_0_0_ooffset_0_0

Execution gpu time: 73.2169 73.1883 73.206 73.2158 73.2053 ms
Execution gflops:   680.271 680.537 680.372 680.281 680.379
HIP_PROF:on Mon Jul 27 15:48:43 2026
HIP_PROF:process id '3856283'
HIP_PROF:db file 'results/pmc_kernel_transpose_20260727_154804.csv.db'
HIP_PROF:out put file 'results/pmc_kernel_transpose_20260727_154804.csv'
HIP_PROF:profiling ' /public/home/zhangkewei/zr/build/rocfft_build/clients/staging/rocfft-bench --length 524288 --batchSize 1000 --precision double --transformType 0 -o -N 5'
HIP_PROF:process begin
HIP_PROF:process end run total cost:6(s)
---------------------------------------------------------------------------------------------------------------------------------------------------------------------
HIP_PROF:IP:[31m12.5.2.3[0m HIP API statistics
---------------------------------------------------------------------------------------------------------------------------------------------------------------------
|Name                                                          |Calls          |TotalDurationNs            |AverageNs                  |Percentage                 |
---------------------------------------------------------------------------------------------------------------------------------------------------------------------
|hipEventSynchronize                                           |5              |1726549052                 |345309810                  |37.5130766946154           |
|hiprtcCompileProgram                                          |7              |1596631427                 |228090203                  |34.6903304627827           |
|hipFree                                                       |11             |1132190370                 |102926397                  |24.5993266936241           |
|hipMalloc                                                     |11             |55304293                   |5027663                    |1.20160743909782           |
|hipModuleGetFunction                                          |10             |47405142                   |4740514                    |1.0299810048867            |
|hipModuleLaunchKernel                                         |33             |35208447                   |1066922                    |0.764980972350215          |
|hipLaunchKernel                                               |6              |3645445                    |607574                     |0.0792053128827077         |
|hiprtcCreateProgram                                           |7              |3416075                    |488010                     |0.0742217450011715         |
|hipModuleLoadData                                             |10             |948502                     |94850                      |0.0206082927269165         |
|hipModuleUnload                                               |10             |304081                     |30408                      |0.00660682872644811        |
|hipStreamSynchronize                                          |3              |302701                     |100900                     |0.0065768451903426         |
|hiprtcDestroyProgram                                          |7              |237991                     |33998                      |0.00517087807339529        |
|hipStreamDestroy                                              |1              |127610                     |127610                     |0.00277260800175625        |
|hipMemcpy                                                     |5              |118762                     |23752                      |0.00258036573547979        |
|hipEventRecord                                                |10             |56171                      |5617                       |0.00122043855549448        |
|hipMemGetInfo                                                 |1              |12640                      |12640                      |0.000274631808966374       |
|hipGetDevice                                                  |64             |12250                      |191                        |0.000266158200936557       |
|hipSetDevice                                                  |61             |11670                      |191                        |0.000253556424892214       |
|hipGetDeviceProperties                                        |9              |9910                       |1101                       |0.000215316552757656       |
|hipEventElapsedTime                                           |5              |8351                       |1670                       |0.000181443847838465       |
|hiprtcGetCode                                                 |7              |6020                       |860                        |0.000130797744460251       |
|hipStreamCreate                                               |1              |3340                       |3340                       |7.25688482553553e-05       |
|__hipPushCallConfiguration                                    |6              |3300                       |550                        |7.16997602522971e-05       |
|__hipPopCallConfiguration                                     |6              |3190                       |531                        |6.93097682438872e-05       |
|hipEventCreate                                                |2              |2740                       |1370                       |5.95325282094831e-05       |
|hipEventDestroy                                               |2              |2360                       |1180                       |5.12761921804307e-05       |
|hiprtcGetCodeSize                                             |7              |1910                       |272                        |4.14989521460265e-05       |
|hipGetLastError                                               |6              |1280                       |213                        |2.78108160978607e-05       |
|hipGetDeviceCount                                             |1              |820                        |820                        |1.7816304062692e-05        |
---------------------------------------------------------------------------------------------------------------------------------------------------------------------
|Total                                                         |314            |4602525850                 |14657725                   |100.0                      |
---------------------------------------------------------------------------------------------------------------------------------------------------------------------
---------------------------------------------------------------------------------------------------------------------------------------------------------------------
HIP_PROF:IP:[31m12.5.2.3[0m HIPOPS API statistics
---------------------------------------------------------------------------------------------------------------------------------------------------------------------
|Name                                                          |Calls          |TotalDurationNs            |AverageNs                  |Percentage                 |
---------------------------------------------------------------------------------------------------------------------------------------------------------------------
|void generate_random_interleaved_data_kernel<input_val_1D<u...|6              |1312776776                 |218796129                  |75.632                     |
|transpose_rtc_tile32x32_dim2_dp_CI_CI_diag_aligned            |12             |176941413                  |14745117                   |10.194                     |
|transpose_rtc_tile32x32_dim2_dp_CI_CI_twd3step_fwd_diag_ali...|6              |91274384                   |15212397                   |5.259                      |
|fft_rtc_fwd_len_512_factors_8_8_8_wgs_64_tpt_64_halfLds_dp_...|6              |78200307                   |13033384                   |4.505                      |
|fft_rtc_fwd_len_1024_factors_8_8_4_4_wgs_128_tpt_128_halfLd...|6              |76506708                   |12751118                   |4.408                      |
|twiddle_gen_radices_dp                                        |2              |26880                      |13440                      |0.002                      |
|twiddle_gen_large_dp                                          |1              |5760                       |5760                       |0.0                        |
---------------------------------------------------------------------------------------------------------------------------------------------------------------------
|Total                                                         |39             |1735732228                 |44505954                   |100.0                      |
---------------------------------------------------------------------------------------------------------------------------------------------------------------------
HIP_PROF:finish
=== Done Mon Jul 27 15:48:50 CST 2026 ===

===== pmc_full_20260727_154804.csv.csv (40 lines) =====
   Index              KernelName  gpu-id  queue-id  queue-index      pid      tid   grd   wgr  lds  scr  arch_vgpr  accum_vgpr  sgpr  wave_size             sig  GRBM_COUNT  GRBM_GUI_ACTIVE  SQ_ACTIVE_INST_VALU  SQ_INSTS_FLAT_LDS_ONLY  SQ_INSTS_LDS  SQ_INSTS_VALU  SQ_INSTS_VMEM_RD  SQ_INSTS_VMEM_WR  SQ_LDS_BANK_CONFLICT  SQ_WAIT_INST_LDS  TA_FLAT_READ_WAVEFRONTS[0]  TA_FLAT_READ_WAVEFRONTS[1]  TA_FLAT_READ_WAVEFRONTS[2]  TA_FLAT_READ_WAVEFRONTS[3]  TA_FLAT_READ_WAVEFRONTS[4]  TA_FLAT_READ_WAVEFRONTS[5]  TA_FLAT_READ_WAVEFRONTS[6]  TA_FLAT_READ_WAVEFRONTS[7]  TA_FLAT_READ_WAVEFRONTS[8]  TA_FLAT_READ_WAVEFRONTS[9]  TA_FLAT_READ_WAVEFRONTS[10]  TA_FLAT_READ_WAVEFRONTS[11]  TA_FLAT_READ_WAVEFRONTS[12]  TA_FLAT_READ_WAVEFRONTS[13]  TA_FLAT_READ_WAVEFRONTS[14]  TA_FLAT_READ_WAVEFRONTS[15]  TA_TA_BUSY[0]  TA_TA_BUSY[1]  TA_TA_BUSY[2]  TA_TA_BUSY[3]  TA_TA_BUSY[4]  TA_TA_BUSY[5]  TA_TA_BUSY[6]  TA_TA_BUSY[7]  TA_TA_BUSY[8]  TA_TA_BUSY[9]  TA_TA_BUSY[10]  TA_TA_BUSY[11]  TA_TA_BUSY[12]  TA_TA_BUSY[13]  TA_TA_BUSY[14]  TA_TA_BUSY[15]  TCC_EA_WRREQ_STALL[0]  TCC_EA_WRREQ_STALL[1]  TCC_EA_WRREQ_STALL[2]  TCC_EA_WRREQ_STALL[3]  TCC_EA_WRREQ_STALL[4]  TCC_EA_WRREQ_STALL[5]  TCC_EA_WRREQ_STALL[6]  TCC_EA_WRREQ_STALL[7]  TCC_EA_WRREQ_STALL[8]  TCC_EA_WRREQ_STALL[9]  TCC_EA_WRREQ_STALL[10]  TCC_EA_WRREQ_STALL[11]  TCC_EA_WRREQ_STALL[12]  TCC_EA_WRREQ_STALL[13]  TCC_EA_WRREQ_STALL[14]  TCC_EA_WRREQ_STALL[15]  TCC_EA_WRREQ_STALL[16]  TCC_EA_WRREQ_STALL[17]  TCC_EA_WRREQ_STALL[18]  TCC_EA_WRREQ_STALL[19]  TCC_EA_WRREQ_STALL[20]  TCC_EA_WRREQ_STALL[21]  TCC_EA_WRREQ_STALL[22]  TCC_EA_WRREQ_STALL[23]  TCC_EA_WRREQ_STALL[24]  TCC_EA_WRREQ_STALL[25]  TCC_EA_WRREQ_STALL[26]  TCC_EA_WRREQ_STALL[27]  TCC_EA_WRREQ_STALL[28]  TCC_EA_WRREQ_STALL[29]  TCC_EA_WRREQ_STALL[30]  TCC_EA_WRREQ_STALL[31]  TCC_EA1_WRREQ_STALL[0]  TCC_EA1_WRREQ_STALL[1]  TCC_EA1_WRREQ_STALL[2]  TCC_EA1_WRREQ_STALL[3]  TCC_EA1_WRREQ_STALL[4]  TCC_EA1_WRREQ_STALL[5]  TCC_EA1_WRREQ_STALL[6]  TCC_EA1_WRREQ_STALL[7]  TCC_EA1_WRREQ_STALL[8]  TCC_EA1_WRREQ_STALL[9]  TCC_EA1_WRREQ_STALL[10]  TCC_EA1_WRREQ_STALL[11]  TCC_EA1_WRREQ_STALL[12]  TCC_EA1_WRREQ_STALL[13]  TCC_EA1_WRREQ_STALL[14]  TCC_EA1_WRREQ_STALL[15]  TCC_EA1_WRREQ_STALL[16]  TCC_EA1_WRREQ_STALL[17]  TCC_EA1_WRREQ_STALL[18]  TCC_EA1_WRREQ_STALL[19]  TCC_EA1_WRREQ_STALL[20]  TCC_EA1_WRREQ_STALL[21]  TCC_EA1_WRREQ_STALL[22]  TCC_EA1_WRREQ_STALL[23]  TCC_EA1_WRREQ_STALL[24]  TCC_EA1_WRREQ_STALL[25]  TCC_EA1_WRREQ_STALL[26]  TCC_EA1_WRREQ_STALL[27]  TCC_EA1_WRREQ_STALL[28]  TCC_EA1_WRREQ_STALL[29]  TCC_EA1_WRREQ_STALL[30]  TCC_EA1_WRREQ_STALL[31]  TCC_HIT[0]  TCC_HIT[1]  TCC_HIT[2]  TCC_HIT[3]  TCC_HIT[4]  TCC_HIT[5]  TCC_HIT[6]  TCC_HIT[7]  TCC_HIT[8]  TCC_HIT[9]  TCC_HIT[10]  TCC_HIT[11]  TCC_HIT[12]  TCC_HIT[13]  TCC_HIT[14]  TCC_HIT[15]  TCC_HIT[16]  TCC_HIT[17]  TCC_HIT[18]  TCC_HIT[19]  TCC_HIT[20]  TCC_HIT[21]  TCC_HIT[22]  TCC_HIT[23]  TCC_HIT[24]  TCC_HIT[25]  TCC_HIT[26]  TCC_HIT[27]  TCC_HIT[28]  TCC_HIT[29]  TCC_HIT[30]  TCC_HIT[31]  TCC_MISS[0]  TCC_MISS[1]  TCC_MISS[2]  TCC_MISS[3]  TCC_MISS[4]  TCC_MISS[5]  TCC_MISS[6]  TCC_MISS[7]  TCC_MISS[8]  TCC_MISS[9]  TCC_MISS[10]  TCC_MISS[11]  TCC_MISS[12]  TCC_MISS[13]  TCC_MISS[14]  TCC_MISS[15]  TCC_MISS[16]  TCC_MISS[17]  TCC_MISS[18]  TCC_MISS[19]  TCC_MISS[20]  TCC_MISS[21]  TCC_MISS[22]  TCC_MISS[23]  TCC_MISS[24]  TCC_MISS[25]  TCC_MISS[26]  TCC_MISS[27]  TCC_MISS[28]  TCC_MISS[29]  TCC_MISS[30]  TCC_MISS[31]  TCP_TCP_TA_DATA_STALL_CYCLES[0]  TCP_TCP_TA_DATA_STALL_CYCLES[1]  TCP_TCP_TA_DATA_STALL_CYCLES[2]  TCP_TCP_TA_DATA_STALL_CYCLES[3]  TCP_TCP_TA_DATA_STALL_CYCLES[4]  TCP_TCP_TA_DATA_STALL_CYCLES[5]  TCP_TCP_TA_DATA_STALL_CYCLES[6]  TCP_TCP_TA_DATA_STALL_CYCLES[7]  TCP_TCP_TA_DATA_STALL_CYCLES[8]  TCP_TCP_TA_DATA_STALL_CYCLES[9]  TCP_TCP_TA_DATA_STALL_CYCLES[10]  TCP_TCP_TA_DATA_STALL_CYCLES[11]  TCP_TCP_TA_DATA_STALL_CYCLES[12]  TCP_TCP_TA_DATA_STALL_CYCLES[13]  TCP_TCP_TA_DATA_STALL_CYCLES[14]  TCP_TCP_TA_DATA_STALL_CYCLES[15]        DispatchNs           BeginNs             EndNs        CompleteNs
0      0  twiddle_gen_radices_dp       0         1            0  3855583  3855583  2048  1024    0    0         32           0    48         64  0x7f52acffdf80       36288            36288                23744                       0             0          23552                96               224                     0                 0                           0                           0                           0                           0                           0                           0                           0                           0                          48                           0                           48                            0                            0                            0                            0                            0              0              0              0              0              0              0              0              0           5177              0            4999               0               0               0               0               0                      0                      0                      0                      0                      0                      0                      0                      0                      0                      0                       0                       0                       0                       0                       0                       0                       0                       0                       0                       0                       0                       0                       0                       0                       0                       0                       0                       0                       0                       0                       0                       0                       0                       0                       0                       0                       0                       0                       0                       0                       0                       0                        0                        0                        0                        0                        0                        0                        0                        0                        0                        0                        0                        0                        0                        0                        0                        0                        0                        0                        0                        0                        0                        0          10          12          12          12          13          12          12          12          16          12           12           12           15           12           18           16           16           12           12           15           12           13           12           15           14           12           12           12           16           12           12           12            6            4            4            4            6            4            4            4            8            5             4             4             7             4             8             8             8             4             4             7             4             5             4             7             6             4             4             4             8             4             5             4                                0                                0                                0                                0                                0                                0                                0                                0                             1043                                0                              1050                                 0                                 0                                 0                                 0                                 0  2330253215086350  2330253220629204  2330253220644564  2330253220655373
1      1    twiddle_gen_large_dp       0         1            2  3855583  3855583  8192  1024    0    0         32           0    32         64  0x7f52acffde80       21450            21450                 2096                       0             0           2096                 0                16                     0                 0                           0                           0                           0                           0                           0                           0                           0                           0                           0                           0                            0                            0                            0                            0                            0                            0            575            668            628            676              0              0            711              0              0           1394             709               0               0               0               0               0                      0                      0                      0                      0                      0                      0                      0                      0                      0                      0                       0                       0                       0                       0                       0                       0                       0                       0                       0                       0                       0                       0                       0                       0                       0                       0                       0                       0                       0                       0                       0                       0                       0                       0                       0                       0                       0                       0                       0                       0                       0                       0                        0                        0                        0                        0                        0                        0                        0                        0                        0                        0                        0                        0                        0                        0                        0                        0                        0                        0                        0                        0                        0                        0          21           0           0           0           0           0           0           0          28           0            0            0           28            0            7            0           28            0            0            0            0           23            0            0           21            0            0            0            0            0            0           28           11            4            8            4            9            4            8            4           12            5             8             4            12             4             9             4            12             4             8             4             8             5             8             4            11             4             8             4             8             4             9             8                              502                              595                              555                              603                                0                                0                              638                                0                                0                             1248                               636                                 0                                 0                                 0                                 0                                 0  2330253343010429  2330253344617857  2330253344622497  2330253344632336
2      2  twiddle_gen_radices_dp       0         1            4  3855583  3855583  8192  1024    0    0         32           0    48         64  0x7f52acffdd80       31586            31586                48352                       0             0          47584               384               400                     0                 0                           0                          48                          96                          48                          48                           0                           0                          48                           0                           0                           96                            0                            0                            0                            0                            0              0           3810           5661           2958           2908              0              0           2856              0              0            6043               0               0               0               0               0                      0                      0                      0                      0                      0                      0                      0                      0                      0                      0                       0                       0                       0                       0                       0                       0                       0                       0                       0                       0                       0                       0                       0                       0                       0                       0                       0                       0                       0                       0                       0                       0                       0                       0                       0                       0                       0                       0                       0                       0                       0                       0                        0                        0                        0                        0                        0                        0                        0                        0                        0                        0                        0                        0                        0                        0                        0                        0                        0                        0                        0                        0                        0                        0          47          18          18          18          26          19          18          22          42          18           19           20           40           19           56           46           46           18           18           40           19           27           19           43           33           19           18           21           46           20           19           19           12            8            8            8           10            8            8            8           10            9             8             8            11             8            12            12            12             8             8            11             8             9             8            11            10             8             8             8            12             8             9             8                                0                              987                             1385                              814                              678                                0                                0                              672                                0                                0                              1527                                 0                                 0                                 0                                 0                                 0  2330253350896352  2330253352005053  2330253352015293  2330253352017217

===== pmc_full_20260727_154804.csv.hipkernel.csv (9 lines) =====
                                                                                                                                                                                                                                                                                                                      Name  Calls  TotalDurationNs  AverageNs  Percentage
0  void generate_random_interleaved_data_kernel<input_val_1D<unsigned long>, double>(input_val_1D<unsigned long>, input_val_1D<unsigned long>, unsigned long, unsigned long, input_val_1D<unsigned long>, rocfft_complex<double>*, input_val_1D<unsigned long>, unsigned long, input_val_1D<unsigned long>, unsigned long)      6       1312773256  218795542      75.631
1                                                                                                                                                                                                                                                                       transpose_rtc_tile32x32_dim2_dp_CI_CI_diag_aligned     12        176953406   14746117      10.195
2                                                                                                                                                                                                                                                          transpose_rtc_tile32x32_dim2_dp_CI_CI_twd3step_fwd_diag_aligned      6         91280142   15213357       5.259

===== pmc_full_20260727_154804.csv.hiptrace.csv (31 lines) =====
                   Name  Calls  TotalDurationNs  AverageNs  Percentage
0   hipEventSynchronize      5       1731876765  346375353   37.242732
1  hiprtcCompileProgram      7       1605387301  229341043   34.522669
2               hipFree     11       1132175439  102925039   24.346597

===== pmc_kernel_sbrr_20260727_154804.csv.csv (13 lines) =====
   Index                                                                                       KernelName  gpu-id  queue-id  queue-index      pid      tid       grd  wgr   lds  scr  arch_vgpr  accum_vgpr  sgpr  wave_size             sig  GRBM_COUNT  GRBM_GUI_ACTIVE  SQ_ACTIVE_INST_VALU  SQ_INSTS_FLAT_LDS_ONLY  SQ_INSTS_LDS  SQ_INSTS_VALU  SQ_INSTS_VMEM_RD  SQ_INSTS_VMEM_WR  SQ_LDS_BANK_CONFLICT  SQ_WAIT_INST_LDS  TA_FLAT_READ_WAVEFRONTS[0]  TA_FLAT_READ_WAVEFRONTS[1]  TA_FLAT_READ_WAVEFRONTS[2]  TA_FLAT_READ_WAVEFRONTS[3]  TA_FLAT_READ_WAVEFRONTS[4]  TA_FLAT_READ_WAVEFRONTS[5]  TA_FLAT_READ_WAVEFRONTS[6]  TA_FLAT_READ_WAVEFRONTS[7]  TA_FLAT_READ_WAVEFRONTS[8]  TA_FLAT_READ_WAVEFRONTS[9]  TA_FLAT_READ_WAVEFRONTS[10]  TA_FLAT_READ_WAVEFRONTS[11]  TA_FLAT_READ_WAVEFRONTS[12]  TA_FLAT_READ_WAVEFRONTS[13]  TA_FLAT_READ_WAVEFRONTS[14]  TA_FLAT_READ_WAVEFRONTS[15]  TA_TA_BUSY[0]  TA_TA_BUSY[1]  TA_TA_BUSY[2]  TA_TA_BUSY[3]  TA_TA_BUSY[4]  TA_TA_BUSY[5]  TA_TA_BUSY[6]  TA_TA_BUSY[7]  TA_TA_BUSY[8]  TA_TA_BUSY[9]  TA_TA_BUSY[10]  TA_TA_BUSY[11]  TA_TA_BUSY[12]  TA_TA_BUSY[13]  TA_TA_BUSY[14]  TA_TA_BUSY[15]  TCC_EA_WRREQ_STALL[0]  TCC_EA_WRREQ_STALL[1]  TCC_EA_WRREQ_STALL[2]  TCC_EA_WRREQ_STALL[3]  TCC_EA_WRREQ_STALL[4]  TCC_EA_WRREQ_STALL[5]  TCC_EA_WRREQ_STALL[6]  TCC_EA_WRREQ_STALL[7]  TCC_EA_WRREQ_STALL[8]  TCC_EA_WRREQ_STALL[9]  TCC_EA_WRREQ_STALL[10]  TCC_EA_WRREQ_STALL[11]  TCC_EA_WRREQ_STALL[12]  TCC_EA_WRREQ_STALL[13]  TCC_EA_WRREQ_STALL[14]  TCC_EA_WRREQ_STALL[15]  TCC_EA_WRREQ_STALL[16]  TCC_EA_WRREQ_STALL[17]  TCC_EA_WRREQ_STALL[18]  TCC_EA_WRREQ_STALL[19]  TCC_EA_WRREQ_STALL[20]  TCC_EA_WRREQ_STALL[21]  TCC_EA_WRREQ_STALL[22]  TCC_EA_WRREQ_STALL[23]  TCC_EA_WRREQ_STALL[24]  TCC_EA_WRREQ_STALL[25]  TCC_EA_WRREQ_STALL[26]  TCC_EA_WRREQ_STALL[27]  TCC_EA_WRREQ_STALL[28]  TCC_EA_WRREQ_STALL[29]  TCC_EA_WRREQ_STALL[30]  TCC_EA_WRREQ_STALL[31]  TCC_EA1_WRREQ_STALL[0]  TCC_EA1_WRREQ_STALL[1]  TCC_EA1_WRREQ_STALL[2]  TCC_EA1_WRREQ_STALL[3]  TCC_EA1_WRREQ_STALL[4]  TCC_EA1_WRREQ_STALL[5]  TCC_EA1_WRREQ_STALL[6]  TCC_EA1_WRREQ_STALL[7]  TCC_EA1_WRREQ_STALL[8]  TCC_EA1_WRREQ_STALL[9]  TCC_EA1_WRREQ_STALL[10]  TCC_EA1_WRREQ_STALL[11]  TCC_EA1_WRREQ_STALL[12]  TCC_EA1_WRREQ_STALL[13]  TCC_EA1_WRREQ_STALL[14]  TCC_EA1_WRREQ_STALL[15]  TCC_EA1_WRREQ_STALL[16]  TCC_EA1_WRREQ_STALL[17]  TCC_EA1_WRREQ_STALL[18]  TCC_EA1_WRREQ_STALL[19]  TCC_EA1_WRREQ_STALL[20]  TCC_EA1_WRREQ_STALL[21]  TCC_EA1_WRREQ_STALL[22]  TCC_EA1_WRREQ_STALL[23]  TCC_EA1_WRREQ_STALL[24]  TCC_EA1_WRREQ_STALL[25]  TCC_EA1_WRREQ_STALL[26]  TCC_EA1_WRREQ_STALL[27]  TCC_EA1_WRREQ_STALL[28]  TCC_EA1_WRREQ_STALL[29]  TCC_EA1_WRREQ_STALL[30]  TCC_EA1_WRREQ_STALL[31]  TCC_HIT[0]  TCC_HIT[1]  TCC_HIT[2]  TCC_HIT[3]  TCC_HIT[4]  TCC_HIT[5]  TCC_HIT[6]  TCC_HIT[7]  TCC_HIT[8]  TCC_HIT[9]  TCC_HIT[10]  TCC_HIT[11]  TCC_HIT[12]  TCC_HIT[13]  TCC_HIT[14]  TCC_HIT[15]  TCC_HIT[16]  TCC_HIT[17]  TCC_HIT[18]  TCC_HIT[19]  TCC_HIT[20]  TCC_HIT[21]  TCC_HIT[22]  TCC_HIT[23]  TCC_HIT[24]  TCC_HIT[25]  TCC_HIT[26]  TCC_HIT[27]  TCC_HIT[28]  TCC_HIT[29]  TCC_HIT[30]  TCC_HIT[31]  TCC_MISS[0]  TCC_MISS[1]  TCC_MISS[2]  TCC_MISS[3]  TCC_MISS[4]  TCC_MISS[5]  TCC_MISS[6]  TCC_MISS[7]  TCC_MISS[8]  TCC_MISS[9]  TCC_MISS[10]  TCC_MISS[11]  TCC_MISS[12]  TCC_MISS[13]  TCC_MISS[14]  TCC_MISS[15]  TCC_MISS[16]  TCC_MISS[17]  TCC_MISS[18]  TCC_MISS[19]  TCC_MISS[20]  TCC_MISS[21]  TCC_MISS[22]  TCC_MISS[23]  TCC_MISS[24]  TCC_MISS[25]  TCC_MISS[26]  TCC_MISS[27]  TCC_MISS[28]  TCC_MISS[29]  TCC_MISS[30]  TCC_MISS[31]  TCP_TCP_TA_DATA_STALL_CYCLES[0]  TCP_TCP_TA_DATA_STALL_CYCLES[1]  TCP_TCP_TA_DATA_STALL_CYCLES[2]  TCP_TCP_TA_DATA_STALL_CYCLES[3]  TCP_TCP_TA_DATA_STALL_CYCLES[4]  TCP_TCP_TA_DATA_STALL_CYCLES[5]  TCP_TCP_TA_DATA_STALL_CYCLES[6]  TCP_TCP_TA_DATA_STALL_CYCLES[7]  TCP_TCP_TA_DATA_STALL_CYCLES[8]  TCP_TCP_TA_DATA_STALL_CYCLES[9]  TCP_TCP_TA_DATA_STALL_CYCLES[10]  TCP_TCP_TA_DATA_STALL_CYCLES[11]  TCP_TCP_TA_DATA_STALL_CYCLES[12]  TCP_TCP_TA_DATA_STALL_CYCLES[13]  TCP_TCP_TA_DATA_STALL_CYCLES[14]  TCP_TCP_TA_DATA_STALL_CYCLES[15]        DispatchNs           BeginNs             EndNs        CompleteNs
0      0          fft_rtc_fwd_len_512_factors_8_8_8_wgs_64_tpt_64_halfLds_dp_ip_CI_unitstride_sbrr_dirReg       0         0           29  3856113  3856113  65536000   64  4096    0         64           0    32         64  0x7f368c9fe580    19579494         19579494            324608000                       0      49152000      324608000          22528000           8192000             262144000          59906634                     1128622                     1127522                     2255352                     2253570                     2253636                     2253548                     2252448                     2250952                     2251084                     2250556                      2250710                            0                            0                            0                            0                            0       70181236       69048397      139696006      139770020      139979264      140219582      140424187      140810351      141018670      141206036       141790249               0               0               0               0               0                7813791                6906190                6885399                6602255                6337079                6607332                6277023                7124084                6990356                6389927                 6840345                 6450320                 6335800                 6074998                 6831914                 6617555                 6738286                 7091631                 6227128                 6726652                 6280616                 6725237                 6793067                 6493461                 6425091                 6108546                 7073613                 6747958                 6748926                 6483951                 6573463                 6547295                       0                       0                       0                       0                       0                       0                       0                       0                       0                       0                        0                        0                        0                        0                        0                        0                        0                        0                        0                        0                        0                        0                        0                        0                        0                        0                        0                        0                        0                        0                        0                        0      735353     1009558     1130777      945340     1103114     1114786     1083733     1114069      988578     1104918      1099907      1102612      1131736      1135983       989423       754534      1105019      1080523      1108729       733430      1114396      1132778      1112310       992912      1013963       988740      1012525      1100909      1080630      1099788      1081965       745065      5567332      5571080      5571697      5571191      5568601      5569627      5567397      5570383      5570873      5570487       5572068       5571164       5570697       5567089       5570249       5570528       5569750       5568938       5566760       5569900       5569612       5570214       5573634       5567373       5568005       5571486       5569616       5570916       5570440       5572220       5569235       5571494                         11999080                         11310646                         23677832                         23828070                         23857111                         24183445                         24381949                         24486711                         24563088                         24861898                          25071284                                 0                                 0                                 0                                 0                                 0  2330275321988853  2330275555514248  2330275568550412  2330275568586652
1      1  fft_rtc_fwd_len_1024_factors_8_8_4_4_wgs_128_tpt_128_halfLds_dp_op_CI_CI_unitstride_sbrr_dirReg       0         0           31  3856113  3856113  65536000  128  8192    0         64           0    32         64  0x7f368c9ff480    19154089         19154089            397312000                       0      73728000      397312000          24576000           8192000             262144000         196909850                     1234560                     1233456                     2466624                     2460048                     2462064                     2459616                     2459664                     2452704                     2449632                     2449536                      2448096                            0                            0                            0                            0                            0       66387974       66468327      132960080      132966544      133040219      132923843      133055965      133040930      133117942      133164837       133140111               0               0               0               0               0                5621428                5420371                5382623                5499196                5570774                5191280                5559565                5203749                6641370                5159695                 5392607                 5596808                 5290898                 5510154                 5706217                 5563703                 5291532                 5367410                 5539389                 5528857                 5398754                 5417910                 5354159                 5824523                 5510316                 5516822                 5452339                 5687711                 5531212                 5108828                 5659231                 5446446                       0                       0                       0                       0                       0                       0                       0                       0                       0                       0                        0                        0                        0                        0                        0                        0                        0                        0                        0                        0                        0                        0                        0                        0                        0                        0                        0                        0                        0                        0                        0                        0     2329911     2135588     2324572     2129851     2325612     2135592     2325470     1914810     1741492     2135639      2325612      2021655      2329844      2135591      2324572      2129996      2329844      2135592      2324572      2129996      2327730      2135635      2325612      1929459      2325612      2135592      2325422      1922059      2329843      2229988      2325091      2129808      6144013      6144012      6144012      6144014      6144012      6144008      6144011      6144012      6144010      6144009       6144012       6144014       6144012       6144010       6144012       6144012       6144012       6144008       6144012       6144012       6144013       6144013       6144012       6144012       6144012       6144008       6144010       6144015       6144013       6144008       6144013       6144008                         15049075                         15192334                         30287958                         30520545                         30355994                         30508750                         30386187                         30482204                         30629420                         30706408                          30819756                                 0                                 0                                 0                                 0                                 0  2330275326188951  2330275584667857  2330275597421942  2330275597443534
2      2          fft_rtc_fwd_len_512_factors_8_8_8_wgs_64_tpt_64_halfLds_dp_ip_CI_unitstride_sbrr_dirReg       0         0           36  3856113  3856113  65536000   64  4096    0         64           0    32         64  0x7f368c9ff200    19585635         19585635            324608000                       0      49152000      324608000          22528000           8192000             262144000          59882521                     1128094                     1127390                     2256188                     2253966                     2254142                     2253548                     2252338                     2250270                     2251986                     2250050                      2250028                            0                            0                            0                            0                            0       70628404       67963915      138959834      139506700      139521100      139703038      139720598      140458481      140234492      140835200       140863304               0               0               0               0               0                7824147                6523897                6400688                6609366                6129634                6819345                6651334                6515397                6366413                6478395                 6383407                 6316961                 6444703                 6829818                 6908876                 6751411                 6799794                 6630245                 6080914                 6261933                 6422302                 6608115                 6328788                 6326560                 6489252                 6225210                 6355962                 6514674                 6624622                 6292277                 6523051                 6461420                       0                       0                       0                       0                       0                       0                       0                       0                       0                       0                        0                        0                        0                        0                        0                        0                        0                        0                        0                        0                        0                        0                        0                        0                        0                        0                        0                        0                        0                        0                        0                        0      766665     1044094     1162413      977660     1132977     1144527     1113157     1146733     1022332     1137502      1128978      1137195      1164941      1167757      1022099       788504      1136101      1112353      1138803       767139      1143762      1165124      1141390      1023660      1048809      1020768      1045530      1135727      1111874      1132804      1113389       780337      5535372      5535088      5538310      5538975      5536360      5537867      5535505      5535706      5535083      5535756       5540614       5534481       5535744       5533518       5535528       5537357       5536591       5534732       5534544       5536655       5538267       5536095       5542500       5534600       5531679       5537531       5535134       5533717       5536714       5536823       5535332       5536354                         12192801                         10877390                         23280125                         23679620                         23740077                         23762403                         23801207                         24468371                         24142295                         24407085                          24475297                                 0                                 0                                 0                                 0                                 0  2330275327602337  2330275846636890  2330275859678010  2330275859700648

===== pmc_kernel_sbrr_20260727_154804.csv.hipkernel.csv (9 lines) =====
                                                                                                                                                                                                                                                                                                                      Name  Calls  TotalDurationNs  AverageNs  Percentage
0  void generate_random_interleaved_data_kernel<input_val_1D<unsigned long>, double>(input_val_1D<unsigned long>, input_val_1D<unsigned long>, unsigned long, unsigned long, input_val_1D<unsigned long>, rocfft_complex<double>*, input_val_1D<unsigned long>, unsigned long, input_val_1D<unsigned long>, unsigned long)      6       1312776690  218796115      75.629
1                                                                                                                                                                                                                                                                       transpose_rtc_tile32x32_dim2_dp_CI_CI_diag_aligned     12        176973095   14747757      10.195
2                                                                                                                                                                                                                                                          transpose_rtc_tile32x32_dim2_dp_CI_CI_twd3step_fwd_diag_aligned      6         91273589   15212264       5.258

===== pmc_kernel_sbrr_20260727_154804.csv.hiptrace.csv (31 lines) =====
                   Name  Calls  TotalDurationNs  AverageNs  Percentage
0   hipEventSynchronize      5       1730437190  346087438   40.490061
1  hiprtcCompileProgram      7       1267990812  181141544   29.669396
2               hipFree     11       1132026839  102911530   26.488009

===== pmc_kernel_transpose_20260727_154804.csv.csv (19 lines) =====
   Index                                                       KernelName  gpu-id  queue-id  queue-index      pid      tid        grd   wgr    lds  scr  arch_vgpr  accum_vgpr  sgpr  wave_size             sig  GRBM_COUNT  GRBM_GUI_ACTIVE  SQ_ACTIVE_INST_VALU  SQ_INSTS_FLAT_LDS_ONLY  SQ_INSTS_LDS  SQ_INSTS_VALU  SQ_INSTS_VMEM_RD  SQ_INSTS_VMEM_WR  SQ_LDS_BANK_CONFLICT  SQ_WAIT_INST_LDS  TA_FLAT_READ_WAVEFRONTS[0]  TA_FLAT_READ_WAVEFRONTS[1]  TA_FLAT_READ_WAVEFRONTS[2]  TA_FLAT_READ_WAVEFRONTS[3]  TA_FLAT_READ_WAVEFRONTS[4]  TA_FLAT_READ_WAVEFRONTS[5]  TA_FLAT_READ_WAVEFRONTS[6]  TA_FLAT_READ_WAVEFRONTS[7]  TA_FLAT_READ_WAVEFRONTS[8]  TA_FLAT_READ_WAVEFRONTS[9]  TA_FLAT_READ_WAVEFRONTS[10]  TA_FLAT_READ_WAVEFRONTS[11]  TA_FLAT_READ_WAVEFRONTS[12]  TA_FLAT_READ_WAVEFRONTS[13]  TA_FLAT_READ_WAVEFRONTS[14]  TA_FLAT_READ_WAVEFRONTS[15]  TA_TA_BUSY[0]  TA_TA_BUSY[1]  TA_TA_BUSY[2]  TA_TA_BUSY[3]  TA_TA_BUSY[4]  TA_TA_BUSY[5]  TA_TA_BUSY[6]  TA_TA_BUSY[7]  TA_TA_BUSY[8]  TA_TA_BUSY[9]  TA_TA_BUSY[10]  TA_TA_BUSY[11]  TA_TA_BUSY[12]  TA_TA_BUSY[13]  TA_TA_BUSY[14]  TA_TA_BUSY[15]  TCC_EA_WRREQ_STALL[0]  TCC_EA_WRREQ_STALL[1]  TCC_EA_WRREQ_STALL[2]  TCC_EA_WRREQ_STALL[3]  TCC_EA_WRREQ_STALL[4]  TCC_EA_WRREQ_STALL[5]  TCC_EA_WRREQ_STALL[6]  TCC_EA_WRREQ_STALL[7]  TCC_EA_WRREQ_STALL[8]  TCC_EA_WRREQ_STALL[9]  TCC_EA_WRREQ_STALL[10]  TCC_EA_WRREQ_STALL[11]  TCC_EA_WRREQ_STALL[12]  TCC_EA_WRREQ_STALL[13]  TCC_EA_WRREQ_STALL[14]  TCC_EA_WRREQ_STALL[15]  TCC_EA_WRREQ_STALL[16]  TCC_EA_WRREQ_STALL[17]  TCC_EA_WRREQ_STALL[18]  TCC_EA_WRREQ_STALL[19]  TCC_EA_WRREQ_STALL[20]  TCC_EA_WRREQ_STALL[21]  TCC_EA_WRREQ_STALL[22]  TCC_EA_WRREQ_STALL[23]  TCC_EA_WRREQ_STALL[24]  TCC_EA_WRREQ_STALL[25]  TCC_EA_WRREQ_STALL[26]  TCC_EA_WRREQ_STALL[27]  TCC_EA_WRREQ_STALL[28]  TCC_EA_WRREQ_STALL[29]  TCC_EA_WRREQ_STALL[30]  TCC_EA_WRREQ_STALL[31]  TCC_EA1_WRREQ_STALL[0]  TCC_EA1_WRREQ_STALL[1]  TCC_EA1_WRREQ_STALL[2]  TCC_EA1_WRREQ_STALL[3]  TCC_EA1_WRREQ_STALL[4]  TCC_EA1_WRREQ_STALL[5]  TCC_EA1_WRREQ_STALL[6]  TCC_EA1_WRREQ_STALL[7]  TCC_EA1_WRREQ_STALL[8]  TCC_EA1_WRREQ_STALL[9]  TCC_EA1_WRREQ_STALL[10]  TCC_EA1_WRREQ_STALL[11]  TCC_EA1_WRREQ_STALL[12]  TCC_EA1_WRREQ_STALL[13]  TCC_EA1_WRREQ_STALL[14]  TCC_EA1_WRREQ_STALL[15]  TCC_EA1_WRREQ_STALL[16]  TCC_EA1_WRREQ_STALL[17]  TCC_EA1_WRREQ_STALL[18]  TCC_EA1_WRREQ_STALL[19]  TCC_EA1_WRREQ_STALL[20]  TCC_EA1_WRREQ_STALL[21]  TCC_EA1_WRREQ_STALL[22]  TCC_EA1_WRREQ_STALL[23]  TCC_EA1_WRREQ_STALL[24]  TCC_EA1_WRREQ_STALL[25]  TCC_EA1_WRREQ_STALL[26]  TCC_EA1_WRREQ_STALL[27]  TCC_EA1_WRREQ_STALL[28]  TCC_EA1_WRREQ_STALL[29]  TCC_EA1_WRREQ_STALL[30]  TCC_EA1_WRREQ_STALL[31]  TCC_HIT[0]  TCC_HIT[1]  TCC_HIT[2]  TCC_HIT[3]  TCC_HIT[4]  TCC_HIT[5]  TCC_HIT[6]  TCC_HIT[7]  TCC_HIT[8]  TCC_HIT[9]  TCC_HIT[10]  TCC_HIT[11]  TCC_HIT[12]  TCC_HIT[13]  TCC_HIT[14]  TCC_HIT[15]  TCC_HIT[16]  TCC_HIT[17]  TCC_HIT[18]  TCC_HIT[19]  TCC_HIT[20]  TCC_HIT[21]  TCC_HIT[22]  TCC_HIT[23]  TCC_HIT[24]  TCC_HIT[25]  TCC_HIT[26]  TCC_HIT[27]  TCC_HIT[28]  TCC_HIT[29]  TCC_HIT[30]  TCC_HIT[31]  TCC_MISS[0]  TCC_MISS[1]  TCC_MISS[2]  TCC_MISS[3]  TCC_MISS[4]  TCC_MISS[5]  TCC_MISS[6]  TCC_MISS[7]  TCC_MISS[8]  TCC_MISS[9]  TCC_MISS[10]  TCC_MISS[11]  TCC_MISS[12]  TCC_MISS[13]  TCC_MISS[14]  TCC_MISS[15]  TCC_MISS[16]  TCC_MISS[17]  TCC_MISS[18]  TCC_MISS[19]  TCC_MISS[20]  TCC_MISS[21]  TCC_MISS[22]  TCC_MISS[23]  TCC_MISS[24]  TCC_MISS[25]  TCC_MISS[26]  TCC_MISS[27]  TCC_MISS[28]  TCC_MISS[29]  TCC_MISS[30]  TCC_MISS[31]  TCP_TCP_TA_DATA_STALL_CYCLES[0]  TCP_TCP_TA_DATA_STALL_CYCLES[1]  TCP_TCP_TA_DATA_STALL_CYCLES[2]  TCP_TCP_TA_DATA_STALL_CYCLES[3]  TCP_TCP_TA_DATA_STALL_CYCLES[4]  TCP_TCP_TA_DATA_STALL_CYCLES[5]  TCP_TCP_TA_DATA_STALL_CYCLES[6]  TCP_TCP_TA_DATA_STALL_CYCLES[7]  TCP_TCP_TA_DATA_STALL_CYCLES[8]  TCP_TCP_TA_DATA_STALL_CYCLES[9]  TCP_TCP_TA_DATA_STALL_CYCLES[10]  TCP_TCP_TA_DATA_STALL_CYCLES[11]  TCP_TCP_TA_DATA_STALL_CYCLES[12]  TCP_TCP_TA_DATA_STALL_CYCLES[13]  TCP_TCP_TA_DATA_STALL_CYCLES[14]  TCP_TCP_TA_DATA_STALL_CYCLES[15]        DispatchNs           BeginNs             EndNs        CompleteNs
0      0               transpose_rtc_tile32x32_dim2_dp_CI_CI_diag_aligned       0         0           28  3856287  3856287  524288000  1024  16384    0         12           0    32         64  0x7fbdffffe600    22135043         22135043            319488000                       0      16384000      270336000           8192000           8192000             458752000         167964261                      411200                      411232                      821392                      820544                      819600                      819536                      819024                      818624                      817376                      817280                       816192                            0                            0                            0                            0                            0       22834200       22834632       45874547       45830094       45885705       45876861       45888543       45951036       45969377       45993600        46087900               0               0               0               0               0                 953949                 985093                 861595                 848204                 963081                 880448                 986420                1019804                 951910                 925589                  893186                  888111                  990392                  901978                  921720                 1050521                  920436                  868276                 1003192                  963827                  986454                 1056048                  972763                  960037                  938543                  937803                  941869                  855954                 1669092                  978719                  959923                 1013598                       0                       0                       0                       0                       0                       0                       0                       0                       0                       0                        0                        0                        0                        0                        0                        0                        0                        0                        0                        0                        0                        0                        0                        0                        0                        0                        0                        0                        0                        0                        0                        0        1883        1859        3146        2000        3243        2798        3253        2476        3610        4422         2876         2141         2606         2024         3515         2117         3383         1934         3159         2110         3303         4330         3280         1849         3322         2321         2514         2109        58827         2476         3160         1838      6144024      6144024      6144035      6144021      6144033      6144027      6144032      6144022      6144035      6144031       6144030       6144024       6144025       6144021       6144036       6144023       6144036       6144023       6144037       6144023       6144033       6144028       6144032       6144023       6144034       6144027       6144031       6144023       6144419       6144021       6144034       6144024                          5604489                          5593370                         11500272                         11432333                         11558850                         11483793                         11556118                         11629788                         11714147                         11729705                          11875336                                 0                                 0                                 0                                 0                                 0  2330282582186559  2330282800981721  2330282815721723  2330282815756293
1      1  transpose_rtc_tile32x32_dim2_dp_CI_CI_twd3step_fwd_diag_aligned       0         0           30  3856287  3856287  524288000  1024  16384    0         24           0    32         64  0x7fbdffffe500    22839654         22839654            491520000                       0      16384000      442368000          32768000           8192000             458752000          29596347                     1651520                     1648256                     3295552                     3288704                     3282624                     3276928                     3273984                     3270208                     3264704                     3258368                      3257152                            0                            0                            0                            0                            0       66842068       66792573      133667975      133634215      133668996      133652085      133573001      133629466      133737972      133821116       133661847               0               0               0               0               0                  20261                  20683                  18157                  23627                  20057                  22320                  15102                  17379                  17812                  19453                   24771                   20984                   20600                   24109                   17458                   27106                   20885                   18367                   22006                   19505                   28197                   23542                   20023                   21023                   24253                   15952                   19061                   18776                   15584                   16612                   18074                   21106                       0                       0                       0                       0                       0                       0                       0                       0                       0                       0                        0                        0                        0                        0                        0                        0                        0                        0                        0                        0                        0                        0                        0                        0                        0                        0                        0                        0                        0                        0                        0                        0      470932      593792      458614      548422      456186      580890      461011      528164      455672      577349       461416       534793       458206       593436       454828       549039       462368       590143       458220       552129       628056       576253       458513       532380       461464       569972       461373       533670       467091       590355       458803       549875      6144287      6144040      6144028      6144040      6144028      6144035      6144031      6144040      6144020      6144031       6144028       6144040       6144028       6144039       6144028       6144040       6144029       6144039       6144028       6144040       6144031       6144031       6144028       6144039       6144028       6144040       6144032       6144040       6144157       6144039       6144028       6144040                          2382639                          2479036                          4922917                          4926141                          4966110                          5024398                          5038618                          5067918                          5156936                          5199578                           5261058                                 0                                 0                                 0                                 0                                 0  2330282586394386  2330282829642044  2330282844853727  2330282844873675
2      2               transpose_rtc_tile32x32_dim2_dp_CI_CI_diag_aligned       0         0           32  3856287  3856287  524288000  1024  16384    0         12           0    32         64  0x7fbdfffff400    22141598         22141598            319488000                       0      16384000      270336000           8192000           8192000             458752000         162053517                      411040                      410976                      820160                      820576                      819776                      819504                      819568                      818464                      817824                      817152                       816960                            0                            0                            0                            0                            0       20638052       20722502       41420744       41489428       41535722       41615143       41589446       41650469       41692876       41752355        41784776               0               0               0               0               0                 481203                 497574                 501338                 427339                 477840                 627779                 505140                 490401                 490523                 516318                  397955                  521618                  499658                  564589                  480283                  444818                  487838                  546146                  561825                  488135                  438875                  456152                  492391                  513055                  420377                  411266                  521643                  486873                  509127                  584626                  485137                  475445                       0                       0                       0                       0                       0                       0                       0                       0                       0                       0                        0                        0                        0                        0                        0                        0                        0                        0                        0                        0                        0                        0                        0                        0                        0                        0                        0                        0                        0                        0                        0                        0           0          63           0           0           0           0         188           0           0           0           94            0            0            0            0            0            0            0            0            0            0            0           47            0            0            0          188            0           83            0            0            0      6144000      6144002      6144000      6144000      6144000      6144000      6144004      6144000      6144000      6144000       6144002       6144000       6144000       6144000       6144001       6144000       6144000       6144000       6144000       6144000       6144000       6144000       6144001       6144000       6144000       6144000       6144004       6144000       6144001       6144000       6144000       6144000                          3612507                          3731511                          7504987                          7593073                          7636769                          7691559                          7744915                          7800289                          7912804                          8035370                           8078436                                 0                                 0                                 0                                 0                                 0  2330282587753282  2330282858508129  2330282873254051  2330282873272765

===== pmc_kernel_transpose_20260727_154804.csv.hipkernel.csv (9 lines) =====
                                                                                                                                                                                                                                                                                                                      Name  Calls  TotalDurationNs  AverageNs  Percentage
0  void generate_random_interleaved_data_kernel<input_val_1D<unsigned long>, double>(input_val_1D<unsigned long>, input_val_1D<unsigned long>, unsigned long, unsigned long, input_val_1D<unsigned long>, rocfft_complex<double>*, input_val_1D<unsigned long>, unsigned long, input_val_1D<unsigned long>, unsigned long)      6       1312776776  218796129      75.632
1                                                                                                                                                                                                                                                                       transpose_rtc_tile32x32_dim2_dp_CI_CI_diag_aligned     12        176941413   14745117      10.194
2                                                                                                                                                                                                                                                          transpose_rtc_tile32x32_dim2_dp_CI_CI_twd3step_fwd_diag_aligned      6         91274384   15212397       5.259

===== pmc_kernel_transpose_20260727_154804.csv.hiptrace.csv (31 lines) =====
                   Name  Calls  TotalDurationNs  AverageNs  Percentage
0   hipEventSynchronize      5       1726549052  345309810   37.513077
1  hiprtcCompileProgram      7       1596631427  228090203   34.690330
2               hipFree     11       1132190370  102926397   24.599327

===== pmc_read_20260727_154804.csv.csv (40 lines) =====
   Index              KernelName  gpu-id  queue-id  queue-index      pid      tid   grd   wgr  lds  scr  arch_vgpr  accum_vgpr  sgpr  wave_size             sig  GRBM_COUNT  GRBM_GUI_ACTIVE  SQ_ACTIVE_INST_VALU  SQ_INSTS_FLAT_LDS_ONLY  SQ_INSTS_LDS  SQ_INSTS_VALU  SQ_INSTS_VMEM_RD  SQ_INSTS_VMEM_WR  SQ_LDS_BANK_CONFLICT  SQ_WAIT_INST_LDS  TA_FLAT_READ_WAVEFRONTS[0]  TA_FLAT_READ_WAVEFRONTS[1]  TA_FLAT_READ_WAVEFRONTS[2]  TA_FLAT_READ_WAVEFRONTS[3]  TA_FLAT_READ_WAVEFRONTS[4]  TA_FLAT_READ_WAVEFRONTS[5]  TA_FLAT_READ_WAVEFRONTS[6]  TA_FLAT_READ_WAVEFRONTS[7]  TA_FLAT_READ_WAVEFRONTS[8]  TA_FLAT_READ_WAVEFRONTS[9]  TA_FLAT_READ_WAVEFRONTS[10]  TA_FLAT_READ_WAVEFRONTS[11]  TA_FLAT_READ_WAVEFRONTS[12]  TA_FLAT_READ_WAVEFRONTS[13]  TA_FLAT_READ_WAVEFRONTS[14]  TA_FLAT_READ_WAVEFRONTS[15]  TA_TA_BUSY[0]  TA_TA_BUSY[1]  TA_TA_BUSY[2]  TA_TA_BUSY[3]  TA_TA_BUSY[4]  TA_TA_BUSY[5]  TA_TA_BUSY[6]  TA_TA_BUSY[7]  TA_TA_BUSY[8]  TA_TA_BUSY[9]  TA_TA_BUSY[10]  TA_TA_BUSY[11]  TA_TA_BUSY[12]  TA_TA_BUSY[13]  TA_TA_BUSY[14]  TA_TA_BUSY[15]  TCC_EA_RDREQ[0]  TCC_EA_RDREQ[1]  TCC_EA_RDREQ[2]  TCC_EA_RDREQ[3]  TCC_EA_RDREQ[4]  TCC_EA_RDREQ[5]  TCC_EA_RDREQ[6]  TCC_EA_RDREQ[7]  TCC_EA_RDREQ[8]  TCC_EA_RDREQ[9]  TCC_EA_RDREQ[10]  TCC_EA_RDREQ[11]  TCC_EA_RDREQ[12]  TCC_EA_RDREQ[13]  TCC_EA_RDREQ[14]  TCC_EA_RDREQ[15]  TCC_EA_RDREQ[16]  TCC_EA_RDREQ[17]  TCC_EA_RDREQ[18]  TCC_EA_RDREQ[19]  TCC_EA_RDREQ[20]  TCC_EA_RDREQ[21]  TCC_EA_RDREQ[22]  TCC_EA_RDREQ[23]  TCC_EA_RDREQ[24]  TCC_EA_RDREQ[25]  TCC_EA_RDREQ[26]  TCC_EA_RDREQ[27]  TCC_EA_RDREQ[28]  TCC_EA_RDREQ[29]  TCC_EA_RDREQ[30]  TCC_EA_RDREQ[31]  TCC_EA_RDREQ_32B[0]  TCC_EA_RDREQ_32B[1]  TCC_EA_RDREQ_32B[2]  TCC_EA_RDREQ_32B[3]  TCC_EA_RDREQ_32B[4]  TCC_EA_RDREQ_32B[5]  TCC_EA_RDREQ_32B[6]  TCC_EA_RDREQ_32B[7]  TCC_EA_RDREQ_32B[8]  TCC_EA_RDREQ_32B[9]  TCC_EA_RDREQ_32B[10]  TCC_EA_RDREQ_32B[11]  TCC_EA_RDREQ_32B[12]  TCC_EA_RDREQ_32B[13]  TCC_EA_RDREQ_32B[14]  TCC_EA_RDREQ_32B[15]  TCC_EA_RDREQ_32B[16]  TCC_EA_RDREQ_32B[17]  TCC_EA_RDREQ_32B[18]  TCC_EA_RDREQ_32B[19]  TCC_EA_RDREQ_32B[20]  TCC_EA_RDREQ_32B[21]  TCC_EA_RDREQ_32B[22]  TCC_EA_RDREQ_32B[23]  TCC_EA_RDREQ_32B[24]  TCC_EA_RDREQ_32B[25]  TCC_EA_RDREQ_32B[26]  TCC_EA_RDREQ_32B[27]  TCC_EA_RDREQ_32B[28]  TCC_EA_RDREQ_32B[29]  TCC_EA_RDREQ_32B[30]  TCC_EA_RDREQ_32B[31]  TCC_EA1_RDREQ[0]  TCC_EA1_RDREQ[1]  TCC_EA1_RDREQ[2]  TCC_EA1_RDREQ[3]  TCC_EA1_RDREQ[4]  TCC_EA1_RDREQ[5]  TCC_EA1_RDREQ[6]  TCC_EA1_RDREQ[7]  TCC_EA1_RDREQ[8]  TCC_EA1_RDREQ[9]  TCC_EA1_RDREQ[10]  TCC_EA1_RDREQ[11]  TCC_EA1_RDREQ[12]  TCC_EA1_RDREQ[13]  TCC_EA1_RDREQ[14]  TCC_EA1_RDREQ[15]  TCC_EA1_RDREQ[16]  TCC_EA1_RDREQ[17]  TCC_EA1_RDREQ[18]  TCC_EA1_RDREQ[19]  TCC_EA1_RDREQ[20]  TCC_EA1_RDREQ[21]  TCC_EA1_RDREQ[22]  TCC_EA1_RDREQ[23]  TCC_EA1_RDREQ[24]  TCC_EA1_RDREQ[25]  TCC_EA1_RDREQ[26]  TCC_EA1_RDREQ[27]  TCC_EA1_RDREQ[28]  TCC_EA1_RDREQ[29]  TCC_EA1_RDREQ[30]  TCC_EA1_RDREQ[31]  TCC_EA1_RDREQ_32B[0]  TCC_EA1_RDREQ_32B[1]  TCC_EA1_RDREQ_32B[2]  TCC_EA1_RDREQ_32B[3]  TCC_EA1_RDREQ_32B[4]  TCC_EA1_RDREQ_32B[5]  TCC_EA1_RDREQ_32B[6]  TCC_EA1_RDREQ_32B[7]  TCC_EA1_RDREQ_32B[8]  TCC_EA1_RDREQ_32B[9]  TCC_EA1_RDREQ_32B[10]  TCC_EA1_RDREQ_32B[11]  TCC_EA1_RDREQ_32B[12]  TCC_EA1_RDREQ_32B[13]  TCC_EA1_RDREQ_32B[14]  TCC_EA1_RDREQ_32B[15]  TCC_EA1_RDREQ_32B[16]  TCC_EA1_RDREQ_32B[17]  TCC_EA1_RDREQ_32B[18]  TCC_EA1_RDREQ_32B[19]  TCC_EA1_RDREQ_32B[20]  TCC_EA1_RDREQ_32B[21]  TCC_EA1_RDREQ_32B[22]  TCC_EA1_RDREQ_32B[23]  TCC_EA1_RDREQ_32B[24]  TCC_EA1_RDREQ_32B[25]  TCC_EA1_RDREQ_32B[26]  TCC_EA1_RDREQ_32B[27]  TCC_EA1_RDREQ_32B[28]  TCC_EA1_RDREQ_32B[29]  TCC_EA1_RDREQ_32B[30]  TCC_EA1_RDREQ_32B[31]  TCP_TCP_TA_DATA_STALL_CYCLES[0]  TCP_TCP_TA_DATA_STALL_CYCLES[1]  TCP_TCP_TA_DATA_STALL_CYCLES[2]  TCP_TCP_TA_DATA_STALL_CYCLES[3]  TCP_TCP_TA_DATA_STALL_CYCLES[4]  TCP_TCP_TA_DATA_STALL_CYCLES[5]  TCP_TCP_TA_DATA_STALL_CYCLES[6]  TCP_TCP_TA_DATA_STALL_CYCLES[7]  TCP_TCP_TA_DATA_STALL_CYCLES[8]  TCP_TCP_TA_DATA_STALL_CYCLES[9]  TCP_TCP_TA_DATA_STALL_CYCLES[10]  TCP_TCP_TA_DATA_STALL_CYCLES[11]  TCP_TCP_TA_DATA_STALL_CYCLES[12]  TCP_TCP_TA_DATA_STALL_CYCLES[13]  TCP_TCP_TA_DATA_STALL_CYCLES[14]  TCP_TCP_TA_DATA_STALL_CYCLES[15]        DispatchNs           BeginNs             EndNs        CompleteNs
0      0  twiddle_gen_radices_dp       0         1            0  3855767  3855767  2048  1024    0    0         32           0    48         64  0x7f5f707fdf80       35856            35856                23744                       0             0          23552                96               224                     0                 0                           0                           0                          48                           0                          48                           0                           0                           0                           0                           0                            0                            0                            0                            0                            0                            0              0              0           5387              0           5470              0              0              0              0              0               0               0               0               0               0               0                4                1                0                1                1                0                0                0                4                0                 0                 0                 3                 0                 4                 4                 5                 0                 0                 3                 0                 1                 0                 3                 2                 0                 0                 0                 4                 0                 0                 0                    0                    0                    0                    0                    0                    0                    0                    0                    0                    0                     0                     0                     0                     0                     0                     0                     0                     0                     0                     0                     0                     0                     0                     0                     0                     0                     0                     0                     0                     0                     0                     0                 0                 0                 0                 0                 0                 0                 0                 0                 0                 0                  0                  0                  0                  0                  0                  0                  0                  0                  0                  0                  0                  0                  0                  0                  0                  0                  0                  0                  0                  0                  0                  0                     0                     0                     0                     0                     0                     0                     0                     0                     0                     0                      0                      0                      0                      0                      0                      0                      0                      0                      0                      0                      0                      0                      0                      0                      0                      0                      0                      0                      0                      0                      0                      0                                0                                0                             1128                                0                             1103                                0                                0                                0                                0                                0                                 0                                 0                                 0                                 0                                 0                                 0  2330260513947589  2330260518247848  2330260518263048  2330260518274547
1      1    twiddle_gen_large_dp       0         1            2  3855767  3855767  8192  1024    0    0         32           0    32         64  0x7f5f707fde80       21678            21678                 2096                       0             0           2096                 0                16                     0                 0                           0                           0                           0                           0                           0                           0                           0                           0                           0                           0                            0                            0                            0                            0                            0                            0              0            673              0           1446            762           2297              0              0            788              0               0               0               0               0               0               0                3                1                0                1                0                0                0                0                4                0                 0                 0                 4                 0                 1                 0                 5                 0                 0                 0                 0                 1                 0                 0                 3                 0                 0                 0                 0                 0                 0                 4                    0                    0                    0                    0                    0                    0                    0                    0                    0                    0                     0                     0                     0                     0                     0                     0                     0                     0                     0                     0                     0                     0                     0                     0                     0                     0                     0                     0                     0                     0                     0                     0                 0                 0                 0                 0                 0                 0                 0                 0                 0                 0                  0                  0                  0                  0                  0                  0                  0                  0                  0                  0                  0                  0                  0                  0                  0                  0                  0                  0                  0                  0                  0                  0                     0                     0                     0                     0                     0                     0                     0                     0                     0                     0                      0                      0                      0                      0                      0                      0                      0                      0                      0                      0                      0                      0                      0                      0                      0                      0                      0                      0                      0                      0                      0                      0                                0                              600                                0                             1300                              689                             2078                                0                                0                              715                                0                                 0                                 0                                 0                                 0                                 0                                 0  2330260640308861  2330260641695338  2330260641699978  2330260641710927
2      2  twiddle_gen_radices_dp       0         1            4  3855767  3855767  8192  1024    0    0         32           0    48         64  0x7f5f707fdd80       31748            31748                48352                       0             0          47584               384               400                     0                 0                           0                           0                          48                           0                          96                          48                         144                           0                           0                          48                            0                            0                            0                            0                            0                            0              0              0           2839              0           6347           2880           8717              0              0           2744               0               0               0               0               0               0                4                1                0                1                1                0                0                0                4                0                 0                 0                 3                 0                 4                 4                 5                 0                 0                 3                 0                 1                 0                 3                 2                 0                 0                 0                 4                 0                 0                 0                    0                    0                    0                    0                    0                    0                    0                    0                    0                    0                     0                     0                     0                     0                     0                     0                     0                     0                     0                     0                     0                     0                     0                     0                     0                     0                     0                     0                     0                     0                     0                     0                 0                 0                 0                 0                 0                 0                 0                 0                 0                 0                  0                  0                  0                  0                  0                  0                  0                  0                  0                  0                  0                  0                  0                  0                  0                  0                  0                  0                  0                  0                  0                  0                     0                     0                     0                     0                     0                     0                     0                     0                     0                     0                      0                      0                      0                      0                      0                      0                      0                      0                      0                      0                      0                      0                      0                      0                      0                      0                      0                      0                      0                      0                      0                      0                                0                                0                              698                                0                             1553                              730                             2257                                0                                0                              661                                 0                                 0                                 0                                 0                                 0                                 0  2330260644837490  2330260645959495  2330260645969895  2330260645972405

===== pmc_read_20260727_154804.csv.hipkernel.csv (9 lines) =====
                                                                                                                                                                                                                                                                                                                      Name  Calls  TotalDurationNs  AverageNs  Percentage
0  void generate_random_interleaved_data_kernel<input_val_1D<unsigned long>, double>(input_val_1D<unsigned long>, input_val_1D<unsigned long>, unsigned long, unsigned long, input_val_1D<unsigned long>, rocfft_complex<double>*, input_val_1D<unsigned long>, unsigned long, input_val_1D<unsigned long>, unsigned long)      6       1312773128  218795521      75.631
1                                                                                                                                                                                                                                                                       transpose_rtc_tile32x32_dim2_dp_CI_CI_diag_aligned     12        176948923   14745743      10.194
2                                                                                                                                                                                                                                                          transpose_rtc_tile32x32_dim2_dp_CI_CI_twd3step_fwd_diag_aligned      6         91291821   15215303       5.260

===== pmc_read_20260727_154804.csv.hiptrace.csv (31 lines) =====
                   Name  Calls  TotalDurationNs  AverageNs  Percentage
0   hipEventSynchronize      5       1731890708  346378141   41.679435
1               hipFree     11       1132170480  102924589   27.246653
2  hiprtcCompileProgram      7       1120890493  160127213   26.975191

===== pmc_write_20260727_154804.csv.csv (40 lines) =====
   Index              KernelName  gpu-id  queue-id  queue-index      pid      tid   grd   wgr  lds  scr  arch_vgpr  accum_vgpr  sgpr  wave_size             sig  GRBM_COUNT  GRBM_GUI_ACTIVE  SQ_ACTIVE_INST_VALU  SQ_INSTS_FLAT_LDS_ONLY  SQ_INSTS_LDS  SQ_INSTS_VALU  SQ_INSTS_VMEM_RD  SQ_INSTS_VMEM_WR  SQ_LDS_BANK_CONFLICT  SQ_WAIT_INST_LDS  TA_FLAT_WRITE_WAVEFRONTS[0]  TA_FLAT_WRITE_WAVEFRONTS[1]  TA_FLAT_WRITE_WAVEFRONTS[2]  TA_FLAT_WRITE_WAVEFRONTS[3]  TA_FLAT_WRITE_WAVEFRONTS[4]  TA_FLAT_WRITE_WAVEFRONTS[5]  TA_FLAT_WRITE_WAVEFRONTS[6]  TA_FLAT_WRITE_WAVEFRONTS[7]  TA_FLAT_WRITE_WAVEFRONTS[8]  TA_FLAT_WRITE_WAVEFRONTS[9]  TA_FLAT_WRITE_WAVEFRONTS[10]  TA_FLAT_WRITE_WAVEFRONTS[11]  TA_FLAT_WRITE_WAVEFRONTS[12]  TA_FLAT_WRITE_WAVEFRONTS[13]  TA_FLAT_WRITE_WAVEFRONTS[14]  TA_FLAT_WRITE_WAVEFRONTS[15]  TA_TA_BUSY[0]  TA_TA_BUSY[1]  TA_TA_BUSY[2]  TA_TA_BUSY[3]  TA_TA_BUSY[4]  TA_TA_BUSY[5]  TA_TA_BUSY[6]  TA_TA_BUSY[7]  TA_TA_BUSY[8]  TA_TA_BUSY[9]  TA_TA_BUSY[10]  TA_TA_BUSY[11]  TA_TA_BUSY[12]  TA_TA_BUSY[13]  TA_TA_BUSY[14]  TA_TA_BUSY[15]  TCC_EA_WRREQ[0]  TCC_EA_WRREQ[1]  TCC_EA_WRREQ[2]  TCC_EA_WRREQ[3]  TCC_EA_WRREQ[4]  TCC_EA_WRREQ[5]  TCC_EA_WRREQ[6]  TCC_EA_WRREQ[7]  TCC_EA_WRREQ[8]  TCC_EA_WRREQ[9]  TCC_EA_WRREQ[10]  TCC_EA_WRREQ[11]  TCC_EA_WRREQ[12]  TCC_EA_WRREQ[13]  TCC_EA_WRREQ[14]  TCC_EA_WRREQ[15]  TCC_EA_WRREQ[16]  TCC_EA_WRREQ[17]  TCC_EA_WRREQ[18]  TCC_EA_WRREQ[19]  TCC_EA_WRREQ[20]  TCC_EA_WRREQ[21]  TCC_EA_WRREQ[22]  TCC_EA_WRREQ[23]  TCC_EA_WRREQ[24]  TCC_EA_WRREQ[25]  TCC_EA_WRREQ[26]  TCC_EA_WRREQ[27]  TCC_EA_WRREQ[28]  TCC_EA_WRREQ[29]  TCC_EA_WRREQ[30]  TCC_EA_WRREQ[31]  TCC_EA_WRREQ_64B[0]  TCC_EA_WRREQ_64B[1]  TCC_EA_WRREQ_64B[2]  TCC_EA_WRREQ_64B[3]  TCC_EA_WRREQ_64B[4]  TCC_EA_WRREQ_64B[5]  TCC_EA_WRREQ_64B[6]  TCC_EA_WRREQ_64B[7]  TCC_EA_WRREQ_64B[8]  TCC_EA_WRREQ_64B[9]  TCC_EA_WRREQ_64B[10]  TCC_EA_WRREQ_64B[11]  TCC_EA_WRREQ_64B[12]  TCC_EA_WRREQ_64B[13]  TCC_EA_WRREQ_64B[14]  TCC_EA_WRREQ_64B[15]  TCC_EA_WRREQ_64B[16]  TCC_EA_WRREQ_64B[17]  TCC_EA_WRREQ_64B[18]  TCC_EA_WRREQ_64B[19]  TCC_EA_WRREQ_64B[20]  TCC_EA_WRREQ_64B[21]  TCC_EA_WRREQ_64B[22]  TCC_EA_WRREQ_64B[23]  TCC_EA_WRREQ_64B[24]  TCC_EA_WRREQ_64B[25]  TCC_EA_WRREQ_64B[26]  TCC_EA_WRREQ_64B[27]  TCC_EA_WRREQ_64B[28]  TCC_EA_WRREQ_64B[29]  TCC_EA_WRREQ_64B[30]  TCC_EA_WRREQ_64B[31]  TCC_EA1_WRREQ[0]  TCC_EA1_WRREQ[1]  TCC_EA1_WRREQ[2]  TCC_EA1_WRREQ[3]  TCC_EA1_WRREQ[4]  TCC_EA1_WRREQ[5]  TCC_EA1_WRREQ[6]  TCC_EA1_WRREQ[7]  TCC_EA1_WRREQ[8]  TCC_EA1_WRREQ[9]  TCC_EA1_WRREQ[10]  TCC_EA1_WRREQ[11]  TCC_EA1_WRREQ[12]  TCC_EA1_WRREQ[13]  TCC_EA1_WRREQ[14]  TCC_EA1_WRREQ[15]  TCC_EA1_WRREQ[16]  TCC_EA1_WRREQ[17]  TCC_EA1_WRREQ[18]  TCC_EA1_WRREQ[19]  TCC_EA1_WRREQ[20]  TCC_EA1_WRREQ[21]  TCC_EA1_WRREQ[22]  TCC_EA1_WRREQ[23]  TCC_EA1_WRREQ[24]  TCC_EA1_WRREQ[25]  TCC_EA1_WRREQ[26]  TCC_EA1_WRREQ[27]  TCC_EA1_WRREQ[28]  TCC_EA1_WRREQ[29]  TCC_EA1_WRREQ[30]  TCC_EA1_WRREQ[31]  TCC_EA1_WRREQ_64B[0]  TCC_EA1_WRREQ_64B[1]  TCC_EA1_WRREQ_64B[2]  TCC_EA1_WRREQ_64B[3]  TCC_EA1_WRREQ_64B[4]  TCC_EA1_WRREQ_64B[5]  TCC_EA1_WRREQ_64B[6]  TCC_EA1_WRREQ_64B[7]  TCC_EA1_WRREQ_64B[8]  TCC_EA1_WRREQ_64B[9]  TCC_EA1_WRREQ_64B[10]  TCC_EA1_WRREQ_64B[11]  TCC_EA1_WRREQ_64B[12]  TCC_EA1_WRREQ_64B[13]  TCC_EA1_WRREQ_64B[14]  TCC_EA1_WRREQ_64B[15]  TCC_EA1_WRREQ_64B[16]  TCC_EA1_WRREQ_64B[17]  TCC_EA1_WRREQ_64B[18]  TCC_EA1_WRREQ_64B[19]  TCC_EA1_WRREQ_64B[20]  TCC_EA1_WRREQ_64B[21]  TCC_EA1_WRREQ_64B[22]  TCC_EA1_WRREQ_64B[23]  TCC_EA1_WRREQ_64B[24]  TCC_EA1_WRREQ_64B[25]  TCC_EA1_WRREQ_64B[26]  TCC_EA1_WRREQ_64B[27]  TCC_EA1_WRREQ_64B[28]  TCC_EA1_WRREQ_64B[29]  TCC_EA1_WRREQ_64B[30]  TCC_EA1_WRREQ_64B[31]  TCP_TCP_TA_DATA_STALL_CYCLES[0]  TCP_TCP_TA_DATA_STALL_CYCLES[1]  TCP_TCP_TA_DATA_STALL_CYCLES[2]  TCP_TCP_TA_DATA_STALL_CYCLES[3]  TCP_TCP_TA_DATA_STALL_CYCLES[4]  TCP_TCP_TA_DATA_STALL_CYCLES[5]  TCP_TCP_TA_DATA_STALL_CYCLES[6]  TCP_TCP_TA_DATA_STALL_CYCLES[7]  TCP_TCP_TA_DATA_STALL_CYCLES[8]  TCP_TCP_TA_DATA_STALL_CYCLES[9]  TCP_TCP_TA_DATA_STALL_CYCLES[10]  TCP_TCP_TA_DATA_STALL_CYCLES[11]  TCP_TCP_TA_DATA_STALL_CYCLES[12]  TCP_TCP_TA_DATA_STALL_CYCLES[13]  TCP_TCP_TA_DATA_STALL_CYCLES[14]  TCP_TCP_TA_DATA_STALL_CYCLES[15]        DispatchNs           BeginNs             EndNs        CompleteNs
0      0  twiddle_gen_radices_dp       0         1            0  3855943  3855943  2048  1024    0    0         32           0    48         64  0x7f32afdfdf80       35540            35540                23744                       0             0          23552                96               224                     0                 0                            0                            0                            0                            0                            0                            0                          112                            0                          112                            0                             0                             0                             0                             0                             0                             0              0              0              0              0              0              0           5496              0           5441              0               0               0               0               0               0               0                2                4                4                4                4                4                4                4                4                4                 4                 4                 4                 4                 4                 4                 4                 4                 4                 4                 4                 4                 4                 4                 4                 4                 4                 4                 4                 4                 4                 4                    2                    4                    4                    4                    4                    4                    4                    4                    4                    4                     4                     4                     4                     4                     4                     4                     4                     4                     4                     4                     4                     4                     4                     4                     4                     4                     4                     4                     4                     4                     4                     4                 0                 0                 0                 0                 0                 0                 0                 0                 0                 0                  0                  0                  0                  0                  0                  0                  0                  0                  0                  0                  0                  0                  0                  0                  0                  0                  0                  0                  0                  0                  0                  0                     0                     0                     0                     0                     0                     0                     0                     0                     0                     0                      0                      0                      0                      0                      0                      0                      0                      0                      0                      0                      0                      0                      0                      0                      0                      0                      0                      0                      0                      0                      0                      0                                0                                0                                0                                0                                0                                0                             1102                                0                             1192                                0                                 0                                 0                                 0                                 0                                 0                                 0  2330267865882641  2330267870189061  2330267870204101  2330267870214530
1      1    twiddle_gen_large_dp       0         1            2  3855943  3855943  8192  1024    0    0         32           0    32         64  0x7f32afdfde80       21640            21640                 2096                       0             0           2096                 0                16                     0                 0                            0                            0                            0                            2                            0                            0                            2                            6                            2                            2                             2                             0                             0                             0                             0                             0              0              0              0            648              0              0            712           2109            683            751             742               0               0               0               0               0                8                4                8                4                8                4                8                4                8                4                 8                 4                 8                 4                 8                 4                 8                 4                 8                 4                 8                 4                 8                 4                 8                 4                 8                 4                 8                 4                 8                 4                    8                    4                    8                    4                    8                    4                    8                    4                    8                    4                     8                     4                     8                     4                     8                     4                     8                     4                     8                     4                     8                     4                     8                     4                     8                     4                     8                     4                     8                     4                     8                     4                 0                 0                 0                 0                 0                 0                 0                 0                 0                 0                  0                  0                  0                  0                  0                  0                  0                  0                  0                  0                  0                  0                  0                  0                  0                  0                  0                  0                  0                  0                  0                  0                     0                     0                     0                     0                     0                     0                     0                     0                     0                     0                      0                      0                      0                      0                      0                      0                      0                      0                      0                      0                      0                      0                      0                      0                      0                      0                      0                      0                      0                      0                      0                      0                                0                                0                                0                              575                                0                                0                              639                             1890                              610                              678                               669                                 0                                 0                                 0                                 0                                 0  2330267989168771  2330267990550008  2330267990554648  2330267990569727
2      2  twiddle_gen_radices_dp       0         1            4  3855943  3855943  8192  1024    0    0         32           0    48         64  0x7f32afdfdd80       30263            30263                48352                       0             0          47584               384               400                     0                 0                            0                           48                            0                            0                           48                            0                            0                           64                          144                           48                            48                             0                             0                             0                             0                             0              0           2835              0              0           2754              0              0           3472           8695           3080            2970               0               0               0               0               0                8                8                8                8                8                8                8                8                6                8                 8                 8                 8                 8                 8                 8                 8                 8                 8                 8                 8                 8                 8                 8                 8                 8                 8                 8                 8                 8                 8                 8                    8                    8                    8                    8                    8                    8                    8                    8                    6                    8                     8                     8                     8                     8                     8                     8                     8                     8                     8                     8                     8                     8                     8                     8                     8                     8                     8                     8                     8                     8                     8                     8                 0                 0                 0                 0                 0                 0                 0                 0                 0                 0                  0                  0                  0                  0                  0                  0                  0                  0                  0                  0                  0                  0                  0                  0                  0                  0                  0                  0                  0                  0                  0                  0                     0                     0                     0                     0                     0                     0                     0                     0                     0                     0                      0                      0                      0                      0                      0                      0                      0                      0                      0                      0                      0                      0                      0                      0                      0                      0                      0                      0                      0                      0                      0                      0                                0                              664                                0                                0                              663                                0                                0                              867                             2099                              862                               735                                 0                                 0                                 0                                 0                                 0  2330267993652729  2330267994753365  2330267994764405  2330267994766794

===== pmc_write_20260727_154804.csv.hipkernel.csv (9 lines) =====
                                                                                                                                                                                                                                                                                                                      Name  Calls  TotalDurationNs  AverageNs  Percentage
0  void generate_random_interleaved_data_kernel<input_val_1D<unsigned long>, double>(input_val_1D<unsigned long>, input_val_1D<unsigned long>, unsigned long, unsigned long, input_val_1D<unsigned long>, rocfft_complex<double>*, input_val_1D<unsigned long>, unsigned long, input_val_1D<unsigned long>, unsigned long)      6       1312774533  218795755      75.633
1                                                                                                                                                                                                                                                                       transpose_rtc_tile32x32_dim2_dp_CI_CI_diag_aligned     12        176950991   14745915      10.195
2                                                                                                                                                                                                                                                          transpose_rtc_tile32x32_dim2_dp_CI_CI_twd3step_fwd_diag_aligned      6         91278532   15213088       5.259

===== pmc_write_20260727_154804.csv.hiptrace.csv (31 lines) =====
                   Name  Calls  TotalDurationNs  AverageNs  Percentage
0   hipEventSynchronize      5       1732227069  346445413   37.674803
1  hiprtcCompileProgram      7       1561202737  223028962   33.955135
2               hipFree     11       1132216471  102928770   24.624966
