/public/home/zhangkewei/zr/build/rocfft_build/_deps/sqlite_local-src/sqlite3.c:24411:1: warning: void function is missing a return statement [-Wreturn-type]
}
^
/public/home/zhangkewei/zr/build/rocfft_build/_deps/sqlite_local-src/sqlite3.c:24420:1: warning: void function is missing a return statement [-Wreturn-type]
}
^
/public/home/zhangkewei/zr/build/rocfft_build/_deps/sqlite_local-src/sqlite3.c:24441:1: warning: void function is missing a return statement [-Wreturn-type]
}
^
/public/home/zhangkewei/zr/build/rocfft_build/_deps/sqlite_local-src/sqlite3.c:24962:1: warning: void function is missing a return statement [-Wreturn-type]
}
^
/public/home/zhangkewei/zr/build/rocfft_build/_deps/sqlite_local-src/sqlite3.c:25031:1: warning: void function is missing a return statement [-Wreturn-type]
}
^
/public/home/zhangkewei/zr/build/rocfft_build/_deps/sqlite_local-src/sqlite3.c:25112:1: warning: void function is missing a return statement [-Wreturn-type]
}
^
/public/home/zhangkewei/zr/build/rocfft_build/_deps/sqlite_local-src/sqlite3.c:25223:1: warning: void function is missing a return statement [-Wreturn-type]
}
^
/public/home/zhangkewei/zr/build/rocfft_build/_deps/sqlite_local-src/sqlite3.c:25232:1: warning: void function is missing a return statement [-Wreturn-type]
}
^
/public/home/zhangkewei/zr/build/rocfft_build/_deps/sqlite_local-src/sqlite3.c:25408:1: warning: void function is missing a return statement [-Wreturn-type]
}
^
/public/home/zhangkewei/zr/build/rocfft_build/_deps/sqlite_local-src/sqlite3.c:25871:1: warning: void function is missing a return statement [-Wreturn-type]
}
^
/public/home/zhangkewei/zr/build/rocfft_build/_deps/sqlite_local-src/sqlite3.c:25893:1: warning: void function is missing a return statement [-Wreturn-type]
}
^
/public/home/zhangkewei/zr/build/rocfft_build/_deps/sqlite_local-src/sqlite3.c:25953:1: warning: void function is missing a return statement [-Wreturn-type]
}
^
/public/home/zhangkewei/zr/build/rocfft_build/_deps/sqlite_local-src/sqlite3.c:25995:1: warning: void function is missing a return statement [-Wreturn-type]
}
^
/public/home/zhangkewei/zr/build/rocfft_build/_deps/sqlite_local-src/sqlite3.c:26032:1: warning: void function is missing a return statement [-Wreturn-type]
}
^
/public/home/zhangkewei/zr/build/rocfft_build/_deps/sqlite_local-src/sqlite3.c:26289:1: warning: void function is missing a return statement [-Wreturn-type]
}
^
/public/home/zhangkewei/zr/build/rocfft_build/_deps/sqlite_local-src/sqlite3.c:26303:1: warning: void function is missing a return statement [-Wreturn-type]
}
^
/public/home/zhangkewei/zr/build/rocfft_build/_deps/sqlite_local-src/sqlite3.c:26426:1: warning: void function is missing a return statement [-Wreturn-type]
}
^
/public/home/zhangkewei/zr/build/rocfft_build/_deps/sqlite_local-src/sqlite3.c:26532:1: warning: void function is missing a return statement [-Wreturn-type]
}
^
/public/home/zhangkewei/zr/build/rocfft_build/_deps/sqlite_local-src/sqlite3.c:26622:1: warning: void function is missing a return statement [-Wreturn-type]
}
^
/public/home/zhangkewei/zr/build/rocfft_build/_deps/sqlite_local-src/sqlite3.c:26694:1: warning: void function is missing a return statement [-Wreturn-type]
}
^
/public/home/zhangkewei/zr/build/rocfft_build/_deps/sqlite_local-src/sqlite3.c:26710:1: warning: void function is missing a return statement [-Wreturn-type]
}
^
/public/home/zhangkewei/zr/build/rocfft_build/_deps/sqlite_local-src/sqlite3.c:26872:1: warning: void function is missing a return statement [-Wreturn-type]
}
^
/public/home/zhangkewei/zr/build/rocfft_build/_deps/sqlite_local-src/sqlite3.c:26936:1: warning: void function is missing a return statement [-Wreturn-type]
}
^
/public/home/zhangkewei/zr/build/rocfft_build/_deps/sqlite_local-src/sqlite3.c:27052:1: warning: void function is missing a return statement [-Wreturn-type]
}
^
/public/home/zhangkewei/zr/build/rocfft_build/_deps/sqlite_local-src/sqlite3.c:27064:1: warning: void function is missing a return statement [-Wreturn-type]
}
^
/public/home/zhangkewei/zr/build/rocfft_build/_deps/sqlite_local-src/sqlite3.c:27070:1: warning: void function is missing a return statement [-Wreturn-type]
}
^
/public/home/zhangkewei/zr/build/rocfft_build/_deps/sqlite_local-src/sqlite3.c:27308:1: warning: void function is missing a return statement [-Wreturn-type]
}
^
/public/home/zhangkewei/zr/build/rocfft_build/_deps/sqlite_local-src/sqlite3.c:27426:1: warning: void function is missing a return statement [-Wreturn-type]
}
^
/public/home/zhangkewei/zr/build/rocfft_build/_deps/sqlite_local-src/sqlite3.c:29547:1: warning: void function is missing a return statement [-Wreturn-type]
}
^
/public/home/zhangkewei/zr/build/rocfft_build/_deps/sqlite_local-src/sqlite3.c:29558:1: warning: void function is missing a return statement [-Wreturn-type]
}
^
/public/home/zhangkewei/zr/build/rocfft_build/_deps/sqlite_local-src/sqlite3.c:29584:1: warning: void function is missing a return statement [-Wreturn-type]
}
^
/public/home/zhangkewei/zr/build/rocfft_build/_deps/sqlite_local-src/sqlite3.c:29932:1: warning: void function is missing a return statement [-Wreturn-type]
}
^
/public/home/zhangkewei/zr/build/rocfft_build/_deps/sqlite_local-src/sqlite3.c:30073:1: warning: void function is missing a return statement [-Wreturn-type]
}
^
/public/home/zhangkewei/zr/build/rocfft_build/_deps/sqlite_local-src/sqlite3.c:30127:1: warning: void function is missing a return statement [-Wreturn-type]
}
^
/public/home/zhangkewei/zr/build/rocfft_build/_deps/sqlite_local-src/sqlite3.c:30206:1: warning: void function is missing a return statement [-Wreturn-type]
}
^
/public/home/zhangkewei/zr/build/rocfft_build/_deps/sqlite_local-src/sqlite3.c:30851:1: warning: void function is missing a return statement [-Wreturn-type]
}
^
/public/home/zhangkewei/zr/build/rocfft_build/_deps/sqlite_local-src/sqlite3.c:30920:1: warning: void function is missing a return statement [-Wreturn-type]
}
^
/public/home/zhangkewei/zr/build/rocfft_build/_deps/sqlite_local-src/sqlite3.c:31161:1: warning: void function is missing a return statement [-Wreturn-type]
}
^
/public/home/zhangkewei/zr/build/rocfft_build/_deps/sqlite_local-src/sqlite3.c:31247:1: warning: void function is missing a return statement [-Wreturn-type]
}
^
/public/home/zhangkewei/zr/build/rocfft_build/_deps/sqlite_local-src/sqlite3.c:31562:1: warning: void function is missing a return statement [-Wreturn-type]
}
^
/public/home/zhangkewei/zr/build/rocfft_build/_deps/sqlite_local-src/sqlite3.c:31611:1: warning: void function is missing a return statement [-Wreturn-type]
}
^
/public/home/zhangkewei/zr/build/rocfft_build/_deps/sqlite_local-src/sqlite3.c:31767:1: warning: void function is missing a return statement [-Wreturn-type]
}
^
/public/home/zhangkewei/zr/build/rocfft_build/_deps/sqlite_local-src/sqlite3.c:32717:1: warning: void function is missing a return statement [-Wreturn-type]
}
^
/public/home/zhangkewei/zr/build/rocfft_build/_deps/sqlite_local-src/sqlite3.c:32735:1: warning: void function is missing a return statement [-Wreturn-type]
}
^
/public/home/zhangkewei/zr/build/rocfft_build/_deps/sqlite_local-src/sqlite3.c:32742:1: warning: void function is missing a return statement [-Wreturn-type]
}
^
/public/home/zhangkewei/zr/build/rocfft_build/_deps/sqlite_local-src/sqlite3.c:32787:1: warning: void function is missing a return statement [-Wreturn-type]
}
^
/public/home/zhangkewei/zr/build/rocfft_build/_deps/sqlite_local-src/sqlite3.c:32840:1: warning: void function is missing a return statement [-Wreturn-type]
}
^
/public/home/zhangkewei/zr/build/rocfft_build/_deps/sqlite_local-src/sqlite3.c:32864:1: warning: void function is missing a return statement [-Wreturn-type]
}
^
/public/home/zhangkewei/zr/build/rocfft_build/_deps/sqlite_local-src/sqlite3.c:33029:1: warning: void function is missing a return statement [-Wreturn-type]
}
^
/public/home/zhangkewei/zr/build/rocfft_build/_deps/sqlite_local-src/sqlite3.c:33041:1: warning: void function is missing a return statement [-Wreturn-type]
}
^
/public/home/zhangkewei/zr/build/rocfft_build/_deps/sqlite_local-src/sqlite3.c:33080:1: warning: void function is missing a return statement [-Wreturn-type]
}
^
/public/home/zhangkewei/zr/build/rocfft_build/_deps/sqlite_local-src/sqlite3.c:33114:1: warning: void function is missing a return statement [-Wreturn-type]
}
^
/public/home/zhangkewei/zr/build/rocfft_build/_deps/sqlite_local-src/sqlite3.c:34527:1: warning: void function is missing a return statement [-Wreturn-type]
}
^
/public/home/zhangkewei/zr/build/rocfft_build/_deps/sqlite_local-src/sqlite3.c:34622:1: warning: void function is missing a return statement [-Wreturn-type]
}
^
/public/home/zhangkewei/zr/build/rocfft_build/_deps/sqlite_local-src/sqlite3.c:34629:1: warning: void function is missing a return statement [-Wreturn-type]
}
^
/public/home/zhangkewei/zr/build/rocfft_build/_deps/sqlite_local-src/sqlite3.c:35633:1: warning: void function is missing a return statement [-Wreturn-type]
}
^
/public/home/zhangkewei/zr/build/rocfft_build/_deps/sqlite_local-src/sqlite3.c:35648:1: warning: void function is missing a return statement [-Wreturn-type]
}
^
/public/home/zhangkewei/zr/build/rocfft_build/_deps/sqlite_local-src/sqlite3.c:35659:1: warning: void function is missing a return statement [-Wreturn-type]
}
^
/public/home/zhangkewei/zr/build/rocfft_build/_deps/sqlite_local-src/sqlite3.c:35716:1: warning: void function is missing a return statement [-Wreturn-type]
}
^
/public/home/zhangkewei/zr/build/rocfft_build/_deps/sqlite_local-src/sqlite3.c:35740:1: warning: void function is missing a return statement [-Wreturn-type]
}
^
/public/home/zhangkewei/zr/build/rocfft_build/_deps/sqlite_local-src/sqlite3.c:35776:1: warning: void function is missing a return statement [-Wreturn-type]
}
^
/public/home/zhangkewei/zr/build/rocfft_build/_deps/sqlite_local-src/sqlite3.c:35835:1: warning: void function is missing a return statement [-Wreturn-type]
}
^
/public/home/zhangkewei/zr/build/rocfft_build/_deps/sqlite_local-src/sqlite3.c:35873:1: warning: void function is missing a return statement [-Wreturn-type]
}
^
/public/home/zhangkewei/zr/build/rocfft_build/_deps/sqlite_local-src/sqlite3.c:35903:1: warning: void function is missing a return statement [-Wreturn-type]
}
^
/public/home/zhangkewei/zr/build/rocfft_build/_deps/sqlite_local-src/sqlite3.c:36005:1: warning: void function is missing a return statement [-Wreturn-type]
}
^
/public/home/zhangkewei/zr/build/rocfft_build/_deps/sqlite_local-src/sqlite3.c:36988:1: warning: void function is missing a return statement [-Wreturn-type]
}
^
/public/home/zhangkewei/zr/build/rocfft_build/_deps/sqlite_local-src/sqlite3.c:37041:1: warning: void function is missing a return statement [-Wreturn-type]
}
^
/public/home/zhangkewei/zr/build/rocfft_build/_deps/sqlite_local-src/sqlite3.c:37405:1: warning: void function is missing a return statement [-Wreturn-type]
}
^
/public/home/zhangkewei/zr/build/rocfft_build/_deps/sqlite_local-src/sqlite3.c:37426:1: warning: void function is missing a return statement [-Wreturn-type]
}
^
/public/home/zhangkewei/zr/build/rocfft_build/_deps/sqlite_local-src/sqlite3.c:37480:1: warning: void function is missing a return statement [-Wreturn-type]
}
^
/public/home/zhangkewei/zr/build/rocfft_build/_deps/sqlite_local-src/sqlite3.c:37592:1: warning: void function is missing a return statement [-Wreturn-type]
}
^
/public/home/zhangkewei/zr/build/rocfft_build/_deps/sqlite_local-src/sqlite3.c:39631:1: warning: void function is missing a return statement [-Wreturn-type]
}
^
/public/home/zhangkewei/zr/build/rocfft_build/_deps/sqlite_local-src/sqlite3.c:39635:1: warning: void function is missing a return statement [-Wreturn-type]
}
^
/public/home/zhangkewei/zr/build/rocfft_build/_deps/sqlite_local-src/sqlite3.c:40186:1: warning: void function is missing a return statement [-Wreturn-type]
}
^
/public/home/zhangkewei/zr/build/rocfft_build/_deps/sqlite_local-src/sqlite3.c:40194:1: warning: void function is missing a return statement [-Wreturn-type]
}
^
/public/home/zhangkewei/zr/build/rocfft_build/_deps/sqlite_local-src/sqlite3.c:40210:1: warning: void function is missing a return statement [-Wreturn-type]
}
^
/public/home/zhangkewei/zr/build/rocfft_build/_deps/sqlite_local-src/sqlite3.c:40244:1: warning: void function is missing a return statement [-Wreturn-type]
}
^
/public/home/zhangkewei/zr/build/rocfft_build/_deps/sqlite_local-src/sqlite3.c:40794:1: warning: void function is missing a return statement [-Wreturn-type]
}
^
/public/home/zhangkewei/zr/build/rocfft_build/_deps/sqlite_local-src/sqlite3.c:42811:1: warning: void function is missing a return statement [-Wreturn-type]
}
^
/public/home/zhangkewei/zr/build/rocfft_build/_deps/sqlite_local-src/sqlite3.c:42996:1: warning: void function is missing a return statement [-Wreturn-type]
}
^
/public/home/zhangkewei/zr/build/rocfft_build/_deps/sqlite_local-src/sqlite3.c:43401:1: warning: void function is missing a return statement [-Wreturn-type]
}
^
/public/home/zhangkewei/zr/build/rocfft_build/_deps/sqlite_local-src/sqlite3.c:44056:1: warning: void function is missing a return statement [-Wreturn-type]
}
^
/public/home/zhangkewei/zr/build/rocfft_build/_deps/sqlite_local-src/sqlite3.c:44130:1: warning: void function is missing a return statement [-Wreturn-type]
}
^
/public/home/zhangkewei/zr/build/rocfft_build/_deps/sqlite_local-src/sqlite3.c:44221:1: warning: void function is missing a return statement [-Wreturn-type]
}
^
/public/home/zhangkewei/zr/build/rocfft_build/_deps/sqlite_local-src/sqlite3.c:44832:1: warning: void function is missing a return statement [-Wreturn-type]
}
^
/public/home/zhangkewei/zr/build/rocfft_build/_deps/sqlite_local-src/sqlite3.c:45540:1: warning: void function is missing a return statement [-Wreturn-type]
}
^
/public/home/zhangkewei/zr/build/rocfft_build/_deps/sqlite_local-src/sqlite3.c:54010:1: warning: void function is missing a return statement [-Wreturn-type]
}
^
/public/home/zhangkewei/zr/build/rocfft_build/_deps/sqlite_local-src/sqlite3.c:54013:1: warning: void function is missing a return statement [-Wreturn-type]
}
^
/public/home/zhangkewei/zr/build/rocfft_build/_deps/sqlite_local-src/sqlite3.c:54495:1: warning: void function is missing a return statement [-Wreturn-type]
}
^
/public/home/zhangkewei/zr/build/rocfft_build/_deps/sqlite_local-src/sqlite3.c:54509:1: warning: void function is missing a return statement [-Wreturn-type]
}
^
/public/home/zhangkewei/zr/build/rocfft_build/_deps/sqlite_local-src/sqlite3.c:55427:1: warning: void function is missing a return statement [-Wreturn-type]
}
^
/public/home/zhangkewei/zr/build/rocfft_build/_deps/sqlite_local-src/sqlite3.c:55439:1: warning: void function is missing a return statement [-Wreturn-type]
}
^
/public/home/zhangkewei/zr/build/rocfft_build/_deps/sqlite_local-src/sqlite3.c:55482:1: warning: void function is missing a return statement [-Wreturn-type]
}
^
/public/home/zhangkewei/zr/build/rocfft_build/_deps/sqlite_local-src/sqlite3.c:55730:1: warning: void function is missing a return statement [-Wreturn-type]
}
^
/public/home/zhangkewei/zr/build/rocfft_build/_deps/sqlite_local-src/sqlite3.c:55740:1: warning: void function is missing a return statement [-Wreturn-type]
}
^
/public/home/zhangkewei/zr/build/rocfft_build/_deps/sqlite_local-src/sqlite3.c:55755:1: warning: void function is missing a return statement [-Wreturn-type]
}
^
/public/home/zhangkewei/zr/build/rocfft_build/_deps/sqlite_local-src/sqlite3.c:55775:1: warning: void function is missing a return statement [-Wreturn-type]
}
^
/public/home/zhangkewei/zr/build/rocfft_build/_deps/sqlite_local-src/sqlite3.c:55793:1: warning: void function is missing a return statement [-Wreturn-type]
}
^
/public/home/zhangkewei/zr/build/rocfft_build/_deps/sqlite_local-src/sqlite3.c:55804:1: warning: void function is missing a return statement [-Wreturn-type]
}
^
/public/home/zhangkewei/zr/build/rocfft_build/_deps/sqlite_local-src/sqlite3.c:55816:1: warning: void function is missing a return statement [-Wreturn-type]
}
^
/public/home/zhangkewei/zr/build/rocfft_build/_deps/sqlite_local-src/sqlite3.c:55827:1: warning: void function is missing a return statement [-Wreturn-type]
}
^
/public/home/zhangkewei/zr/build/rocfft_build/_deps/sqlite_local-src/sqlite3.c:55853:1: warning: void function is missing a return statement [-Wreturn-type]
}
^
/public/home/zhangkewei/zr/build/rocfft_build/_deps/sqlite_local-src/sqlite3.c:55892:1: warning: void function is missing a return statement [-Wreturn-type]
}
^
/public/home/zhangkewei/zr/build/rocfft_build/_deps/sqlite_local-src/sqlite3.c:55901:1: warning: void function is missing a return statement [-Wreturn-type]
}
^
/public/home/zhangkewei/zr/build/rocfft_build/_deps/sqlite_local-src/sqlite3.c:55908:1: warning: void function is missing a return statement [-Wreturn-type]
}
^
/public/home/zhangkewei/zr/build/rocfft_build/_deps/sqlite_local-src/sqlite3.c:56036:1: warning: void function is missing a return statement [-Wreturn-type]
}
^
/public/home/zhangkewei/zr/build/rocfft_build/_deps/sqlite_local-src/sqlite3.c:56063:1: warning: void function is missing a return statement [-Wreturn-type]
}
^
/public/home/zhangkewei/zr/build/rocfft_build/_deps/sqlite_local-src/sqlite3.c:56398:1: warning: void function is missing a return statement [-Wreturn-type]
}
^
/public/home/zhangkewei/zr/build/rocfft_build/_deps/sqlite_local-src/sqlite3.c:56589:1: warning: void function is missing a return statement [-Wreturn-type]
}
^
/public/home/zhangkewei/zr/build/rocfft_build/_deps/sqlite_local-src/sqlite3.c:56606:1: warning: void function is missing a return statement [-Wreturn-type]
}
^
/public/home/zhangkewei/zr/build/rocfft_build/_deps/sqlite_local-src/sqlite3.c:56674:1: warning: void function is missing a return statement [-Wreturn-type]
}
^
/public/home/zhangkewei/zr/build/rocfft_build/_deps/sqlite_local-src/sqlite3.c:56720:1: warning: void function is missing a return statement [-Wreturn-type]
}
^
/public/home/zhangkewei/zr/build/rocfft_build/_deps/sqlite_local-src/sqlite3.c:56742:1: warning: void function is missing a return statement [-Wreturn-type]
}
^
/public/home/zhangkewei/zr/build/rocfft_build/_deps/sqlite_local-src/sqlite3.c:56794:1: warning: void function is missing a return statement [-Wreturn-type]
}
^
/public/home/zhangkewei/zr/build/rocfft_build/_deps/sqlite_local-src/sqlite3.c:56859:1: warning: void function is missing a return statement [-Wreturn-type]
}
^
/public/home/zhangkewei/zr/build/rocfft_build/_deps/sqlite_local-src/sqlite3.c:56937:1: warning: void function is missing a return statement [-Wreturn-type]
}
^
/public/home/zhangkewei/zr/build/rocfft_build/_deps/sqlite_local-src/sqlite3.c:56956:1: warning: void function is missing a return statement [-Wreturn-type]
}
^
/public/home/zhangkewei/zr/build/rocfft_build/_deps/sqlite_local-src/sqlite3.c:57213:1: warning: void function is missing a return statement [-Wreturn-type]
}
^
/public/home/zhangkewei/zr/build/rocfft_build/_deps/sqlite_local-src/sqlite3.c:57252:1: warning: void function is missing a return statement [-Wreturn-type]
}
^
/public/home/zhangkewei/zr/build/rocfft_build/_deps/sqlite_local-src/sqlite3.c:57269:1: warning: void function is missing a return statement [-Wreturn-type]
}
^
/public/home/zhangkewei/zr/build/rocfft_build/_deps/sqlite_local-src/sqlite3.c:57292:1: warning: void function is missing a return statement [-Wreturn-type]
}
^
/public/home/zhangkewei/zr/build/rocfft_build/_deps/sqlite_local-src/sqlite3.c:57316:1: warning: void function is missing a return statement [-Wreturn-type]
}
^
/public/home/zhangkewei/zr/build/rocfft_build/_deps/sqlite_local-src/sqlite3.c:57553:1: warning: void function is missing a return statement [-Wreturn-type]
}
^
/public/home/zhangkewei/zr/build/rocfft_build/_deps/sqlite_local-src/sqlite3.c:57563:1: warning: void function is missing a return statement [-Wreturn-type]
}
^
/public/home/zhangkewei/zr/build/rocfft_build/_deps/sqlite_local-src/sqlite3.c:57712:1: warning: void function is missing a return statement [-Wreturn-type]
}
^
/public/home/zhangkewei/zr/build/rocfft_build/_deps/sqlite_local-src/sqlite3.c:59110:1: warning: void function is missing a return statement [-Wreturn-type]
}
^
/public/home/zhangkewei/zr/build/rocfft_build/_deps/sqlite_local-src/sqlite3.c:59831:1: warning: void function is missing a return statement [-Wreturn-type]
}
^
/public/home/zhangkewei/zr/build/rocfft_build/_deps/sqlite_local-src/sqlite3.c:59857:1: warning: void function is missing a return statement [-Wreturn-type]
}
^
/public/home/zhangkewei/zr/build/rocfft_build/_deps/sqlite_local-src/sqlite3.c:59981:1: warning: void function is missing a return statement [-Wreturn-type]
}
^
/public/home/zhangkewei/zr/build/rocfft_build/_deps/sqlite_local-src/sqlite3.c:60274:1: warning: void function is missing a return statement [-Wreturn-type]
}
^
/public/home/zhangkewei/zr/build/rocfft_build/_deps/sqlite_local-src/sqlite3.c:60797:1: warning: void function is missing a return statement [-Wreturn-type]
}
^
/public/home/zhangkewei/zr/build/rocfft_build/_deps/sqlite_local-src/sqlite3.c:61575:1: warning: void function is missing a return statement [-Wreturn-type]
}
^
/public/home/zhangkewei/zr/build/rocfft_build/_deps/sqlite_local-src/sqlite3.c:61599:1: warning: void function is missing a return statement [-Wreturn-type]
}
^
/public/home/zhangkewei/zr/build/rocfft_build/_deps/sqlite_local-src/sqlite3.c:61607:1: warning: void function is missing a return statement [-Wreturn-type]
}
^
/public/home/zhangkewei/zr/build/rocfft_build/_deps/sqlite_local-src/sqlite3.c:61614:1: warning: void function is missing a return statement [-Wreturn-type]
}
^
/public/home/zhangkewei/zr/build/rocfft_build/_deps/sqlite_local-src/sqlite3.c:61700:1: warning: void function is missing a return statement [-Wreturn-type]
}
^
/public/home/zhangkewei/zr/build/rocfft_build/_deps/sqlite_local-src/sqlite3.c:61777:1: warning: void function is missing a return statement [-Wreturn-type]
}
^
/public/home/zhangkewei/zr/build/rocfft_build/_deps/sqlite_local-src/sqlite3.c:61971:1: warning: void function is missing a return statement [-Wreturn-type]
}
^
/public/home/zhangkewei/zr/build/rocfft_build/_deps/sqlite_local-src/sqlite3.c:62073:1: warning: void function is missing a return statement [-Wreturn-type]
}
^
/public/home/zhangkewei/zr/build/rocfft_build/_deps/sqlite_local-src/sqlite3.c:62165:1: warning: void function is missing a return statement [-Wreturn-type]
}
^
/public/home/zhangkewei/zr/build/rocfft_build/_deps/sqlite_local-src/sqlite3.c:62177:1: warning: void function is missing a return statement [-Wreturn-type]
}
^
/public/home/zhangkewei/zr/build/rocfft_build/_deps/sqlite_local-src/sqlite3.c:62289:1: warning: void function is missing a return statement [-Wreturn-type]
}
^
/public/home/zhangkewei/zr/build/rocfft_build/_deps/sqlite_local-src/sqlite3.c:63516:1: warning: void function is missing a return statement [-Wreturn-type]
}
^
/public/home/zhangkewei/zr/build/rocfft_build/_deps/sqlite_local-src/sqlite3.c:63835:1: warning: void function is missing a return statement [-Wreturn-type]
}
^
/public/home/zhangkewei/zr/build/rocfft_build/_deps/sqlite_local-src/sqlite3.c:63838:1: warning: void function is missing a return statement [-Wreturn-type]
}
^
/public/home/zhangkewei/zr/build/rocfft_build/_deps/sqlite_local-src/sqlite3.c:63847:1: warning: void function is missing a return statement [-Wreturn-type]
}
^
/public/home/zhangkewei/zr/build/rocfft_build/_deps/sqlite_local-src/sqlite3.c:64333:1: warning: void function is missing a return statement [-Wreturn-type]
}
^
/public/home/zhangkewei/zr/build/rocfft_build/_deps/sqlite_local-src/sqlite3.c:64940:1: warning: void function is missing a return statement [-Wreturn-type]
}
^
/public/home/zhangkewei/zr/build/rocfft_build/_deps/sqlite_local-src/sqlite3.c:65340:1: warning: void function is missing a return statement [-Wreturn-type]
}
^
/public/home/zhangkewei/zr/build/rocfft_build/_deps/sqlite_local-src/sqlite3.c:65538:1: warning: void function is missing a return statement [-Wreturn-type]
}
^
/public/home/zhangkewei/zr/build/rocfft_build/_deps/sqlite_local-src/sqlite3.c:66789:1: warning: void function is missing a return statement [-Wreturn-type]
}
^
/public/home/zhangkewei/zr/build/rocfft_build/_deps/sqlite_local-src/sqlite3.c:66799:1: warning: void function is missing a return statement [-Wreturn-type]
}
^
/public/home/zhangkewei/zr/build/rocfft_build/_deps/sqlite_local-src/sqlite3.c:66831:1: warning: void function is missing a return statement [-Wreturn-type]
}
^
/public/home/zhangkewei/zr/build/rocfft_build/_deps/sqlite_local-src/sqlite3.c:66870:1: warning: void function is missing a return statement [-Wreturn-type]
}
^
/public/home/zhangkewei/zr/build/rocfft_build/_deps/sqlite_local-src/sqlite3.c:67501:1: warning: void function is missing a return statement [-Wreturn-type]
}
^
/public/home/zhangkewei/zr/build/rocfft_build/_deps/sqlite_local-src/sqlite3.c:67623:1: warning: void function is missing a return statement [-Wreturn-type]
}
^
/public/home/zhangkewei/zr/build/rocfft_build/_deps/sqlite_local-src/sqlite3.c:67726:1: warning: void function is missing a return statement [-Wreturn-type]
}
^
/public/home/zhangkewei/zr/build/rocfft_build/_deps/sqlite_local-src/sqlite3.c:67803:1: warning: void function is missing a return statement [-Wreturn-type]
}
^
/public/home/zhangkewei/zr/build/rocfft_build/_deps/sqlite_local-src/sqlite3.c:67810:1: warning: void function is missing a return statement [-Wreturn-type]
}
^
/public/home/zhangkewei/zr/build/rocfft_build/_deps/sqlite_local-src/sqlite3.c:68037:1: warning: void function is missing a return statement [-Wreturn-type]
}
^
/public/home/zhangkewei/zr/build/rocfft_build/_deps/sqlite_local-src/sqlite3.c:68270:1: warning: void function is missing a return statement [-Wreturn-type]
}
^
/public/home/zhangkewei/zr/build/rocfft_build/_deps/sqlite_local-src/sqlite3.c:69372:1: warning: void function is missing a return statement [-Wreturn-type]
}
^
/public/home/zhangkewei/zr/build/rocfft_build/_deps/sqlite_local-src/sqlite3.c:69678:1: warning: void function is missing a return statement [-Wreturn-type]
}
^
/public/home/zhangkewei/zr/build/rocfft_build/_deps/sqlite_local-src/sqlite3.c:71275:1: warning: void function is missing a return statement [-Wreturn-type]
}
^
/public/home/zhangkewei/zr/build/rocfft_build/_deps/sqlite_local-src/sqlite3.c:71290:1: warning: void function is missing a return statement [-Wreturn-type]
}
^
/public/home/zhangkewei/zr/build/rocfft_build/_deps/sqlite_local-src/sqlite3.c:71392:1: warning: void function is missing a return statement [-Wreturn-type]
}
^
/public/home/zhangkewei/zr/build/rocfft_build/_deps/sqlite_local-src/sqlite3.c:71439:1: warning: void function is missing a return statement [-Wreturn-type]
}
^
/public/home/zhangkewei/zr/build/rocfft_build/_deps/sqlite_local-src/sqlite3.c:71442:1: warning: void function is missing a return statement [-Wreturn-type]
}
^
/public/home/zhangkewei/zr/build/rocfft_build/_deps/sqlite_local-src/sqlite3.c:71451:1: warning: void function is missing a return statement [-Wreturn-type]
}
^
/public/home/zhangkewei/zr/build/rocfft_build/_deps/sqlite_local-src/sqlite3.c:71454:1: warning: void function is missing a return statement [-Wreturn-type]
}
^
/public/home/zhangkewei/zr/build/rocfft_build/_deps/sqlite_local-src/sqlite3.c:71541:1: warning: void function is missing a return statement [-Wreturn-type]
}
^
/public/home/zhangkewei/zr/build/rocfft_build/_deps/sqlite_local-src/sqlite3.c:71545:1: warning: void function is missing a return statement [-Wreturn-type]
}
^
/public/home/zhangkewei/zr/build/rocfft_build/_deps/sqlite_local-src/sqlite3.c:72060:1: warning: void function is missing a return statement [-Wreturn-type]
}
^
/public/home/zhangkewei/zr/build/rocfft_build/_deps/sqlite_local-src/sqlite3.c:72079:1: warning: void function is missing a return statement [-Wreturn-type]
}
^
/public/home/zhangkewei/zr/build/rocfft_build/_deps/sqlite_local-src/sqlite3.c:72127:1: warning: void function is missing a return statement [-Wreturn-type]
}
^
/public/home/zhangkewei/zr/build/rocfft_build/_deps/sqlite_local-src/sqlite3.c:72161:1: warning: void function is missing a return statement [-Wreturn-type]
}
^
/public/home/zhangkewei/zr/build/rocfft_build/_deps/sqlite_local-src/sqlite3.c:72237:1: warning: void function is missing a return statement [-Wreturn-type]
}
^
/public/home/zhangkewei/zr/build/rocfft_build/_deps/sqlite_local-src/sqlite3.c:72251:1: warning: void function is missing a return statement [-Wreturn-type]
}
^
/public/home/zhangkewei/zr/build/rocfft_build/_deps/sqlite_local-src/sqlite3.c:72405:1: warning: void function is missing a return statement [-Wreturn-type]
}
^
/public/home/zhangkewei/zr/build/rocfft_build/_deps/sqlite_local-src/sqlite3.c:72575:1: warning: void function is missing a return statement [-Wreturn-type]
}
^
/public/home/zhangkewei/zr/build/rocfft_build/_deps/sqlite_local-src/sqlite3.c:72759:1: warning: void function is missing a return statement [-Wreturn-type]
}
^
/public/home/zhangkewei/zr/build/rocfft_build/_deps/sqlite_local-src/sqlite3.c:72898:1: warning: void function is missing a return statement [-Wreturn-type]
}
^
/public/home/zhangkewei/zr/build/rocfft_build/_deps/sqlite_local-src/sqlite3.c:72937:1: warning: void function is missing a return statement [-Wreturn-type]
}
^
/public/home/zhangkewei/zr/build/rocfft_build/_deps/sqlite_local-src/sqlite3.c:72944:1: warning: void function is missing a return statement [-Wreturn-type]
}
^
/public/home/zhangkewei/zr/build/rocfft_build/_deps/sqlite_local-src/sqlite3.c:73849:1: warning: void function is missing a return statement [-Wreturn-type]
}
^
/public/home/zhangkewei/zr/build/rocfft_build/_deps/sqlite_local-src/sqlite3.c:73977:1: warning: void function is missing a return statement [-Wreturn-type]
}
^
/public/home/zhangkewei/zr/build/rocfft_build/_deps/sqlite_local-src/sqlite3.c:73980:1: warning: void function is missing a return statement [-Wreturn-type]
}
^
/public/home/zhangkewei/zr/build/rocfft_build/_deps/sqlite_local-src/sqlite3.c:73990:1: warning: void function is missing a return statement [-Wreturn-type]
}
^
/public/home/zhangkewei/zr/build/rocfft_build/_deps/sqlite_local-src/sqlite3.c:74047:1: warning: void function is missing a return statement [-Wreturn-type]
}
^
/public/home/zhangkewei/zr/build/rocfft_build/_deps/sqlite_local-src/sqlite3.c:74463:1: warning: void function is missing a return statement [-Wreturn-type]
}
^
/public/home/zhangkewei/zr/build/rocfft_build/_deps/sqlite_local-src/sqlite3.c:75046:1: warning: void function is missing a return statement [-Wreturn-type]
}
^
/public/home/zhangkewei/zr/build/rocfft_build/_deps/sqlite_local-src/sqlite3.c:75893:1: warning: void function is missing a return statement [-Wreturn-type]
}
^
/public/home/zhangkewei/zr/build/rocfft_build/_deps/sqlite_local-src/sqlite3.c:76028:1: warning: void function is missing a return statement [-Wreturn-type]
}
^
/public/home/zhangkewei/zr/build/rocfft_build/_deps/sqlite_local-src/sqlite3.c:76343:1: warning: void function is missing a return statement [-Wreturn-type]
}
^
/public/home/zhangkewei/zr/build/rocfft_build/_deps/sqlite_local-src/sqlite3.c:76417:1: warning: void function is missing a return statement [-Wreturn-type]
}
^
/public/home/zhangkewei/zr/build/rocfft_build/_deps/sqlite_local-src/sqlite3.c:76454:1: warning: void function is missing a return statement [-Wreturn-type]
}
^
/public/home/zhangkewei/zr/build/rocfft_build/_deps/sqlite_local-src/sqlite3.c:76458:1: warning: void function is missing a return statement [-Wreturn-type]
}
^
/public/home/zhangkewei/zr/build/rocfft_build/_deps/sqlite_local-src/sqlite3.c:77042:1: warning: void function is missing a return statement [-Wreturn-type]
}
^
/public/home/zhangkewei/zr/build/rocfft_build/_deps/sqlite_local-src/sqlite3.c:78459:1: warning: void function is missing a return statement [-Wreturn-type]
}
^
/public/home/zhangkewei/zr/build/rocfft_build/_deps/sqlite_local-src/sqlite3.c:79099:1: warning: void function is missing a return statement [-Wreturn-type]
}
^
/public/home/zhangkewei/zr/build/rocfft_build/_deps/sqlite_local-src/sqlite3.c:81946:1: warning: void function is missing a return statement [-Wreturn-type]
}
^
/public/home/zhangkewei/zr/build/rocfft_build/_deps/sqlite_local-src/sqlite3.c:82065:1: warning: void function is missing a return statement [-Wreturn-type]
}
^
/public/home/zhangkewei/zr/build/rocfft_build/_deps/sqlite_local-src/sqlite3.c:82091:1: warning: void function is missing a return statement [-Wreturn-type]
}
^
/public/home/zhangkewei/zr/build/rocfft_build/_deps/sqlite_local-src/sqlite3.c:82141:1: warning: void function is missing a return statement [-Wreturn-type]
}
^
/public/home/zhangkewei/zr/build/rocfft_build/_deps/sqlite_local-src/sqlite3.c:82264:1: warning: void function is missing a return statement [-Wreturn-type]
}
^
/public/home/zhangkewei/zr/build/rocfft_build/_deps/sqlite_local-src/sqlite3.c:82300:1: warning: void function is missing a return statement [-Wreturn-type]
}
^
/public/home/zhangkewei/zr/build/rocfft_build/_deps/sqlite_local-src/sqlite3.c:82975:1: warning: void function is missing a return statement [-Wreturn-type]
}
^
/public/home/zhangkewei/zr/build/rocfft_build/_deps/sqlite_local-src/sqlite3.c:83043:1: warning: void function is missing a return statement [-Wreturn-type]
}
^
/public/home/zhangkewei/zr/build/rocfft_build/_deps/sqlite_local-src/sqlite3.c:83374:1: warning: void function is missing a return statement [-Wreturn-type]
}
^
/public/home/zhangkewei/zr/build/rocfft_build/_deps/sqlite_local-src/sqlite3.c:83750:1: warning: void function is missing a return statement [-Wreturn-type]
}
^
/public/home/zhangkewei/zr/build/rocfft_build/_deps/sqlite_local-src/sqlite3.c:83753:1: warning: void function is missing a return statement [-Wreturn-type]
}
^
/public/home/zhangkewei/zr/build/rocfft_build/_deps/sqlite_local-src/sqlite3.c:83772:1: warning: void function is missing a return statement [-Wreturn-type]
}
^
/public/home/zhangkewei/zr/build/rocfft_build/_deps/sqlite_local-src/sqlite3.c:83964:1: warning: void function is missing a return statement [-Wreturn-type]
}
^
/public/home/zhangkewei/zr/build/rocfft_build/_deps/sqlite_local-src/sqlite3.c:84401:1: warning: void function is missing a return statement [-Wreturn-type]
}
^
/public/home/zhangkewei/zr/build/rocfft_build/_deps/sqlite_local-src/sqlite3.c:84420:1: warning: void function is missing a return statement [-Wreturn-type]
}
^
/public/home/zhangkewei/zr/build/rocfft_build/_deps/sqlite_local-src/sqlite3.c:84437:1: warning: void function is missing a return statement [-Wreturn-type]
}
^
/public/home/zhangkewei/zr/build/rocfft_build/_deps/sqlite_local-src/sqlite3.c:84445:1: warning: void function is missing a return statement [-Wreturn-type]
}
^
/public/home/zhangkewei/zr/build/rocfft_build/_deps/sqlite_local-src/sqlite3.c:84552:1: warning: void function is missing a return statement [-Wreturn-type]
}
^
/public/home/zhangkewei/zr/build/rocfft_build/_deps/sqlite_local-src/sqlite3.c:84701:1: warning: void function is missing a return statement [-Wreturn-type]
}
^
/public/home/zhangkewei/zr/build/rocfft_build/_deps/sqlite_local-src/sqlite3.c:84722:1: warning: void function is missing a return statement [-Wreturn-type]
}
^
/public/home/zhangkewei/zr/build/rocfft_build/_deps/sqlite_local-src/sqlite3.c:84725:1: warning: void function is missing a return statement [-Wreturn-type]
}
^
/public/home/zhangkewei/zr/build/rocfft_build/_deps/sqlite_local-src/sqlite3.c:84740:1: warning: void function is missing a return statement [-Wreturn-type]
}
^
/public/home/zhangkewei/zr/build/rocfft_build/_deps/sqlite_local-src/sqlite3.c:84766:1: warning: void function is missing a return statement [-Wreturn-type]
}
^
/public/home/zhangkewei/zr/build/rocfft_build/_deps/sqlite_local-src/sqlite3.c:84779:1: warning: void function is missing a return statement [-Wreturn-type]
}
^
/public/home/zhangkewei/zr/build/rocfft_build/_deps/sqlite_local-src/sqlite3.c:84786:1: warning: void function is missing a return statement [-Wreturn-type]
}
^
/public/home/zhangkewei/zr/build/rocfft_build/_deps/sqlite_local-src/sqlite3.c:84789:74: warning: void function is missing a return statement [-Wreturn-type]
SQLITE_PRIVATE void sqlite3NoopDestructor(void *p){ UNUSED_PARAMETER(p); }
                                                                         ^
/public/home/zhangkewei/zr/build/rocfft_build/_deps/sqlite_local-src/sqlite3.c:84808:1: warning: void function is missing a return statement [-Wreturn-type]
}
^
/public/home/zhangkewei/zr/build/rocfft_build/_deps/sqlite_local-src/sqlite3.c:84821:1: warning: void function is missing a return statement [-Wreturn-type]
}
^
/public/home/zhangkewei/zr/build/rocfft_build/_deps/sqlite_local-src/sqlite3.c:84923:1: warning: void function is missing a return statement [-Wreturn-type]
}
^
/public/home/zhangkewei/zr/build/rocfft_build/_deps/sqlite_local-src/sqlite3.c:84972:1: warning: void function is missing a return statement [-Wreturn-type]
}
^
/public/home/zhangkewei/zr/build/rocfft_build/_deps/sqlite_local-src/sqlite3.c:85854:1: warning: void function is missing a return statement [-Wreturn-type]
}
^
/public/home/zhangkewei/zr/build/rocfft_build/_deps/sqlite_local-src/sqlite3.c:85959:1: warning: void function is missing a return statement [-Wreturn-type]
}
^
/public/home/zhangkewei/zr/build/rocfft_build/_deps/sqlite_local-src/sqlite3.c:86046:1: warning: void function is missing a return statement [-Wreturn-type]
}
^
/public/home/zhangkewei/zr/build/rocfft_build/_deps/sqlite_local-src/sqlite3.c:86303:1: warning: void function is missing a return statement [-Wreturn-type]
}
^
/public/home/zhangkewei/zr/build/rocfft_build/_deps/sqlite_local-src/sqlite3.c:86445:1: warning: void function is missing a return statement [-Wreturn-type]
}
^
/public/home/zhangkewei/zr/build/rocfft_build/_deps/sqlite_local-src/sqlite3.c:86462:1: warning: void function is missing a return statement [-Wreturn-type]
}
^
/public/home/zhangkewei/zr/build/rocfft_build/_deps/sqlite_local-src/sqlite3.c:86477:1: warning: void function is missing a return statement [-Wreturn-type]
}
^
/public/home/zhangkewei/zr/build/rocfft_build/_deps/sqlite_local-src/sqlite3.c:86530:1: warning: void function is missing a return statement [-Wreturn-type]
}
^
/public/home/zhangkewei/zr/build/rocfft_build/_deps/sqlite_local-src/sqlite3.c:86548:1: warning: void function is missing a return statement [-Wreturn-type]
}
^
/public/home/zhangkewei/zr/build/rocfft_build/_deps/sqlite_local-src/sqlite3.c:86555:1: warning: void function is missing a return statement [-Wreturn-type]
}
^
/public/home/zhangkewei/zr/build/rocfft_build/_deps/sqlite_local-src/sqlite3.c:86568:1: warning: void function is missing a return statement [-Wreturn-type]
}
^
/public/home/zhangkewei/zr/build/rocfft_build/_deps/sqlite_local-src/sqlite3.c:86866:1: warning: void function is missing a return statement [-Wreturn-type]
}
^
/public/home/zhangkewei/zr/build/rocfft_build/_deps/sqlite_local-src/sqlite3.c:87178:1: warning: void function is missing a return statement [-Wreturn-type]
}
^
/public/home/zhangkewei/zr/build/rocfft_build/_deps/sqlite_local-src/sqlite3.c:87182:1: warning: void function is missing a return statement [-Wreturn-type]
}
^
/public/home/zhangkewei/zr/build/rocfft_build/_deps/sqlite_local-src/sqlite3.c:87186:1: warning: void function is missing a return statement [-Wreturn-type]
}
^
/public/home/zhangkewei/zr/build/rocfft_build/_deps/sqlite_local-src/sqlite3.c:87190:1: warning: void function is missing a return statement [-Wreturn-type]
}
^
/public/home/zhangkewei/zr/build/rocfft_build/_deps/sqlite_local-src/sqlite3.c:87194:1: warning: void function is missing a return statement [-Wreturn-type]
}
^
/public/home/zhangkewei/zr/build/rocfft_build/_deps/sqlite_local-src/sqlite3.c:87209:1: warning: void function is missing a return statement [-Wreturn-type]
}
^
/public/home/zhangkewei/zr/build/rocfft_build/_deps/sqlite_local-src/sqlite3.c:87217:1: warning: void function is missing a return statement [-Wreturn-type]
}
^
/public/home/zhangkewei/zr/build/rocfft_build/_deps/sqlite_local-src/sqlite3.c:87245:1: warning: void function is missing a return statement [-Wreturn-type]
}
^
/public/home/zhangkewei/zr/build/rocfft_build/_deps/sqlite_local-src/sqlite3.c:87257:1: warning: void function is missing a return statement [-Wreturn-type]
}
^
/public/home/zhangkewei/zr/build/rocfft_build/_deps/sqlite_local-src/sqlite3.c:87265:1: warning: void function is missing a return statement [-Wreturn-type]
}
^
/public/home/zhangkewei/zr/build/rocfft_build/_deps/sqlite_local-src/sqlite3.c:87270:1: warning: void function is missing a return statement [-Wreturn-type]
}
^
/public/home/zhangkewei/zr/build/rocfft_build/_deps/sqlite_local-src/sqlite3.c:87322:1: warning: void function is missing a return statement [-Wreturn-type]
}
^
/public/home/zhangkewei/zr/build/rocfft_build/_deps/sqlite_local-src/sqlite3.c:87344:1: warning: void function is missing a return statement [-Wreturn-type]
}
^
/public/home/zhangkewei/zr/build/rocfft_build/_deps/sqlite_local-src/sqlite3.c:87354:1: warning: void function is missing a return statement [-Wreturn-type]
}
^
/public/home/zhangkewei/zr/build/rocfft_build/_deps/sqlite_local-src/sqlite3.c:87459:1: warning: void function is missing a return statement [-Wreturn-type]
}
^
/public/home/zhangkewei/zr/build/rocfft_build/_deps/sqlite_local-src/sqlite3.c:87517:1: warning: void function is missing a return statement [-Wreturn-type]
}
^
/public/home/zhangkewei/zr/build/rocfft_build/_deps/sqlite_local-src/sqlite3.c:87530:1: warning: void function is missing a return statement [-Wreturn-type]
}
^
/public/home/zhangkewei/zr/build/rocfft_build/_deps/sqlite_local-src/sqlite3.c:87932:1: warning: void function is missing a return statement [-Wreturn-type]
}
^
/public/home/zhangkewei/zr/build/rocfft_build/_deps/sqlite_local-src/sqlite3.c:87990:1: warning: void function is missing a return statement [-Wreturn-type]
}
^
/public/home/zhangkewei/zr/build/rocfft_build/_deps/sqlite_local-src/sqlite3.c:88059:1: warning: void function is missing a return statement [-Wreturn-type]
}
^
/public/home/zhangkewei/zr/build/rocfft_build/_deps/sqlite_local-src/sqlite3.c:88142:1: warning: void function is missing a return statement [-Wreturn-type]
}
^
/public/home/zhangkewei/zr/build/rocfft_build/_deps/sqlite_local-src/sqlite3.c:88275:1: warning: void function is missing a return statement [-Wreturn-type]
}
^
/public/home/zhangkewei/zr/build/rocfft_build/_deps/sqlite_local-src/sqlite3.c:88517:1: warning: void function is missing a return statement [-Wreturn-type]
}
^
/public/home/zhangkewei/zr/build/rocfft_build/_deps/sqlite_local-src/sqlite3.c:88634:1: warning: void function is missing a return statement [-Wreturn-type]
}
^
/public/home/zhangkewei/zr/build/rocfft_build/_deps/sqlite_local-src/sqlite3.c:88642:1: warning: void function is missing a return statement [-Wreturn-type]
}
^
/public/home/zhangkewei/zr/build/rocfft_build/_deps/sqlite_local-src/sqlite3.c:88654:1: warning: void function is missing a return statement [-Wreturn-type]
}
^
/public/home/zhangkewei/zr/build/rocfft_build/_deps/sqlite_local-src/sqlite3.c:88695:1: warning: void function is missing a return statement [-Wreturn-type]
}
^
/public/home/zhangkewei/zr/build/rocfft_build/_deps/sqlite_local-src/sqlite3.c:88748:1: warning: void function is missing a return statement [-Wreturn-type]
}
^
/public/home/zhangkewei/zr/build/rocfft_build/_deps/sqlite_local-src/sqlite3.c:89409:1: warning: void function is missing a return statement [-Wreturn-type]
}
^
/public/home/zhangkewei/zr/build/rocfft_build/_deps/sqlite_local-src/sqlite3.c:89607:1: warning: void function is missing a return statement [-Wreturn-type]
}
^
/public/home/zhangkewei/zr/build/rocfft_build/_deps/sqlite_local-src/sqlite3.c:89656:1: warning: void function is missing a return statement [-Wreturn-type]
}
^
/public/home/zhangkewei/zr/build/rocfft_build/_deps/sqlite_local-src/sqlite3.c:89677:1: warning: void function is missing a return statement [-Wreturn-type]
}
^
/public/home/zhangkewei/zr/build/rocfft_build/_deps/sqlite_local-src/sqlite3.c:89988:1: warning: void function is missing a return statement [-Wreturn-type]
}
^
/public/home/zhangkewei/zr/build/rocfft_build/_deps/sqlite_local-src/sqlite3.c:90174:1: warning: void function is missing a return statement [-Wreturn-type]
}
^
/public/home/zhangkewei/zr/build/rocfft_build/_deps/sqlite_local-src/sqlite3.c:91189:1: warning: void function is missing a return statement [-Wreturn-type]
}
^
/public/home/zhangkewei/zr/build/rocfft_build/_deps/sqlite_local-src/sqlite3.c:91197:1: warning: void function is missing a return statement [-Wreturn-type]
}
^
/public/home/zhangkewei/zr/build/rocfft_build/_deps/sqlite_local-src/sqlite3.c:91222:1: warning: void function is missing a return statement [-Wreturn-type]
}
^
/public/home/zhangkewei/zr/build/rocfft_build/_deps/sqlite_local-src/sqlite3.c:91278:1: warning: void function is missing a return statement [-Wreturn-type]
}
^
/public/home/zhangkewei/zr/build/rocfft_build/_deps/sqlite_local-src/sqlite3.c:91342:1: warning: void function is missing a return statement [-Wreturn-type]
}
^
/public/home/zhangkewei/zr/build/rocfft_build/_deps/sqlite_local-src/sqlite3.c:91538:1: warning: void function is missing a return statement [-Wreturn-type]
}
^
/public/home/zhangkewei/zr/build/rocfft_build/_deps/sqlite_local-src/sqlite3.c:91832:1: warning: void function is missing a return statement [-Wreturn-type]
}
^
/public/home/zhangkewei/zr/build/rocfft_build/_deps/sqlite_local-src/sqlite3.c:91909:1: warning: void function is missing a return statement [-Wreturn-type]
}
^
/public/home/zhangkewei/zr/build/rocfft_build/_deps/sqlite_local-src/sqlite3.c:91929:1: warning: void function is missing a return statement [-Wreturn-type]
}
^
/public/home/zhangkewei/zr/build/rocfft_build/_deps/sqlite_local-src/sqlite3.c:91936:1: warning: void function is missing a return statement [-Wreturn-type]
}
^
/public/home/zhangkewei/zr/build/rocfft_build/_deps/sqlite_local-src/sqlite3.c:91944:1: warning: void function is missing a return statement [-Wreturn-type]
}
^
/public/home/zhangkewei/zr/build/rocfft_build/_deps/sqlite_local-src/sqlite3.c:91953:1: warning: void function is missing a return statement [-Wreturn-type]
}
^
/public/home/zhangkewei/zr/build/rocfft_build/_deps/sqlite_local-src/sqlite3.c:91961:1: warning: void function is missing a return statement [-Wreturn-type]
}
^
/public/home/zhangkewei/zr/build/rocfft_build/_deps/sqlite_local-src/sqlite3.c:91968:1: warning: void function is missing a return statement [-Wreturn-type]
}
^
/public/home/zhangkewei/zr/build/rocfft_build/_deps/sqlite_local-src/sqlite3.c:91975:1: warning: void function is missing a return statement [-Wreturn-type]
}
^
/public/home/zhangkewei/zr/build/rocfft_build/_deps/sqlite_local-src/sqlite3.c:91994:1: warning: void function is missing a return statement [-Wreturn-type]
}
^
/public/home/zhangkewei/zr/build/rocfft_build/_deps/sqlite_local-src/sqlite3.c:92016:1: warning: void function is missing a return statement [-Wreturn-type]
}
^
/public/home/zhangkewei/zr/build/rocfft_build/_deps/sqlite_local-src/sqlite3.c:92031:1: warning: void function is missing a return statement [-Wreturn-type]
}
^
/public/home/zhangkewei/zr/build/rocfft_build/_deps/sqlite_local-src/sqlite3.c:92057:1: warning: void function is missing a return statement [-Wreturn-type]
}
^
/public/home/zhangkewei/zr/build/rocfft_build/_deps/sqlite_local-src/sqlite3.c:92067:1: warning: void function is missing a return statement [-Wreturn-type]
}
^
/public/home/zhangkewei/zr/build/rocfft_build/_deps/sqlite_local-src/sqlite3.c:92076:1: warning: void function is missing a return statement [-Wreturn-type]
}
^
/public/home/zhangkewei/zr/build/rocfft_build/_deps/sqlite_local-src/sqlite3.c:92085:1: warning: void function is missing a return statement [-Wreturn-type]
}
^
/public/home/zhangkewei/zr/build/rocfft_build/_deps/sqlite_local-src/sqlite3.c:92104:1: warning: void function is missing a return statement [-Wreturn-type]
}
^
/public/home/zhangkewei/zr/build/rocfft_build/_deps/sqlite_local-src/sqlite3.c:92107:1: warning: void function is missing a return statement [-Wreturn-type]
}
^
/public/home/zhangkewei/zr/build/rocfft_build/_deps/sqlite_local-src/sqlite3.c:92139:1: warning: void function is missing a return statement [-Wreturn-type]
}
^
/public/home/zhangkewei/zr/build/rocfft_build/_deps/sqlite_local-src/sqlite3.c:92150:1: warning: void function is missing a return statement [-Wreturn-type]
}
^
/public/home/zhangkewei/zr/build/rocfft_build/_deps/sqlite_local-src/sqlite3.c:92161:1: warning: void function is missing a return statement [-Wreturn-type]
}
^
/public/home/zhangkewei/zr/build/rocfft_build/_deps/sqlite_local-src/sqlite3.c:92174:1: warning: void function is missing a return statement [-Wreturn-type]
}
^
/public/home/zhangkewei/zr/build/rocfft_build/_deps/sqlite_local-src/sqlite3.c:92467:1: warning: void function is missing a return statement [-Wreturn-type]
}
^
/public/home/zhangkewei/zr/build/rocfft_build/_deps/sqlite_local-src/sqlite3.c:92816:1: warning: void function is missing a return statement [-Wreturn-type]
}
^
/public/home/zhangkewei/zr/build/rocfft_build/_deps/sqlite_local-src/sqlite3.c:94768:1: warning: void function is missing a return statement [-Wreturn-type]
}
^
/public/home/zhangkewei/zr/build/rocfft_build/_deps/sqlite_local-src/sqlite3.c:94796:1: warning: void function is missing a return statement [-Wreturn-type]
}
^
/public/home/zhangkewei/zr/build/rocfft_build/_deps/sqlite_local-src/sqlite3.c:104576:1: warning: void function is missing a return statement [-Wreturn-type]
}
^
/public/home/zhangkewei/zr/build/rocfft_build/_deps/sqlite_local-src/sqlite3.c:105145:1: warning: void function is missing a return statement [-Wreturn-type]
}
^
/public/home/zhangkewei/zr/build/rocfft_build/_deps/sqlite_local-src/sqlite3.c:105171:1: warning: void function is missing a return statement [-Wreturn-type]
}
^
/public/home/zhangkewei/zr/build/rocfft_build/_deps/sqlite_local-src/sqlite3.c:105312:1: warning: void function is missing a return statement [-Wreturn-type]
}
^
/public/home/zhangkewei/zr/build/rocfft_build/_deps/sqlite_local-src/sqlite3.c:105330:1: warning: void function is missing a return statement [-Wreturn-type]
}
^
/public/home/zhangkewei/zr/build/rocfft_build/_deps/sqlite_local-src/sqlite3.c:105363:1: warning: void function is missing a return statement [-Wreturn-type]
}
^
/public/home/zhangkewei/zr/build/rocfft_build/_deps/sqlite_local-src/sqlite3.c:105378:1: warning: void function is missing a return statement [-Wreturn-type]
}
^
/public/home/zhangkewei/zr/build/rocfft_build/_deps/sqlite_local-src/sqlite3.c:105399:1: warning: void function is missing a return statement [-Wreturn-type]
}
^
/public/home/zhangkewei/zr/build/rocfft_build/_deps/sqlite_local-src/sqlite3.c:105577:1: warning: void function is missing a return statement [-Wreturn-type]
}
^
/public/home/zhangkewei/zr/build/rocfft_build/_deps/sqlite_local-src/sqlite3.c:105605:1: warning: void function is missing a return statement [-Wreturn-type]
}
^
/public/home/zhangkewei/zr/build/rocfft_build/_deps/sqlite_local-src/sqlite3.c:105640:1: warning: void function is missing a return statement [-Wreturn-type]
}
^
/public/home/zhangkewei/zr/build/rocfft_build/_deps/sqlite_local-src/sqlite3.c:106130:1: warning: void function is missing a return statement [-Wreturn-type]
}
^
/public/home/zhangkewei/zr/build/rocfft_build/_deps/sqlite_local-src/sqlite3.c:106183:1: warning: void function is missing a return statement [-Wreturn-type]
}
^
/public/home/zhangkewei/zr/build/rocfft_build/_deps/sqlite_local-src/sqlite3.c:107466:1: warning: void function is missing a return statement [-Wreturn-type]
}
^
/public/home/zhangkewei/zr/build/rocfft_build/_deps/sqlite_local-src/sqlite3.c:107719:1: warning: void function is missing a return statement [-Wreturn-type]
}
^
/public/home/zhangkewei/zr/build/rocfft_build/_deps/sqlite_local-src/sqlite3.c:107894:1: warning: void function is missing a return statement [-Wreturn-type]
}
^
/public/home/zhangkewei/zr/build/rocfft_build/_deps/sqlite_local-src/sqlite3.c:108006:1: warning: void function is missing a return statement [-Wreturn-type]
}
^
/public/home/zhangkewei/zr/build/rocfft_build/_deps/sqlite_local-src/sqlite3.c:108080:1: warning: void function is missing a return statement [-Wreturn-type]
}
^
/public/home/zhangkewei/zr/build/rocfft_build/_deps/sqlite_local-src/sqlite3.c:108256:1: warning: void function is missing a return statement [-Wreturn-type]
}
^
/public/home/zhangkewei/zr/build/rocfft_build/_deps/sqlite_local-src/sqlite3.c:108955:1: warning: void function is missing a return statement [-Wreturn-type]
}
^
/public/home/zhangkewei/zr/build/rocfft_build/_deps/sqlite_local-src/sqlite3.c:109599:1: warning: void function is missing a return statement [-Wreturn-type]
}
^
/public/home/zhangkewei/zr/build/rocfft_build/_deps/sqlite_local-src/sqlite3.c:109784:1: warning: void function is missing a return statement [-Wreturn-type]
}
^
/public/home/zhangkewei/zr/build/rocfft_build/_deps/sqlite_local-src/sqlite3.c:110286:1: warning: void function is missing a return statement [-Wreturn-type]
}
^
/public/home/zhangkewei/zr/build/rocfft_build/_deps/sqlite_local-src/sqlite3.c:111163:1: warning: void function is missing a return statement [-Wreturn-type]
}
^
/public/home/zhangkewei/zr/build/rocfft_build/_deps/sqlite_local-src/sqlite3.c:111171:1: warning: void function is missing a return statement [-Wreturn-type]
}
^
/public/home/zhangkewei/zr/build/rocfft_build/_deps/sqlite_local-src/sqlite3.c:111182:1: warning: void function is missing a return statement [-Wreturn-type]
}
^
/public/home/zhangkewei/zr/build/rocfft_build/_deps/sqlite_local-src/sqlite3.c:111206:1: warning: void function is missing a return statement [-Wreturn-type]
}
^
/public/home/zhangkewei/zr/build/rocfft_build/_deps/sqlite_local-src/sqlite3.c:111372:1: warning: void function is missing a return statement [-Wreturn-type]
}
^
/public/home/zhangkewei/zr/build/rocfft_build/_deps/sqlite_local-src/sqlite3.c:111415:1: warning: void function is missing a return statement [-Wreturn-type]
}
^
/public/home/zhangkewei/zr/build/rocfft_build/_deps/sqlite_local-src/sqlite3.c:111545:1: warning: void function is missing a return statement [-Wreturn-type]
}
^
/public/home/zhangkewei/zr/build/rocfft_build/_deps/sqlite_local-src/sqlite3.c:111630:1: warning: void function is missing a return statement [-Wreturn-type]
}
^
/public/home/zhangkewei/zr/build/rocfft_build/_deps/sqlite_local-src/sqlite3.c:111768:1: warning: void function is missing a return statement [-Wreturn-type]
}
^
/public/home/zhangkewei/zr/build/rocfft_build/_deps/sqlite_local-src/sqlite3.c:111771:1: warning: void function is missing a return statement [-Wreturn-type]
}
^
/public/home/zhangkewei/zr/build/rocfft_build/_deps/sqlite_local-src/sqlite3.c:111774:1: warning: void function is missing a return statement [-Wreturn-type]
}
^
/public/home/zhangkewei/zr/build/rocfft_build/_deps/sqlite_local-src/sqlite3.c:111787:1: warning: void function is missing a return statement [-Wreturn-type]
}
^
/public/home/zhangkewei/zr/build/rocfft_build/_deps/sqlite_local-src/sqlite3.c:111813:1: warning: void function is missing a return statement [-Wreturn-type]
}
^
/public/home/zhangkewei/zr/build/rocfft_build/_deps/sqlite_local-src/sqlite3.c:112137:1: warning: void function is missing a return statement [-Wreturn-type]
}
^
/public/home/zhangkewei/zr/build/rocfft_build/_deps/sqlite_local-src/sqlite3.c:112551:1: warning: void function is missing a return statement [-Wreturn-type]
}
^
/public/home/zhangkewei/zr/build/rocfft_build/_deps/sqlite_local-src/sqlite3.c:112577:1: warning: void function is missing a return statement [-Wreturn-type]
}
^
/public/home/zhangkewei/zr/build/rocfft_build/_deps/sqlite_local-src/sqlite3.c:112594:1: warning: void function is missing a return statement [-Wreturn-type]
}
^
/public/home/zhangkewei/zr/build/rocfft_build/_deps/sqlite_local-src/sqlite3.c:112610:1: warning: void function is missing a return statement [-Wreturn-type]
}
^
/public/home/zhangkewei/zr/build/rocfft_build/_deps/sqlite_local-src/sqlite3.c:112613:1: warning: void function is missing a return statement [-Wreturn-type]
}
^
/public/home/zhangkewei/zr/build/rocfft_build/_deps/sqlite_local-src/sqlite3.c:112616:1: warning: void function is missing a return statement [-Wreturn-type]
}
^
/public/home/zhangkewei/zr/build/rocfft_build/_deps/sqlite_local-src/sqlite3.c:113379:1: warning: void function is missing a return statement [-Wreturn-type]
}
^
/public/home/zhangkewei/zr/build/rocfft_build/_deps/sqlite_local-src/sqlite3.c:113747:1: warning: void function is missing a return statement [-Wreturn-type]
}
^
/public/home/zhangkewei/zr/build/rocfft_build/_deps/sqlite_local-src/sqlite3.c:113770:1: warning: void function is missing a return statement [-Wreturn-type]
}
^
/public/home/zhangkewei/zr/build/rocfft_build/_deps/sqlite_local-src/sqlite3.c:114526:1: warning: void function is missing a return statement [-Wreturn-type]
}
^
/public/home/zhangkewei/zr/build/rocfft_build/_deps/sqlite_local-src/sqlite3.c:114568:1: warning: void function is missing a return statement [-Wreturn-type]
}
^
/public/home/zhangkewei/zr/build/rocfft_build/_deps/sqlite_local-src/sqlite3.c:114592:1: warning: void function is missing a return statement [-Wreturn-type]
}
^
/public/home/zhangkewei/zr/build/rocfft_build/_deps/sqlite_local-src/sqlite3.c:114621:1: warning: void function is missing a return statement [-Wreturn-type]
}
^
/public/home/zhangkewei/zr/build/rocfft_build/_deps/sqlite_local-src/sqlite3.c:114710:1: warning: void function is missing a return statement [-Wreturn-type]
}
^
/public/home/zhangkewei/zr/build/rocfft_build/_deps/sqlite_local-src/sqlite3.c:114774:1: warning: void function is missing a return statement [-Wreturn-type]
}
^
/public/home/zhangkewei/zr/build/rocfft_build/_deps/sqlite_local-src/sqlite3.c:116003:1: warning: void function is missing a return statement [-Wreturn-type]
}
^
/public/home/zhangkewei/zr/build/rocfft_build/_deps/sqlite_local-src/sqlite3.c:116017:1: warning: void function is missing a return statement [-Wreturn-type]
}
^
/public/home/zhangkewei/zr/build/rocfft_build/_deps/sqlite_local-src/sqlite3.c:116170:1: warning: void function is missing a return statement [-Wreturn-type]
}
^
/public/home/zhangkewei/zr/build/rocfft_build/_deps/sqlite_local-src/sqlite3.c:116509:1: warning: void function is missing a return statement [-Wreturn-type]
}
^
/public/home/zhangkewei/zr/build/rocfft_build/_deps/sqlite_local-src/sqlite3.c:116905:1: warning: void function is missing a return statement [-Wreturn-type]
}
^
/public/home/zhangkewei/zr/build/rocfft_build/_deps/sqlite_local-src/sqlite3.c:117173:1: warning: void function is missing a return statement [-Wreturn-type]
}
^
/public/home/zhangkewei/zr/build/rocfft_build/_deps/sqlite_local-src/sqlite3.c:117309:1: warning: void function is missing a return statement [-Wreturn-type]
}
^
/public/home/zhangkewei/zr/build/rocfft_build/_deps/sqlite_local-src/sqlite3.c:117596:1: warning: void function is missing a return statement [-Wreturn-type]
}
^
/public/home/zhangkewei/zr/build/rocfft_build/_deps/sqlite_local-src/sqlite3.c:117612:1: warning: void function is missing a return statement [-Wreturn-type]
}
^
/public/home/zhangkewei/zr/build/rocfft_build/_deps/sqlite_local-src/sqlite3.c:117635:1: warning: void function is missing a return statement [-Wreturn-type]
}
^
/public/home/zhangkewei/zr/build/rocfft_build/_deps/sqlite_local-src/sqlite3.c:117677:1: warning: void function is missing a return statement [-Wreturn-type]
}
^
/public/home/zhangkewei/zr/build/rocfft_build/_deps/sqlite_local-src/sqlite3.c:117685:1: warning: void function is missing a return statement [-Wreturn-type]
}
^
/public/home/zhangkewei/zr/build/rocfft_build/_deps/sqlite_local-src/sqlite3.c:117823:1: warning: void function is missing a return statement [-Wreturn-type]
}
^
/public/home/zhangkewei/zr/build/rocfft_build/_deps/sqlite_local-src/sqlite3.c:117847:1: warning: void function is missing a return statement [-Wreturn-type]
}
^
/public/home/zhangkewei/zr/build/rocfft_build/_deps/sqlite_local-src/sqlite3.c:117860:1: warning: void function is missing a return statement [-Wreturn-type]
}
^
/public/home/zhangkewei/zr/build/rocfft_build/_deps/sqlite_local-src/sqlite3.c:118029:1: warning: void function is missing a return statement [-Wreturn-type]
}
^
/public/home/zhangkewei/zr/build/rocfft_build/_deps/sqlite_local-src/sqlite3.c:118045:1: warning: void function is missing a return statement [-Wreturn-type]
}
^
/public/home/zhangkewei/zr/build/rocfft_build/_deps/sqlite_local-src/sqlite3.c:118550:1: warning: void function is missing a return statement [-Wreturn-type]
}
^
/public/home/zhangkewei/zr/build/rocfft_build/_deps/sqlite_local-src/sqlite3.c:118612:1: warning: void function is missing a return statement [-Wreturn-type]
}
^
/public/home/zhangkewei/zr/build/rocfft_build/_deps/sqlite_local-src/sqlite3.c:118663:1: warning: void function is missing a return statement [-Wreturn-type]
}
^
/public/home/zhangkewei/zr/build/rocfft_build/_deps/sqlite_local-src/sqlite3.c:118683:1: warning: void function is missing a return statement [-Wreturn-type]
}
^
/public/home/zhangkewei/zr/build/rocfft_build/_deps/sqlite_local-src/sqlite3.c:118695:1: warning: void function is missing a return statement [-Wreturn-type]
}
^
/public/home/zhangkewei/zr/build/rocfft_build/_deps/sqlite_local-src/sqlite3.c:118818:1: warning: void function is missing a return statement [-Wreturn-type]
}
^
/public/home/zhangkewei/zr/build/rocfft_build/_deps/sqlite_local-src/sqlite3.c:118844:1: warning: void function is missing a return statement [-Wreturn-type]
}
^
/public/home/zhangkewei/zr/build/rocfft_build/_deps/sqlite_local-src/sqlite3.c:118866:1: warning: void function is missing a return statement [-Wreturn-type]
}
^
/public/home/zhangkewei/zr/build/rocfft_build/_deps/sqlite_local-src/sqlite3.c:119053:1: warning: void function is missing a return statement [-Wreturn-type]
}
^
/public/home/zhangkewei/zr/build/rocfft_build/_deps/sqlite_local-src/sqlite3.c:119203:1: warning: void function is missing a return statement [-Wreturn-type]
}
^
/public/home/zhangkewei/zr/build/rocfft_build/_deps/sqlite_local-src/sqlite3.c:119224:1: warning: void function is missing a return statement [-Wreturn-type]
}
^
/public/home/zhangkewei/zr/build/rocfft_build/_deps/sqlite_local-src/sqlite3.c:119748:1: warning: void function is missing a return statement [-Wreturn-type]
}
^
/public/home/zhangkewei/zr/build/rocfft_build/_deps/sqlite_local-src/sqlite3.c:119835:1: warning: void function is missing a return statement [-Wreturn-type]
}
^
/public/home/zhangkewei/zr/build/rocfft_build/_deps/sqlite_local-src/sqlite3.c:119904:1: warning: void function is missing a return statement [-Wreturn-type]
}
^
/public/home/zhangkewei/zr/build/rocfft_build/_deps/sqlite_local-src/sqlite3.c:120056:1: warning: void function is missing a return statement [-Wreturn-type]
}
^
/public/home/zhangkewei/zr/build/rocfft_build/_deps/sqlite_local-src/sqlite3.c:120070:1: warning: void function is missing a return statement [-Wreturn-type]
}
^
/public/home/zhangkewei/zr/build/rocfft_build/_deps/sqlite_local-src/sqlite3.c:120451:1: warning: void function is missing a return statement [-Wreturn-type]
}
^
/public/home/zhangkewei/zr/build/rocfft_build/_deps/sqlite_local-src/sqlite3.c:120853:1: warning: void function is missing a return statement [-Wreturn-type]
}
^
/public/home/zhangkewei/zr/build/rocfft_build/_deps/sqlite_local-src/sqlite3.c:120996:1: warning: void function is missing a return statement [-Wreturn-type]
}
^
/public/home/zhangkewei/zr/build/rocfft_build/_deps/sqlite_local-src/sqlite3.c:121020:1: warning: void function is missing a return statement [-Wreturn-type]
}
^
/public/home/zhangkewei/zr/build/rocfft_build/_deps/sqlite_local-src/sqlite3.c:121463:1: warning: void function is missing a return statement [-Wreturn-type]
}
^
/public/home/zhangkewei/zr/build/rocfft_build/_deps/sqlite_local-src/sqlite3.c:121493:1: warning: void function is missing a return statement [-Wreturn-type]
}
^
/public/home/zhangkewei/zr/build/rocfft_build/_deps/sqlite_local-src/sqlite3.c:121517:1: warning: void function is missing a return statement [-Wreturn-type]
}
^
/public/home/zhangkewei/zr/build/rocfft_build/_deps/sqlite_local-src/sqlite3.c:121654:1: warning: void function is missing a return statement [-Wreturn-type]
}
^
/public/home/zhangkewei/zr/build/rocfft_build/_deps/sqlite_local-src/sqlite3.c:121750:1: warning: void function is missing a return statement [-Wreturn-type]
}
^
/public/home/zhangkewei/zr/build/rocfft_build/_deps/sqlite_local-src/sqlite3.c:122502:1: warning: void function is missing a return statement [-Wreturn-type]
}
^
/public/home/zhangkewei/zr/build/rocfft_build/_deps/sqlite_local-src/sqlite3.c:122522:1: warning: void function is missing a return statement [-Wreturn-type]
}
^
/public/home/zhangkewei/zr/build/rocfft_build/_deps/sqlite_local-src/sqlite3.c:122542:1: warning: void function is missing a return statement [-Wreturn-type]
}
^
/public/home/zhangkewei/zr/build/rocfft_build/_deps/sqlite_local-src/sqlite3.c:122635:1: warning: void function is missing a return statement [-Wreturn-type]
}
^
/public/home/zhangkewei/zr/build/rocfft_build/_deps/sqlite_local-src/sqlite3.c:122807:1: warning: void function is missing a return statement [-Wreturn-type]
}
^
/public/home/zhangkewei/zr/build/rocfft_build/_deps/sqlite_local-src/sqlite3.c:122961:1: warning: void function is missing a return statement [-Wreturn-type]
}
^
/public/home/zhangkewei/zr/build/rocfft_build/_deps/sqlite_local-src/sqlite3.c:122972:1: warning: void function is missing a return statement [-Wreturn-type]
}
^
/public/home/zhangkewei/zr/build/rocfft_build/_deps/sqlite_local-src/sqlite3.c:123090:1: warning: void function is missing a return statement [-Wreturn-type]
}
^
/public/home/zhangkewei/zr/build/rocfft_build/_deps/sqlite_local-src/sqlite3.c:123524:1: warning: void function is missing a return statement [-Wreturn-type]
}
^
/public/home/zhangkewei/zr/build/rocfft_build/_deps/sqlite_local-src/sqlite3.c:123555:1: warning: void function is missing a return statement [-Wreturn-type]
}
^
/public/home/zhangkewei/zr/build/rocfft_build/_deps/sqlite_local-src/sqlite3.c:123585:1: warning: void function is missing a return statement [-Wreturn-type]
}
^
/public/home/zhangkewei/zr/build/rocfft_build/_deps/sqlite_local-src/sqlite3.c:123610:1: warning: void function is missing a return statement [-Wreturn-type]
}
^
/public/home/zhangkewei/zr/build/rocfft_build/_deps/sqlite_local-src/sqlite3.c:123635:1: warning: void function is missing a return statement [-Wreturn-type]
}
^
/public/home/zhangkewei/zr/build/rocfft_build/_deps/sqlite_local-src/sqlite3.c:123642:1: warning: void function is missing a return statement [-Wreturn-type]
}
^
/public/home/zhangkewei/zr/build/rocfft_build/_deps/sqlite_local-src/sqlite3.c:123668:1: warning: void function is missing a return statement [-Wreturn-type]
}
^
/public/home/zhangkewei/zr/build/rocfft_build/_deps/sqlite_local-src/sqlite3.c:123706:1: warning: void function is missing a return statement [-Wreturn-type]
}
^
/public/home/zhangkewei/zr/build/rocfft_build/_deps/sqlite_local-src/sqlite3.c:123748:1: warning: void function is missing a return statement [-Wreturn-type]
}
^
/public/home/zhangkewei/zr/build/rocfft_build/_deps/sqlite_local-src/sqlite3.c:123822:1: warning: void function is missing a return statement [-Wreturn-type]
}
^
/public/home/zhangkewei/zr/build/rocfft_build/_deps/sqlite_local-src/sqlite3.c:123832:1: warning: void function is missing a return statement [-Wreturn-type]
}
^
/public/home/zhangkewei/zr/build/rocfft_build/_deps/sqlite_local-src/sqlite3.c:123852:1: warning: void function is missing a return statement [-Wreturn-type]
}
^
/public/home/zhangkewei/zr/build/rocfft_build/_deps/sqlite_local-src/sqlite3.c:123889:1: warning: void function is missing a return statement [-Wreturn-type]
}
^
/public/home/zhangkewei/zr/build/rocfft_build/_deps/sqlite_local-src/sqlite3.c:124154:1: warning: void function is missing a return statement [-Wreturn-type]
}
^
/public/home/zhangkewei/zr/build/rocfft_build/_deps/sqlite_local-src/sqlite3.c:124384:1: warning: void function is missing a return statement [-Wreturn-type]
}
^
/public/home/zhangkewei/zr/build/rocfft_build/_deps/sqlite_local-src/sqlite3.c:124733:1: warning: void function is missing a return statement [-Wreturn-type]
}
^
/public/home/zhangkewei/zr/build/rocfft_build/_deps/sqlite_local-src/sqlite3.c:124757:1: warning: void function is missing a return statement [-Wreturn-type]
}
^
/public/home/zhangkewei/zr/build/rocfft_build/_deps/sqlite_local-src/sqlite3.c:124772:1: warning: void function is missing a return statement [-Wreturn-type]
}
^
/public/home/zhangkewei/zr/build/rocfft_build/_deps/sqlite_local-src/sqlite3.c:124895:1: warning: void function is missing a return statement [-Wreturn-type]
}
^
/public/home/zhangkewei/zr/build/rocfft_build/_deps/sqlite_local-src/sqlite3.c:124989:1: warning: void function is missing a return statement [-Wreturn-type]
}
^
/public/home/zhangkewei/zr/build/rocfft_build/_deps/sqlite_local-src/sqlite3.c:125016:1: warning: void function is missing a return statement [-Wreturn-type]
}
^
/public/home/zhangkewei/zr/build/rocfft_build/_deps/sqlite_local-src/sqlite3.c:125068:1: warning: void function is missing a return statement [-Wreturn-type]
}
^
/public/home/zhangkewei/zr/build/rocfft_build/_deps/sqlite_local-src/sqlite3.c:125194:1: warning: void function is missing a return statement [-Wreturn-type]
}
^
/public/home/zhangkewei/zr/build/rocfft_build/_deps/sqlite_local-src/sqlite3.c:125209:1: warning: void function is missing a return statement [-Wreturn-type]
}
^
/public/home/zhangkewei/zr/build/rocfft_build/_deps/sqlite_local-src/sqlite3.c:125291:1: warning: void function is missing a return statement [-Wreturn-type]
}
^
/public/home/zhangkewei/zr/build/rocfft_build/_deps/sqlite_local-src/sqlite3.c:126235:1: warning: void function is missing a return statement [-Wreturn-type]
}
^
/public/home/zhangkewei/zr/build/rocfft_build/_deps/sqlite_local-src/sqlite3.c:126266:1: warning: void function is missing a return statement [-Wreturn-type]
}
^
/public/home/zhangkewei/zr/build/rocfft_build/_deps/sqlite_local-src/sqlite3.c:126341:1: warning: void function is missing a return statement [-Wreturn-type]
}
^
/public/home/zhangkewei/zr/build/rocfft_build/_deps/sqlite_local-src/sqlite3.c:126413:1: warning: void function is missing a return statement [-Wreturn-type]
}
^
/public/home/zhangkewei/zr/build/rocfft_build/_deps/sqlite_local-src/sqlite3.c:126558:1: warning: void function is missing a return statement [-Wreturn-type]
}
^
/public/home/zhangkewei/zr/build/rocfft_build/_deps/sqlite_local-src/sqlite3.c:126699:1: warning: void function is missing a return statement [-Wreturn-type]
}
^
/public/home/zhangkewei/zr/build/rocfft_build/_deps/sqlite_local-src/sqlite3.c:127491:1: warning: void function is missing a return statement [-Wreturn-type]
}
^
/public/home/zhangkewei/zr/build/rocfft_build/_deps/sqlite_local-src/sqlite3.c:127549:1: warning: void function is missing a return statement [-Wreturn-type]
}
^
/public/home/zhangkewei/zr/build/rocfft_build/_deps/sqlite_local-src/sqlite3.c:127620:1: warning: void function is missing a return statement [-Wreturn-type]
}
^
/public/home/zhangkewei/zr/build/rocfft_build/_deps/sqlite_local-src/sqlite3.c:127901:1: warning: void function is missing a return statement [-Wreturn-type]
}
^
/public/home/zhangkewei/zr/build/rocfft_build/_deps/sqlite_local-src/sqlite3.c:127910:1: warning: void function is missing a return statement [-Wreturn-type]
}
^
/public/home/zhangkewei/zr/build/rocfft_build/_deps/sqlite_local-src/sqlite3.c:128110:1: warning: void function is missing a return statement [-Wreturn-type]
}
^
/public/home/zhangkewei/zr/build/rocfft_build/_deps/sqlite_local-src/sqlite3.c:128148:1: warning: void function is missing a return statement [-Wreturn-type]
}
^
/public/home/zhangkewei/zr/build/rocfft_build/_deps/sqlite_local-src/sqlite3.c:128193:1: warning: void function is missing a return statement [-Wreturn-type]
}
^
/public/home/zhangkewei/zr/build/rocfft_build/_deps/sqlite_local-src/sqlite3.c:128322:1: warning: void function is missing a return statement [-Wreturn-type]
}
^
/public/home/zhangkewei/zr/build/rocfft_build/_deps/sqlite_local-src/sqlite3.c:128325:1: warning: void function is missing a return statement [-Wreturn-type]
}
^
/public/home/zhangkewei/zr/build/rocfft_build/_deps/sqlite_local-src/sqlite3.c:128341:1: warning: void function is missing a return statement [-Wreturn-type]
}
^
/public/home/zhangkewei/zr/build/rocfft_build/_deps/sqlite_local-src/sqlite3.c:128361:1: warning: void function is missing a return statement [-Wreturn-type]
}
^
/public/home/zhangkewei/zr/build/rocfft_build/_deps/sqlite_local-src/sqlite3.c:128373:1: warning: void function is missing a return statement [-Wreturn-type]
}
^
/public/home/zhangkewei/zr/build/rocfft_build/_deps/sqlite_local-src/sqlite3.c:128394:1: warning: void function is missing a return statement [-Wreturn-type]
}
^
/public/home/zhangkewei/zr/build/rocfft_build/_deps/sqlite_local-src/sqlite3.c:128418:1: warning: void function is missing a return statement [-Wreturn-type]
}
^
/public/home/zhangkewei/zr/build/rocfft_build/_deps/sqlite_local-src/sqlite3.c:128453:1: warning: void function is missing a return statement [-Wreturn-type]
}
^
/public/home/zhangkewei/zr/build/rocfft_build/_deps/sqlite_local-src/sqlite3.c:128476:1: warning: void function is missing a return statement [-Wreturn-type]
}
^
/public/home/zhangkewei/zr/build/rocfft_build/_deps/sqlite_local-src/sqlite3.c:128514:1: warning: void function is missing a return statement [-Wreturn-type]
}
^
/public/home/zhangkewei/zr/build/rocfft_build/_deps/sqlite_local-src/sqlite3.c:128538:1: warning: void function is missing a return statement [-Wreturn-type]
}
^
/public/home/zhangkewei/zr/build/rocfft_build/_deps/sqlite_local-src/sqlite3.c:128694:1: warning: void function is missing a return statement [-Wreturn-type]
}
^
/public/home/zhangkewei/zr/build/rocfft_build/_deps/sqlite_local-src/sqlite3.c:128703:1: warning: void function is missing a return statement [-Wreturn-type]
}
^
/public/home/zhangkewei/zr/build/rocfft_build/_deps/sqlite_local-src/sqlite3.c:128765:1: warning: void function is missing a return statement [-Wreturn-type]
}
^
/public/home/zhangkewei/zr/build/rocfft_build/_deps/sqlite_local-src/sqlite3.c:128768:1: warning: void function is missing a return statement [-Wreturn-type]
}
^
/public/home/zhangkewei/zr/build/rocfft_build/_deps/sqlite_local-src/sqlite3.c:128961:1: warning: void function is missing a return statement [-Wreturn-type]
}
^
/public/home/zhangkewei/zr/build/rocfft_build/_deps/sqlite_local-src/sqlite3.c:129152:1: warning: void function is missing a return statement [-Wreturn-type]
}
^
/public/home/zhangkewei/zr/build/rocfft_build/_deps/sqlite_local-src/sqlite3.c:129295:1: warning: void function is missing a return statement [-Wreturn-type]
}
^
/public/home/zhangkewei/zr/build/rocfft_build/_deps/sqlite_local-src/sqlite3.c:129377:1: warning: void function is missing a return statement [-Wreturn-type]
}
^
/public/home/zhangkewei/zr/build/rocfft_build/_deps/sqlite_local-src/sqlite3.c:129491:1: warning: void function is missing a return statement [-Wreturn-type]
}
^
/public/home/zhangkewei/zr/build/rocfft_build/_deps/sqlite_local-src/sqlite3.c:130200:1: warning: void function is missing a return statement [-Wreturn-type]
}
^
/public/home/zhangkewei/zr/build/rocfft_build/_deps/sqlite_local-src/sqlite3.c:130252:1: warning: void function is missing a return statement [-Wreturn-type]
}
^
/public/home/zhangkewei/zr/build/rocfft_build/_deps/sqlite_local-src/sqlite3.c:130351:1: warning: void function is missing a return statement [-Wreturn-type]
}
^
/public/home/zhangkewei/zr/build/rocfft_build/_deps/sqlite_local-src/sqlite3.c:130398:1: warning: void function is missing a return statement [-Wreturn-type]
}
^
/public/home/zhangkewei/zr/build/rocfft_build/_deps/sqlite_local-src/sqlite3.c:130452:1: warning: void function is missing a return statement [-Wreturn-type]
}
^
/public/home/zhangkewei/zr/build/rocfft_build/_deps/sqlite_local-src/sqlite3.c:130465:1: warning: void function is missing a return statement [-Wreturn-type]
}
^
/public/home/zhangkewei/zr/build/rocfft_build/_deps/sqlite_local-src/sqlite3.c:130540:1: warning: void function is missing a return statement [-Wreturn-type]
}
^
/public/home/zhangkewei/zr/build/rocfft_build/_deps/sqlite_local-src/sqlite3.c:130687:1: warning: void function is missing a return statement [-Wreturn-type]
}
^
/public/home/zhangkewei/zr/build/rocfft_build/_deps/sqlite_local-src/sqlite3.c:130876:1: warning: void function is missing a return statement [-Wreturn-type]
}
^
/public/home/zhangkewei/zr/build/rocfft_build/_deps/sqlite_local-src/sqlite3.c:130895:1: warning: void function is missing a return statement [-Wreturn-type]
}
^
/public/home/zhangkewei/zr/build/rocfft_build/_deps/sqlite_local-src/sqlite3.c:130930:1: warning: void function is missing a return statement [-Wreturn-type]
}
^
/public/home/zhangkewei/zr/build/rocfft_build/_deps/sqlite_local-src/sqlite3.c:130954:1: warning: void function is missing a return statement [-Wreturn-type]
}
^
/public/home/zhangkewei/zr/build/rocfft_build/_deps/sqlite_local-src/sqlite3.c:130971:1: warning: void function is missing a return statement [-Wreturn-type]
}
^
/public/home/zhangkewei/zr/build/rocfft_build/_deps/sqlite_local-src/sqlite3.c:130988:1: warning: void function is missing a return statement [-Wreturn-type]
}
^
/public/home/zhangkewei/zr/build/rocfft_build/_deps/sqlite_local-src/sqlite3.c:131004:1: warning: void function is missing a return statement [-Wreturn-type]
}
^
/public/home/zhangkewei/zr/build/rocfft_build/_deps/sqlite_local-src/sqlite3.c:131342:1: warning: void function is missing a return statement [-Wreturn-type]
}
^
/public/home/zhangkewei/zr/build/rocfft_build/_deps/sqlite_local-src/sqlite3.c:131357:1: warning: void function is missing a return statement [-Wreturn-type]
}
^
/public/home/zhangkewei/zr/build/rocfft_build/_deps/sqlite_local-src/sqlite3.c:131373:1: warning: void function is missing a return statement [-Wreturn-type]
}
^
/public/home/zhangkewei/zr/build/rocfft_build/_deps/sqlite_local-src/sqlite3.c:131388:1: warning: void function is missing a return statement [-Wreturn-type]
}
^
/public/home/zhangkewei/zr/build/rocfft_build/_deps/sqlite_local-src/sqlite3.c:131411:1: warning: void function is missing a return statement [-Wreturn-type]
}
^
/public/home/zhangkewei/zr/build/rocfft_build/_deps/sqlite_local-src/sqlite3.c:131433:1: warning: void function is missing a return statement [-Wreturn-type]
}
^
/public/home/zhangkewei/zr/build/rocfft_build/_deps/sqlite_local-src/sqlite3.c:131504:1: warning: void function is missing a return statement [-Wreturn-type]
}
^
/public/home/zhangkewei/zr/build/rocfft_build/_deps/sqlite_local-src/sqlite3.c:131632:1: warning: void function is missing a return statement [-Wreturn-type]
}
^
/public/home/zhangkewei/zr/build/rocfft_build/_deps/sqlite_local-src/sqlite3.c:131646:1: warning: void function is missing a return statement [-Wreturn-type]
}
^
/public/home/zhangkewei/zr/build/rocfft_build/_deps/sqlite_local-src/sqlite3.c:131719:1: warning: void function is missing a return statement [-Wreturn-type]
}
^
/public/home/zhangkewei/zr/build/rocfft_build/_deps/sqlite_local-src/sqlite3.c:131829:1: warning: void function is missing a return statement [-Wreturn-type]
}
^
/public/home/zhangkewei/zr/build/rocfft_build/_deps/sqlite_local-src/sqlite3.c:132066:1: warning: void function is missing a return statement [-Wreturn-type]
}
^
/public/home/zhangkewei/zr/build/rocfft_build/_deps/sqlite_local-src/sqlite3.c:132235:1: warning: void function is missing a return statement [-Wreturn-type]
}
^
/public/home/zhangkewei/zr/build/rocfft_build/_deps/sqlite_local-src/sqlite3.c:132250:1: warning: void function is missing a return statement [-Wreturn-type]
}
^
/public/home/zhangkewei/zr/build/rocfft_build/_deps/sqlite_local-src/sqlite3.c:132267:1: warning: void function is missing a return statement [-Wreturn-type]
}
^
/public/home/zhangkewei/zr/build/rocfft_build/_deps/sqlite_local-src/sqlite3.c:132313:1: warning: void function is missing a return statement [-Wreturn-type]
}
^
/public/home/zhangkewei/zr/build/rocfft_build/_deps/sqlite_local-src/sqlite3.c:132344:1: warning: void function is missing a return statement [-Wreturn-type]
}
^
/public/home/zhangkewei/zr/build/rocfft_build/_deps/sqlite_local-src/sqlite3.c:132364:1: warning: void function is missing a return statement [-Wreturn-type]
}
^
/public/home/zhangkewei/zr/build/rocfft_build/_deps/sqlite_local-src/sqlite3.c:132378:1: warning: void function is missing a return statement [-Wreturn-type]
}
^
/public/home/zhangkewei/zr/build/rocfft_build/_deps/sqlite_local-src/sqlite3.c:132392:1: warning: void function is missing a return statement [-Wreturn-type]
}
^
/public/home/zhangkewei/zr/build/rocfft_build/_deps/sqlite_local-src/sqlite3.c:132424:1: warning: void function is missing a return statement [-Wreturn-type]
}
^
/public/home/zhangkewei/zr/build/rocfft_build/_deps/sqlite_local-src/sqlite3.c:132429:1: warning: void function is missing a return statement [-Wreturn-type]
}
^
/public/home/zhangkewei/zr/build/rocfft_build/_deps/sqlite_local-src/sqlite3.c:132441:1: warning: void function is missing a return statement [-Wreturn-type]
}
^
/public/home/zhangkewei/zr/build/rocfft_build/_deps/sqlite_local-src/sqlite3.c:132496:1: warning: void function is missing a return statement [-Wreturn-type]
}
^
/public/home/zhangkewei/zr/build/rocfft_build/_deps/sqlite_local-src/sqlite3.c:132500:1: warning: void function is missing a return statement [-Wreturn-type]
}
^
/public/home/zhangkewei/zr/build/rocfft_build/_deps/sqlite_local-src/sqlite3.c:132506:1: warning: void function is missing a return statement [-Wreturn-type]
}
^
/public/home/zhangkewei/zr/build/rocfft_build/_deps/sqlite_local-src/sqlite3.c:132662:1: warning: void function is missing a return statement [-Wreturn-type]
}
^
/public/home/zhangkewei/zr/build/rocfft_build/_deps/sqlite_local-src/sqlite3.c:132680:1: warning: void function is missing a return statement [-Wreturn-type]
}
^
/public/home/zhangkewei/zr/build/rocfft_build/_deps/sqlite_local-src/sqlite3.c:132696:1: warning: void function is missing a return statement [-Wreturn-type]
}
^
/public/home/zhangkewei/zr/build/rocfft_build/_deps/sqlite_local-src/sqlite3.c:132722:1: warning: void function is missing a return statement [-Wreturn-type]
}
^
/public/home/zhangkewei/zr/build/rocfft_build/_deps/sqlite_local-src/sqlite3.c:133299:1: warning: void function is missing a return statement [-Wreturn-type]
}
^
/public/home/zhangkewei/zr/build/rocfft_build/_deps/sqlite_local-src/sqlite3.c:133762:1: warning: void function is missing a return statement [-Wreturn-type]
}
^
/public/home/zhangkewei/zr/build/rocfft_build/_deps/sqlite_local-src/sqlite3.c:133962:1: warning: void function is missing a return statement [-Wreturn-type]
}
^
/public/home/zhangkewei/zr/build/rocfft_build/_deps/sqlite_local-src/sqlite3.c:133999:1: warning: void function is missing a return statement [-Wreturn-type]
}
^
/public/home/zhangkewei/zr/build/rocfft_build/_deps/sqlite_local-src/sqlite3.c:134018:1: warning: void function is missing a return statement [-Wreturn-type]
}
^
/public/home/zhangkewei/zr/build/rocfft_build/_deps/sqlite_local-src/sqlite3.c:134740:1: warning: void function is missing a return statement [-Wreturn-type]
}
^
/public/home/zhangkewei/zr/build/rocfft_build/_deps/sqlite_local-src/sqlite3.c:134785:1: warning: void function is missing a return statement [-Wreturn-type]
}
^
/public/home/zhangkewei/zr/build/rocfft_build/_deps/sqlite_local-src/sqlite3.c:134842:1: warning: void function is missing a return statement [-Wreturn-type]
}
^
/public/home/zhangkewei/zr/build/rocfft_build/_deps/sqlite_local-src/sqlite3.c:135167:1: warning: void function is missing a return statement [-Wreturn-type]
}
^
/public/home/zhangkewei/zr/build/rocfft_build/_deps/sqlite_local-src/sqlite3.c:135297:1: warning: void function is missing a return statement [-Wreturn-type]
}
^
/public/home/zhangkewei/zr/build/rocfft_build/_deps/sqlite_local-src/sqlite3.c:135311:1: warning: void function is missing a return statement [-Wreturn-type]
}
^
/public/home/zhangkewei/zr/build/rocfft_build/_deps/sqlite_local-src/sqlite3.c:135356:1: warning: void function is missing a return statement [-Wreturn-type]
}
^
/public/home/zhangkewei/zr/build/rocfft_build/_deps/sqlite_local-src/sqlite3.c:135359:1: warning: void function is missing a return statement [-Wreturn-type]
}
^
/public/home/zhangkewei/zr/build/rocfft_build/_deps/sqlite_local-src/sqlite3.c:135383:1: warning: void function is missing a return statement [-Wreturn-type]
}
^
/public/home/zhangkewei/zr/build/rocfft_build/_deps/sqlite_local-src/sqlite3.c:136448:1: warning: void function is missing a return statement [-Wreturn-type]
}
^
/public/home/zhangkewei/zr/build/rocfft_build/_deps/sqlite_local-src/sqlite3.c:139932:1: warning: void function is missing a return statement [-Wreturn-type]
}
^
/public/home/zhangkewei/zr/build/rocfft_build/_deps/sqlite_local-src/sqlite3.c:140855:1: warning: void function is missing a return statement [-Wreturn-type]
}
^
/public/home/zhangkewei/zr/build/rocfft_build/_deps/sqlite_local-src/sqlite3.c:140863:1: warning: void function is missing a return statement [-Wreturn-type]
}
^
/public/home/zhangkewei/zr/build/rocfft_build/_deps/sqlite_local-src/sqlite3.c:140876:1: warning: void function is missing a return statement [-Wreturn-type]
}
^
/public/home/zhangkewei/zr/build/rocfft_build/_deps/sqlite_local-src/sqlite3.c:140902:1: warning: void function is missing a return statement [-Wreturn-type]
}
^
/public/home/zhangkewei/zr/build/rocfft_build/_deps/sqlite_local-src/sqlite3.c:141018:1: warning: void function is missing a return statement [-Wreturn-type]
}
^
/public/home/zhangkewei/zr/build/rocfft_build/_deps/sqlite_local-src/sqlite3.c:143561:1: warning: void function is missing a return statement [-Wreturn-type]
}
^
/public/home/zhangkewei/zr/build/rocfft_build/_deps/sqlite_local-src/sqlite3.c:143775:1: warning: void function is missing a return statement [-Wreturn-type]
}
^
/public/home/zhangkewei/zr/build/rocfft_build/_deps/sqlite_local-src/sqlite3.c:144315:1: warning: void function is missing a return statement [-Wreturn-type]
}
^
/public/home/zhangkewei/zr/build/rocfft_build/_deps/sqlite_local-src/sqlite3.c:144389:1: warning: void function is missing a return statement [-Wreturn-type]
}
^
/public/home/zhangkewei/zr/build/rocfft_build/_deps/sqlite_local-src/sqlite3.c:144921:1: warning: void function is missing a return statement [-Wreturn-type]
}
^
/public/home/zhangkewei/zr/build/rocfft_build/_deps/sqlite_local-src/sqlite3.c:144933:1: warning: void function is missing a return statement [-Wreturn-type]
}
^
/public/home/zhangkewei/zr/build/rocfft_build/_deps/sqlite_local-src/sqlite3.c:145000:1: warning: void function is missing a return statement [-Wreturn-type]
}
^
/public/home/zhangkewei/zr/build/rocfft_build/_deps/sqlite_local-src/sqlite3.c:145003:1: warning: void function is missing a return statement [-Wreturn-type]
}
^
/public/home/zhangkewei/zr/build/rocfft_build/_deps/sqlite_local-src/sqlite3.c:145183:1: warning: void function is missing a return statement [-Wreturn-type]
}
^
/public/home/zhangkewei/zr/build/rocfft_build/_deps/sqlite_local-src/sqlite3.c:145272:1: warning: void function is missing a return statement [-Wreturn-type]
}
^
/public/home/zhangkewei/zr/build/rocfft_build/_deps/sqlite_local-src/sqlite3.c:145310:1: warning: void function is missing a return statement [-Wreturn-type]
}
^
/public/home/zhangkewei/zr/build/rocfft_build/_deps/sqlite_local-src/sqlite3.c:145513:1: warning: void function is missing a return statement [-Wreturn-type]
}
^
/public/home/zhangkewei/zr/build/rocfft_build/_deps/sqlite_local-src/sqlite3.c:145700:1: warning: void function is missing a return statement [-Wreturn-type]
}
^
/public/home/zhangkewei/zr/build/rocfft_build/_deps/sqlite_local-src/sqlite3.c:145854:1: warning: void function is missing a return statement [-Wreturn-type]
}
^
/public/home/zhangkewei/zr/build/rocfft_build/_deps/sqlite_local-src/sqlite3.c:146355:1: warning: void function is missing a return statement [-Wreturn-type]
}
^
/public/home/zhangkewei/zr/build/rocfft_build/_deps/sqlite_local-src/sqlite3.c:146388:1: warning: void function is missing a return statement [-Wreturn-type]
}
^
/public/home/zhangkewei/zr/build/rocfft_build/_deps/sqlite_local-src/sqlite3.c:146476:1: warning: void function is missing a return statement [-Wreturn-type]
}
^
/public/home/zhangkewei/zr/build/rocfft_build/_deps/sqlite_local-src/sqlite3.c:146718:1: warning: void function is missing a return statement [-Wreturn-type]
}
^
/public/home/zhangkewei/zr/build/rocfft_build/_deps/sqlite_local-src/sqlite3.c:146931:1: warning: void function is missing a return statement [-Wreturn-type]
}
^
/public/home/zhangkewei/zr/build/rocfft_build/_deps/sqlite_local-src/sqlite3.c:148092:1: warning: void function is missing a return statement [-Wreturn-type]
}
^
/public/home/zhangkewei/zr/build/rocfft_build/_deps/sqlite_local-src/sqlite3.c:148918:1: warning: void function is missing a return statement [-Wreturn-type]
}
^
/public/home/zhangkewei/zr/build/rocfft_build/_deps/sqlite_local-src/sqlite3.c:148929:1: warning: void function is missing a return statement [-Wreturn-type]
}
^
/public/home/zhangkewei/zr/build/rocfft_build/_deps/sqlite_local-src/sqlite3.c:148977:1: warning: void function is missing a return statement [-Wreturn-type]
}
^
/public/home/zhangkewei/zr/build/rocfft_build/_deps/sqlite_local-src/sqlite3.c:150772:1: warning: void function is missing a return statement [-Wreturn-type]
}
^
/public/home/zhangkewei/zr/build/rocfft_build/_deps/sqlite_local-src/sqlite3.c:151288:1: warning: void function is missing a return statement [-Wreturn-type]
}
^
/public/home/zhangkewei/zr/build/rocfft_build/_deps/sqlite_local-src/sqlite3.c:151345:1: warning: void function is missing a return statement [-Wreturn-type]
}
^
/public/home/zhangkewei/zr/build/rocfft_build/_deps/sqlite_local-src/sqlite3.c:151446:1: warning: void function is missing a return statement [-Wreturn-type]
}
^
/public/home/zhangkewei/zr/build/rocfft_build/_deps/sqlite_local-src/sqlite3.c:151492:1: warning: void function is missing a return statement [-Wreturn-type]
}
^
/public/home/zhangkewei/zr/build/rocfft_build/_deps/sqlite_local-src/sqlite3.c:151529:1: warning: void function is missing a return statement [-Wreturn-type]
}
^
/public/home/zhangkewei/zr/build/rocfft_build/_deps/sqlite_local-src/sqlite3.c:151554:1: warning: void function is missing a return statement [-Wreturn-type]
}
^
/public/home/zhangkewei/zr/build/rocfft_build/_deps/sqlite_local-src/sqlite3.c:151883:1: warning: void function is missing a return statement [-Wreturn-type]
}
^
/public/home/zhangkewei/zr/build/rocfft_build/_deps/sqlite_local-src/sqlite3.c:151956:1: warning: void function is missing a return statement [-Wreturn-type]
}
^
/public/home/zhangkewei/zr/build/rocfft_build/_deps/sqlite_local-src/sqlite3.c:152011:1: warning: void function is missing a return statement [-Wreturn-type]
}
^
/public/home/zhangkewei/zr/build/rocfft_build/_deps/sqlite_local-src/sqlite3.c:153832:1: warning: void function is missing a return statement [-Wreturn-type]
}
^
/public/home/zhangkewei/zr/build/rocfft_build/_deps/sqlite_local-src/sqlite3.c:153871:1: warning: void function is missing a return statement [-Wreturn-type]
}
^
/public/home/zhangkewei/zr/build/rocfft_build/_deps/sqlite_local-src/sqlite3.c:154254:1: warning: void function is missing a return statement [-Wreturn-type]
}
^
/public/home/zhangkewei/zr/build/rocfft_build/_deps/sqlite_local-src/sqlite3.c:154498:1: warning: void function is missing a return statement [-Wreturn-type]
}
^
/public/home/zhangkewei/zr/build/rocfft_build/_deps/sqlite_local-src/sqlite3.c:154573:1: warning: void function is missing a return statement [-Wreturn-type]
}
^
/public/home/zhangkewei/zr/build/rocfft_build/_deps/sqlite_local-src/sqlite3.c:154861:1: warning: void function is missing a return statement [-Wreturn-type]
}
^
/public/home/zhangkewei/zr/build/rocfft_build/_deps/sqlite_local-src/sqlite3.c:155070:1: warning: void function is missing a return statement [-Wreturn-type]
}
^
/public/home/zhangkewei/zr/build/rocfft_build/_deps/sqlite_local-src/sqlite3.c:155257:1: warning: void function is missing a return statement [-Wreturn-type]
}
^
/public/home/zhangkewei/zr/build/rocfft_build/_deps/sqlite_local-src/sqlite3.c:155342:1: warning: void function is missing a return statement [-Wreturn-type]
}
^
/public/home/zhangkewei/zr/build/rocfft_build/_deps/sqlite_local-src/sqlite3.c:155493:1: warning: void function is missing a return statement [-Wreturn-type]
}
^
/public/home/zhangkewei/zr/build/rocfft_build/_deps/sqlite_local-src/sqlite3.c:155683:1: warning: void function is missing a return statement [-Wreturn-type]
}
^
/public/home/zhangkewei/zr/build/rocfft_build/_deps/sqlite_local-src/sqlite3.c:156806:1: warning: void function is missing a return statement [-Wreturn-type]
}
^
/public/home/zhangkewei/zr/build/rocfft_build/_deps/sqlite_local-src/sqlite3.c:156809:1: warning: void function is missing a return statement [-Wreturn-type]
}
^
/public/home/zhangkewei/zr/build/rocfft_build/_deps/sqlite_local-src/sqlite3.c:157101:1: warning: void function is missing a return statement [-Wreturn-type]
}
^
/public/home/zhangkewei/zr/build/rocfft_build/_deps/sqlite_local-src/sqlite3.c:157699:1: warning: void function is missing a return statement [-Wreturn-type]
}
^
/public/home/zhangkewei/zr/build/rocfft_build/_deps/sqlite_local-src/sqlite3.c:157711:1: warning: void function is missing a return statement [-Wreturn-type]
}
^
/public/home/zhangkewei/zr/build/rocfft_build/_deps/sqlite_local-src/sqlite3.c:157747:1: warning: void function is missing a return statement [-Wreturn-type]
}
^
/public/home/zhangkewei/zr/build/rocfft_build/_deps/sqlite_local-src/sqlite3.c:157814:1: warning: void function is missing a return statement [-Wreturn-type]
}
^
/public/home/zhangkewei/zr/build/rocfft_build/_deps/sqlite_local-src/sqlite3.c:157851:1: warning: void function is missing a return statement [-Wreturn-type]
}
^
/public/home/zhangkewei/zr/build/rocfft_build/_deps/sqlite_local-src/sqlite3.c:157878:1: warning: void function is missing a return statement [-Wreturn-type]
}
^
/public/home/zhangkewei/zr/build/rocfft_build/_deps/sqlite_local-src/sqlite3.c:157905:1: warning: void function is missing a return statement [-Wreturn-type]
}
^
/public/home/zhangkewei/zr/build/rocfft_build/_deps/sqlite_local-src/sqlite3.c:157968:1: warning: void function is missing a return statement [-Wreturn-type]
}
^
/public/home/zhangkewei/zr/build/rocfft_build/_deps/sqlite_local-src/sqlite3.c:158062:1: warning: void function is missing a return statement [-Wreturn-type]
}
^
/public/home/zhangkewei/zr/build/rocfft_build/_deps/sqlite_local-src/sqlite3.c:158077:1: warning: void function is missing a return statement [-Wreturn-type]
}
^
/public/home/zhangkewei/zr/build/rocfft_build/_deps/sqlite_local-src/sqlite3.c:158287:1: warning: void function is missing a return statement [-Wreturn-type]
}
^
/public/home/zhangkewei/zr/build/rocfft_build/_deps/sqlite_local-src/sqlite3.c:158516:1: warning: void function is missing a return statement [-Wreturn-type]
}
^
/public/home/zhangkewei/zr/build/rocfft_build/_deps/sqlite_local-src/sqlite3.c:158832:1: warning: void function is missing a return statement [-Wreturn-type]
}
^
/public/home/zhangkewei/zr/build/rocfft_build/_deps/sqlite_local-src/sqlite3.c:159646:1: warning: void function is missing a return statement [-Wreturn-type]
}
^
/public/home/zhangkewei/zr/build/rocfft_build/_deps/sqlite_local-src/sqlite3.c:160017:1: warning: void function is missing a return statement [-Wreturn-type]
}
^
/public/home/zhangkewei/zr/build/rocfft_build/_deps/sqlite_local-src/sqlite3.c:160081:1: warning: void function is missing a return statement [-Wreturn-type]
}
^
/public/home/zhangkewei/zr/build/rocfft_build/_deps/sqlite_local-src/sqlite3.c:160610:1: warning: void function is missing a return statement [-Wreturn-type]
}
^
/public/home/zhangkewei/zr/build/rocfft_build/_deps/sqlite_local-src/sqlite3.c:160889:1: warning: void function is missing a return statement [-Wreturn-type]
}
^
/public/home/zhangkewei/zr/build/rocfft_build/_deps/sqlite_local-src/sqlite3.c:160926:1: warning: void function is missing a return statement [-Wreturn-type]
}
^
/public/home/zhangkewei/zr/build/rocfft_build/_deps/sqlite_local-src/sqlite3.c:160954:1: warning: void function is missing a return statement [-Wreturn-type]
}
^
/public/home/zhangkewei/zr/build/rocfft_build/_deps/sqlite_local-src/sqlite3.c:161018:1: warning: void function is missing a return statement [-Wreturn-type]
}
^
/public/home/zhangkewei/zr/build/rocfft_build/_deps/sqlite_local-src/sqlite3.c:162521:1: warning: void function is missing a return statement [-Wreturn-type]
}
^
/public/home/zhangkewei/zr/build/rocfft_build/_deps/sqlite_local-src/sqlite3.c:162555:1: warning: void function is missing a return statement [-Wreturn-type]
}
^
/public/home/zhangkewei/zr/build/rocfft_build/_deps/sqlite_local-src/sqlite3.c:162563:1: warning: void function is missing a return statement [-Wreturn-type]
}
^
/public/home/zhangkewei/zr/build/rocfft_build/_deps/sqlite_local-src/sqlite3.c:163019:1: warning: void function is missing a return statement [-Wreturn-type]
}
^
/public/home/zhangkewei/zr/build/rocfft_build/_deps/sqlite_local-src/sqlite3.c:163028:1: warning: void function is missing a return statement [-Wreturn-type]
}
^
/public/home/zhangkewei/zr/build/rocfft_build/_deps/sqlite_local-src/sqlite3.c:164254:1: warning: void function is missing a return statement [-Wreturn-type]
}
^
/public/home/zhangkewei/zr/build/rocfft_build/_deps/sqlite_local-src/sqlite3.c:164292:1: warning: void function is missing a return statement [-Wreturn-type]
}
^
/public/home/zhangkewei/zr/build/rocfft_build/_deps/sqlite_local-src/sqlite3.c:164392:1: warning: void function is missing a return statement [-Wreturn-type]
}
^
/public/home/zhangkewei/zr/build/rocfft_build/_deps/sqlite_local-src/sqlite3.c:164648:1: warning: void function is missing a return statement [-Wreturn-type]
}
^
/public/home/zhangkewei/zr/build/rocfft_build/_deps/sqlite_local-src/sqlite3.c:164745:1: warning: void function is missing a return statement [-Wreturn-type]
}
^
/public/home/zhangkewei/zr/build/rocfft_build/_deps/sqlite_local-src/sqlite3.c:165694:1: warning: void function is missing a return statement [-Wreturn-type]
}
^
/public/home/zhangkewei/zr/build/rocfft_build/_deps/sqlite_local-src/sqlite3.c:165834:1: warning: void function is missing a return statement [-Wreturn-type]
}
^
/public/home/zhangkewei/zr/build/rocfft_build/_deps/sqlite_local-src/sqlite3.c:166078:1: warning: void function is missing a return statement [-Wreturn-type]
}
^
/public/home/zhangkewei/zr/build/rocfft_build/_deps/sqlite_local-src/sqlite3.c:166097:1: warning: void function is missing a return statement [-Wreturn-type]
}
^
/public/home/zhangkewei/zr/build/rocfft_build/_deps/sqlite_local-src/sqlite3.c:166967:1: warning: void function is missing a return statement [-Wreturn-type]
}
^
/public/home/zhangkewei/zr/build/rocfft_build/_deps/sqlite_local-src/sqlite3.c:166984:1: warning: void function is missing a return statement [-Wreturn-type]
}
^
/public/home/zhangkewei/zr/build/rocfft_build/_deps/sqlite_local-src/sqlite3.c:166999:1: warning: void function is missing a return statement [-Wreturn-type]
}
^
/public/home/zhangkewei/zr/build/rocfft_build/_deps/sqlite_local-src/sqlite3.c:167045:1: warning: void function is missing a return statement [-Wreturn-type]
}
^
/public/home/zhangkewei/zr/build/rocfft_build/_deps/sqlite_local-src/sqlite3.c:167065:1: warning: void function is missing a return statement [-Wreturn-type]
}
^
/public/home/zhangkewei/zr/build/rocfft_build/_deps/sqlite_local-src/sqlite3.c:167475:1: warning: void function is missing a return statement [-Wreturn-type]
}
^
/public/home/zhangkewei/zr/build/rocfft_build/_deps/sqlite_local-src/sqlite3.c:168218:1: warning: void function is missing a return statement [-Wreturn-type]
}
^
/public/home/zhangkewei/zr/build/rocfft_build/_deps/sqlite_local-src/sqlite3.c:168978:1: warning: void function is missing a return statement [-Wreturn-type]
}
^
/public/home/zhangkewei/zr/build/rocfft_build/_deps/sqlite_local-src/sqlite3.c:170608:1: warning: void function is missing a return statement [-Wreturn-type]
}
^
/public/home/zhangkewei/zr/build/rocfft_build/_deps/sqlite_local-src/sqlite3.c:170925:1: warning: void function is missing a return statement [-Wreturn-type]
}
^
/public/home/zhangkewei/zr/build/rocfft_build/_deps/sqlite_local-src/sqlite3.c:170986:1: warning: void function is missing a return statement [-Wreturn-type]
}
^
/public/home/zhangkewei/zr/build/rocfft_build/_deps/sqlite_local-src/sqlite3.c:171008:1: warning: void function is missing a return statement [-Wreturn-type]
}
^
/public/home/zhangkewei/zr/build/rocfft_build/_deps/sqlite_local-src/sqlite3.c:172278:1: warning: void function is missing a return statement [-Wreturn-type]
}
^
/public/home/zhangkewei/zr/build/rocfft_build/_deps/sqlite_local-src/sqlite3.c:172282:1: warning: void function is missing a return statement [-Wreturn-type]
}
^
/public/home/zhangkewei/zr/build/rocfft_build/_deps/sqlite_local-src/sqlite3.c:172310:1: warning: void function is missing a return statement [-Wreturn-type]
}
^
/public/home/zhangkewei/zr/build/rocfft_build/_deps/sqlite_local-src/sqlite3.c:172321:1: warning: void function is missing a return statement [-Wreturn-type]
}
^
/public/home/zhangkewei/zr/build/rocfft_build/_deps/sqlite_local-src/sqlite3.c:172381:1: warning: void function is missing a return statement [-Wreturn-type]
}
^
/public/home/zhangkewei/zr/build/rocfft_build/_deps/sqlite_local-src/sqlite3.c:172400:1: warning: void function is missing a return statement [-Wreturn-type]
}
^
/public/home/zhangkewei/zr/build/rocfft_build/_deps/sqlite_local-src/sqlite3.c:172409:1: warning: void function is missing a return statement [-Wreturn-type]
}
^
/public/home/zhangkewei/zr/build/rocfft_build/_deps/sqlite_local-src/sqlite3.c:172434:1: warning: void function is missing a return statement [-Wreturn-type]
}
^
/public/home/zhangkewei/zr/build/rocfft_build/_deps/sqlite_local-src/sqlite3.c:172442:1: warning: void function is missing a return statement [-Wreturn-type]
}
^
/public/home/zhangkewei/zr/build/rocfft_build/_deps/sqlite_local-src/sqlite3.c:172462:1: warning: void function is missing a return statement [-Wreturn-type]
}
^
/public/home/zhangkewei/zr/build/rocfft_build/_deps/sqlite_local-src/sqlite3.c:172473:1: warning: void function is missing a return statement [-Wreturn-type]
}
^
/public/home/zhangkewei/zr/build/rocfft_build/_deps/sqlite_local-src/sqlite3.c:172486:1: warning: void function is missing a return statement [-Wreturn-type]
}
^
/public/home/zhangkewei/zr/build/rocfft_build/_deps/sqlite_local-src/sqlite3.c:172507:1: warning: void function is missing a return statement [-Wreturn-type]
}
^
/public/home/zhangkewei/zr/build/rocfft_build/_deps/sqlite_local-src/sqlite3.c:172518:1: warning: void function is missing a return statement [-Wreturn-type]
}
^
/public/home/zhangkewei/zr/build/rocfft_build/_deps/sqlite_local-src/sqlite3.c:172526:1: warning: void function is missing a return statement [-Wreturn-type]
}
^
/public/home/zhangkewei/zr/build/rocfft_build/_deps/sqlite_local-src/sqlite3.c:172563:1: warning: void function is missing a return statement [-Wreturn-type]
}
^
/public/home/zhangkewei/zr/build/rocfft_build/_deps/sqlite_local-src/sqlite3.c:172574:1: warning: void function is missing a return statement [-Wreturn-type]
}
^
/public/home/zhangkewei/zr/build/rocfft_build/_deps/sqlite_local-src/sqlite3.c:172596:1: warning: void function is missing a return statement [-Wreturn-type]
}
^
/public/home/zhangkewei/zr/build/rocfft_build/_deps/sqlite_local-src/sqlite3.c:172627:1: warning: void function is missing a return statement [-Wreturn-type]
}
^
/public/home/zhangkewei/zr/build/rocfft_build/_deps/sqlite_local-src/sqlite3.c:172644:1: warning: void function is missing a return statement [-Wreturn-type]
}
^
/public/home/zhangkewei/zr/build/rocfft_build/_deps/sqlite_local-src/sqlite3.c:172651:1: warning: void function is missing a return statement [-Wreturn-type]
}
^
/public/home/zhangkewei/zr/build/rocfft_build/_deps/sqlite_local-src/sqlite3.c:172660:1: warning: void function is missing a return statement [-Wreturn-type]
}
^
/public/home/zhangkewei/zr/build/rocfft_build/_deps/sqlite_local-src/sqlite3.c:172700:1: warning: void function is missing a return statement [-Wreturn-type]
}                            /*NO_TEST*/
^
/public/home/zhangkewei/zr/build/rocfft_build/_deps/sqlite_local-src/sqlite3.c:172701:79: warning: void function is missing a return statement [-Wreturn-type]
static void noopValueFunc(sqlite3_context *p){ UNUSED_PARAMETER(p); /*no-op*/ }
                                                                              ^
/public/home/zhangkewei/zr/build/rocfft_build/_deps/sqlite_local-src/sqlite3.c:172751:1: warning: void function is missing a return statement [-Wreturn-type]
}
^
/public/home/zhangkewei/zr/build/rocfft_build/_deps/sqlite_local-src/sqlite3.c:173008:1: warning: void function is missing a return statement [-Wreturn-type]
}
^
/public/home/zhangkewei/zr/build/rocfft_build/_deps/sqlite_local-src/sqlite3.c:173250:1: warning: void function is missing a return statement [-Wreturn-type]
}
^
/public/home/zhangkewei/zr/build/rocfft_build/_deps/sqlite_local-src/sqlite3.c:173267:1: warning: void function is missing a return statement [-Wreturn-type]
}
^
/public/home/zhangkewei/zr/build/rocfft_build/_deps/sqlite_local-src/sqlite3.c:173278:1: warning: void function is missing a return statement [-Wreturn-type]
}
^
/public/home/zhangkewei/zr/build/rocfft_build/_deps/sqlite_local-src/sqlite3.c:173427:1: warning: void function is missing a return statement [-Wreturn-type]
}
^
/public/home/zhangkewei/zr/build/rocfft_build/_deps/sqlite_local-src/sqlite3.c:173448:1: warning: void function is missing a return statement [-Wreturn-type]
}
^
/public/home/zhangkewei/zr/build/rocfft_build/_deps/sqlite_local-src/sqlite3.c:173471:1: warning: void function is missing a return statement [-Wreturn-type]
}
^
/public/home/zhangkewei/zr/build/rocfft_build/_deps/sqlite_local-src/sqlite3.c:173645:1: warning: void function is missing a return statement [-Wreturn-type]
}
^
/public/home/zhangkewei/zr/build/rocfft_build/_deps/sqlite_local-src/sqlite3.c:173759:1: warning: void function is missing a return statement [-Wreturn-type]
}
^
/public/home/zhangkewei/zr/build/rocfft_build/_deps/sqlite_local-src/sqlite3.c:173884:1: warning: void function is missing a return statement [-Wreturn-type]
}
^
/public/home/zhangkewei/zr/build/rocfft_build/_deps/sqlite_local-src/sqlite3.c:173930:1: warning: void function is missing a return statement [-Wreturn-type]
}
^
/public/home/zhangkewei/zr/build/rocfft_build/_deps/sqlite_local-src/sqlite3.c:174029:1: warning: void function is missing a return statement [-Wreturn-type]
}
^
/public/home/zhangkewei/zr/build/rocfft_build/_deps/sqlite_local-src/sqlite3.c:174113:1: warning: void function is missing a return statement [-Wreturn-type]
}
^
/public/home/zhangkewei/zr/build/rocfft_build/_deps/sqlite_local-src/sqlite3.c:174200:1: warning: void function is missing a return statement [-Wreturn-type]
}
^
/public/home/zhangkewei/zr/build/rocfft_build/_deps/sqlite_local-src/sqlite3.c:174349:1: warning: void function is missing a return statement [-Wreturn-type]
}
^
/public/home/zhangkewei/zr/build/rocfft_build/_deps/sqlite_local-src/sqlite3.c:175228:1: warning: void function is missing a return statement [-Wreturn-type]
}
^
/public/home/zhangkewei/zr/build/rocfft_build/_deps/sqlite_local-src/sqlite3.c:175319:1: warning: void function is missing a return statement [-Wreturn-type]
}
^
/public/home/zhangkewei/zr/build/rocfft_build/_deps/sqlite_local-src/sqlite3.c:175333:1: warning: void function is missing a return statement [-Wreturn-type]
}
^
/public/home/zhangkewei/zr/build/rocfft_build/_deps/sqlite_local-src/sqlite3.c:175388:3: warning: void function is missing a return statement [-Wreturn-type]
  }
  ^
/public/home/zhangkewei/zr/build/rocfft_build/_deps/sqlite_local-src/sqlite3.c:175456:3: warning: void function is missing a return statement [-Wreturn-type]
  }
  ^
/public/home/zhangkewei/zr/build/rocfft_build/_deps/sqlite_local-src/sqlite3.c:177612:1: warning: void function is missing a return statement [-Wreturn-type]
}
^
/public/home/zhangkewei/zr/build/rocfft_build/_deps/sqlite_local-src/sqlite3.c:177762:1: warning: void function is missing a return statement [-Wreturn-type]
}
^
/public/home/zhangkewei/zr/build/rocfft_build/_deps/sqlite_local-src/sqlite3.c:177783:1: warning: void function is missing a return statement [-Wreturn-type]
}
^
/public/home/zhangkewei/zr/build/rocfft_build/_deps/sqlite_local-src/sqlite3.c:177811:1: warning: void function is missing a return statement [-Wreturn-type]
}
^
/public/home/zhangkewei/zr/build/rocfft_build/_deps/sqlite_local-src/sqlite3.c:177996:1: warning: void function is missing a return statement [-Wreturn-type]
}
^
/public/home/zhangkewei/zr/build/rocfft_build/_deps/sqlite_local-src/sqlite3.c:180556:1: warning: void function is missing a return statement [-Wreturn-type]
}
^
/public/home/zhangkewei/zr/build/rocfft_build/_deps/sqlite_local-src/sqlite3.c:180581:1: warning: void function is missing a return statement [-Wreturn-type]
}
^
/public/home/zhangkewei/zr/build/rocfft_build/_deps/sqlite_local-src/sqlite3.c:183728:1: warning: void function is missing a return statement [-Wreturn-type]
}
^
/public/home/zhangkewei/zr/build/rocfft_build/_deps/sqlite_local-src/sqlite3.c:183776:1: warning: void function is missing a return statement [-Wreturn-type]
}
^
/public/home/zhangkewei/zr/build/rocfft_build/_deps/sqlite_local-src/sqlite3.c:183795:1: warning: void function is missing a return statement [-Wreturn-type]
}
^
/public/home/zhangkewei/zr/build/rocfft_build/_deps/sqlite_local-src/sqlite3.c:183826:1: warning: void function is missing a return statement [-Wreturn-type]
}
^
/public/home/zhangkewei/zr/build/rocfft_build/_deps/sqlite_local-src/sqlite3.c:184117:1: warning: void function is missing a return statement [-Wreturn-type]
}
^
/public/home/zhangkewei/zr/build/rocfft_build/_deps/sqlite_local-src/sqlite3.c:184423:1: warning: void function is missing a return statement [-Wreturn-type]
}
^
/public/home/zhangkewei/zr/build/rocfft_build/_deps/sqlite_local-src/sqlite3.c:184495:1: warning: void function is missing a return statement [-Wreturn-type]
}
^
/public/home/zhangkewei/zr/build/rocfft_build/_deps/sqlite_local-src/sqlite3.c:184797:1: warning: void function is missing a return statement [-Wreturn-type]
}
^
/public/home/zhangkewei/zr/build/rocfft_build/_deps/sqlite_local-src/sqlite3.c:186546:1: warning: void function is missing a return statement [-Wreturn-type]
}
^
/public/home/zhangkewei/zr/build/rocfft_build/_deps/sqlite_local-src/sqlite3.c:208227:1: warning: void function is missing a return statement [-Wreturn-type]
}
^
/public/home/zhangkewei/zr/build/rocfft_build/_deps/sqlite_local-src/sqlite3.c:208230:1: warning: void function is missing a return statement [-Wreturn-type]
}
^
/public/home/zhangkewei/zr/build/rocfft_build/_deps/sqlite_local-src/sqlite3.c:208339:1: warning: void function is missing a return statement [-Wreturn-type]
}
^
/public/home/zhangkewei/zr/build/rocfft_build/_deps/sqlite_local-src/sqlite3.c:208347:1: warning: void function is missing a return statement [-Wreturn-type]
}
^
/public/home/zhangkewei/zr/build/rocfft_build/_deps/sqlite_local-src/sqlite3.c:208355:1: warning: void function is missing a return statement [-Wreturn-type]
}
^
/public/home/zhangkewei/zr/build/rocfft_build/_deps/sqlite_local-src/sqlite3.c:208363:1: warning: void function is missing a return statement [-Wreturn-type]
}
^
/public/home/zhangkewei/zr/build/rocfft_build/_deps/sqlite_local-src/sqlite3.c:208422:1: warning: void function is missing a return statement [-Wreturn-type]
}
^
/public/home/zhangkewei/zr/build/rocfft_build/_deps/sqlite_local-src/sqlite3.c:208447:1: warning: void function is missing a return statement [-Wreturn-type]
}
^
/public/home/zhangkewei/zr/build/rocfft_build/_deps/sqlite_local-src/sqlite3.c:208456:1: warning: void function is missing a return statement [-Wreturn-type]
}
^
/public/home/zhangkewei/zr/build/rocfft_build/_deps/sqlite_local-src/sqlite3.c:208513:1: warning: void function is missing a return statement [-Wreturn-type]
}
^
/public/home/zhangkewei/zr/build/rocfft_build/_deps/sqlite_local-src/sqlite3.c:208636:1: warning: void function is missing a return statement [-Wreturn-type]
}
^
/public/home/zhangkewei/zr/build/rocfft_build/_deps/sqlite_local-src/sqlite3.c:208710:1: warning: void function is missing a return statement [-Wreturn-type]
}
^
/public/home/zhangkewei/zr/build/rocfft_build/_deps/sqlite_local-src/sqlite3.c:208725:1: warning: void function is missing a return statement [-Wreturn-type]
}
^
/public/home/zhangkewei/zr/build/rocfft_build/_deps/sqlite_local-src/sqlite3.c:208932:1: warning: void function is missing a return statement [-Wreturn-type]
}
^
/public/home/zhangkewei/zr/build/rocfft_build/_deps/sqlite_local-src/sqlite3.c:208997:1: warning: void function is missing a return statement [-Wreturn-type]
}
^
/public/home/zhangkewei/zr/build/rocfft_build/_deps/sqlite_local-src/sqlite3.c:209007:1: warning: void function is missing a return statement [-Wreturn-type]
}
^
/public/home/zhangkewei/zr/build/rocfft_build/_deps/sqlite_local-src/sqlite3.c:210219:1: warning: void function is missing a return statement [-Wreturn-type]
}
^
/public/home/zhangkewei/zr/build/rocfft_build/_deps/sqlite_local-src/sqlite3.c:210337:1: warning: void function is missing a return statement [-Wreturn-type]
}
^
/public/home/zhangkewei/zr/build/rocfft_build/_deps/sqlite_local-src/sqlite3.c:211677:1: warning: void function is missing a return statement [-Wreturn-type]
}
^
/public/home/zhangkewei/zr/build/rocfft_build/_deps/sqlite_local-src/sqlite3.c:211701:1: warning: void function is missing a return statement [-Wreturn-type]
}
^
/public/home/zhangkewei/zr/build/rocfft_build/_deps/sqlite_local-src/sqlite3.c:212553:1: warning: void function is missing a return statement [-Wreturn-type]
}
^
/public/home/zhangkewei/zr/build/rocfft_build/_deps/sqlite_local-src/sqlite3.c:212589:1: warning: void function is missing a return statement [-Wreturn-type]
}
^
/public/home/zhangkewei/zr/build/rocfft_build/_deps/sqlite_local-src/sqlite3.c:212592:1: warning: void function is missing a return statement [-Wreturn-type]
}
^
/public/home/zhangkewei/zr/build/rocfft_build/_deps/sqlite_local-src/sqlite3.c:212675:1: warning: void function is missing a return statement [-Wreturn-type]
}
^
/public/home/zhangkewei/zr/build/rocfft_build/_deps/sqlite_local-src/sqlite3.c:212711:1: warning: void function is missing a return statement [-Wreturn-type]
}
^
/public/home/zhangkewei/zr/build/rocfft_build/_deps/sqlite_local-src/sqlite3.c:212714:1: warning: void function is missing a return statement [-Wreturn-type]
}
^
/public/home/zhangkewei/zr/build/rocfft_build/_deps/sqlite_local-src/sqlite3.c:212841:1: warning: void function is missing a return statement [-Wreturn-type]
}
^
/public/home/zhangkewei/zr/build/rocfft_build/_deps/sqlite_local-src/sqlite3.c:212905:1: warning: void function is missing a return statement [-Wreturn-type]
}
^
/public/home/zhangkewei/zr/build/rocfft_build/_deps/sqlite_local-src/sqlite3.c:213390:1: warning: void function is missing a return statement [-Wreturn-type]
}
^
719 warnings generated.
In file included from /public/home/zhangkewei/zr/rocm-libraries-rocm-7.2.2/projects/rocfft/library/src/rocfft_ostream.cpp:26:
/public/home/zhangkewei/zr/rocm-libraries-rocm-7.2.2/projects/rocfft/library/src/include/rocfft_ostream.hpp:109:13: warning: void function is missing a return statement [-Wreturn-type]
            }
            ^
/public/home/zhangkewei/zr/rocm-libraries-rocm-7.2.2/projects/rocfft/library/src/include/rocfft_ostream.hpp:225:5: warning: void function is missing a return statement [-Wreturn-type]
    }
    ^
In file included from /public/home/zhangkewei/zr/rocm-libraries-rocm-7.2.2/projects/rocfft/library/src/rocfft_ostream.cpp:26:
/public/home/zhangkewei/zr/rocm-libraries-rocm-7.2.2/projects/rocfft/library/src/include/rocfft_ostream.hpp:109:13: warning: void function is missing a return statement [-Wreturn-type]
            }
            ^
/public/home/zhangkewei/zr/rocm-libraries-rocm-7.2.2/projects/rocfft/library/src/include/rocfft_ostream.hpp:225:5: warning: void function is missing a return statement [-Wreturn-type]
    }
    ^
In file included from /public/home/zhangkewei/zr/rocm-libraries-rocm-7.2.2/projects/rocfft/library/src/rocfft_ostream.cpp:26:
/public/home/zhangkewei/zr/rocm-libraries-rocm-7.2.2/projects/rocfft/library/src/include/rocfft_ostream.hpp:109:13: warning: void function is missing a return statement [-Wreturn-type]
            }
            ^
/public/home/zhangkewei/zr/rocm-libraries-rocm-7.2.2/projects/rocfft/library/src/include/rocfft_ostream.hpp:225:5: warning: void function is missing a return statement [-Wreturn-type]
    }
    ^
/public/home/zhangkewei/zr/rocm-libraries-rocm-7.2.2/projects/rocfft/library/src/rocfft_ostream.cpp:80:1: warning: void function is missing a return statement [-Wreturn-type]
}
^
/public/home/zhangkewei/zr/rocm-libraries-rocm-7.2.2/projects/rocfft/library/src/rocfft_ostream.cpp:80:1: warning: void function is missing a return statement [-Wreturn-type]
}
^
/public/home/zhangkewei/zr/rocm-libraries-rocm-7.2.2/projects/rocfft/library/src/rocfft_ostream.cpp:188:1: warning: void function is missing a return statement [-Wreturn-type]
}
^
/public/home/zhangkewei/zr/rocm-libraries-rocm-7.2.2/projects/rocfft/library/src/rocfft_ostream.cpp:188:1: warning: void function is missing a return statement [-Wreturn-type]
}
^
/public/home/zhangkewei/zr/rocm-libraries-rocm-7.2.2/projects/rocfft/library/src/rocfft_ostream.cpp:206:1: warning: void function is missing a return statement [-Wreturn-type]
}
^
/public/home/zhangkewei/zr/rocm-libraries-rocm-7.2.2/projects/rocfft/library/src/rocfft_ostream.cpp:206:1: warning: void function is missing a return statement [-Wreturn-type]
}
^
/public/home/zhangkewei/zr/rocm-libraries-rocm-7.2.2/projects/rocfft/library/src/rocfft_ostream.cpp:80:1: warning: void function is missing a return statement [-Wreturn-type]
}
^
/public/home/zhangkewei/zr/rocm-libraries-rocm-7.2.2/projects/rocfft/library/src/rocfft_ostream.cpp:322:1: warning: void function is missing a return statement [-Wreturn-type]
}
^
/public/home/zhangkewei/zr/rocm-libraries-rocm-7.2.2/projects/rocfft/library/src/rocfft_ostream.cpp:322:1: warning: void function is missing a return statement [-Wreturn-type]
}
^
/public/home/zhangkewei/zr/rocm-libraries-rocm-7.2.2/projects/rocfft/library/src/rocfft_ostream.cpp:372:1: warning: void function is missing a return statement [-Wreturn-type]
}
^
/public/home/zhangkewei/zr/rocm-libraries-rocm-7.2.2/projects/rocfft/library/src/rocfft_ostream.cpp:372:1: warning: void function is missing a return statement [-Wreturn-type]
}
^
/public/home/zhangkewei/zr/rocm-libraries-rocm-7.2.2/projects/rocfft/library/src/rocfft_ostream.cpp:188:1: warning: void function is missing a return statement [-Wreturn-type]
}
^
/public/home/zhangkewei/zr/rocm-libraries-rocm-7.2.2/projects/rocfft/library/src/rocfft_ostream.cpp:206:1: warning: void function is missing a return statement [-Wreturn-type]
}
^
/public/home/zhangkewei/zr/rocm-libraries-rocm-7.2.2/projects/rocfft/library/src/rocfft_ostream.cpp:322:1: warning: void function is missing a return statement [-Wreturn-type]
}
^
/public/home/zhangkewei/zr/rocm-libraries-rocm-7.2.2/projects/rocfft/library/src/rocfft_ostream.cpp:372:1: warning: void function is missing a return statement [-Wreturn-type]
}
^
7 warnings generated when compiling for gfx928.
7 warnings generated when compiling for gfx926.
7 warnings generated when compiling for gfx906.
In file included from /public/home/zhangkewei/zr/rocm-libraries-rocm-7.2.2/projects/rocfft/library/src/rocfft_ostream.cpp:26:
/public/home/zhangkewei/zr/rocm-libraries-rocm-7.2.2/projects/rocfft/library/src/include/rocfft_ostream.hpp:109:13: warning: void function is missing a return statement [-Wreturn-type]
            }
            ^
/public/home/zhangkewei/zr/rocm-libraries-rocm-7.2.2/projects/rocfft/library/src/include/rocfft_ostream.hpp:225:5: warning: void function is missing a return statement [-Wreturn-type]
    }
    ^
/public/home/zhangkewei/zr/rocm-libraries-rocm-7.2.2/projects/rocfft/library/src/rocfft_ostream.cpp:80:1: warning: void function is missing a return statement [-Wreturn-type]
}
^
/public/home/zhangkewei/zr/rocm-libraries-rocm-7.2.2/projects/rocfft/library/src/rocfft_ostream.cpp:188:1: warning: void function is missing a return statement [-Wreturn-type]
}
^
/public/home/zhangkewei/zr/rocm-libraries-rocm-7.2.2/projects/rocfft/library/src/rocfft_ostream.cpp:206:1: warning: void function is missing a return statement [-Wreturn-type]
}
^
/public/home/zhangkewei/zr/rocm-libraries-rocm-7.2.2/projects/rocfft/library/src/rocfft_ostream.cpp:322:1: warning: void function is missing a return statement [-Wreturn-type]
}
^
/public/home/zhangkewei/zr/rocm-libraries-rocm-7.2.2/projects/rocfft/library/src/rocfft_ostream.cpp:372:1: warning: void function is missing a return statement [-Wreturn-type]
}
^
7 warnings generated when compiling for gfx936.
In file included from /public/home/zhangkewei/zr/rocm-libraries-rocm-7.2.2/projects/rocfft/library/src/rocfft_ostream.cpp:26:
/public/home/zhangkewei/zr/rocm-libraries-rocm-7.2.2/projects/rocfft/library/src/include/rocfft_ostream.hpp:109:13: warning: void function is missing a return statement [-Wreturn-type]
            }
            ^
/public/home/zhangkewei/zr/rocm-libraries-rocm-7.2.2/projects/rocfft/library/src/include/rocfft_ostream.hpp:225:5: warning: void function is missing a return statement [-Wreturn-type]
    }
    ^
/public/home/zhangkewei/zr/rocm-libraries-rocm-7.2.2/projects/rocfft/library/src/rocfft_ostream.cpp:80:1: warning: void function is missing a return statement [-Wreturn-type]
}
^
/public/home/zhangkewei/zr/rocm-libraries-rocm-7.2.2/projects/rocfft/library/src/rocfft_ostream.cpp:188:1: warning: void function is missing a return statement [-Wreturn-type]
}
^
/public/home/zhangkewei/zr/rocm-libraries-rocm-7.2.2/projects/rocfft/library/src/rocfft_ostream.cpp:206:1: warning: void function is missing a return statement [-Wreturn-type]
}
^
/public/home/zhangkewei/zr/rocm-libraries-rocm-7.2.2/projects/rocfft/library/src/rocfft_ostream.cpp:322:1: warning: void function is missing a return statement [-Wreturn-type]
}
^
/public/home/zhangkewei/zr/rocm-libraries-rocm-7.2.2/projects/rocfft/library/src/rocfft_ostream.cpp:372:1: warning: void function is missing a return statement [-Wreturn-type]
}
^
7 warnings generated when compiling for host.
In file included from /public/home/zhangkewei/zr/rocm-libraries-rocm-7.2.2/projects/rocfft/library/src/rtc_subprocess.cpp:22:
/public/home/zhangkewei/zr/rocm-libraries-rocm-7.2.2/projects/rocfft/library/src/../../shared/environment.h:64:1: warning: void function is missing a return statement [-Wreturn-type]
}
^
/public/home/zhangkewei/zr/rocm-libraries-rocm-7.2.2/projects/rocfft/library/src/../../shared/environment.h:68:1: warning: void function is missing a return statement [-Wreturn-type]
}
^
In file included from /public/home/zhangkewei/zr/rocm-libraries-rocm-7.2.2/projects/rocfft/library/src/rtc_subprocess.cpp:22:
/public/home/zhangkewei/zr/rocm-libraries-rocm-7.2.2/projects/rocfft/library/src/../../shared/environment.h:64:1: warning: void function is missing a return statement [-Wreturn-type]
}
^
/public/home/zhangkewei/zr/rocm-libraries-rocm-7.2.2/projects/rocfft/library/src/../../shared/environment.h:68:1: warning: void function is missing a return statement [-Wreturn-type]
}
^
In file included from /public/home/zhangkewei/zr/rocm-libraries-rocm-7.2.2/projects/rocfft/library/src/rtc_subprocess.cpp:22:
/public/home/zhangkewei/zr/rocm-libraries-rocm-7.2.2/projects/rocfft/library/src/../../shared/environment.h:64:1: warning: void function is missing a return statement [-Wreturn-type]
}
^
/public/home/zhangkewei/zr/rocm-libraries-rocm-7.2.2/projects/rocfft/library/src/../../shared/environment.h:68:1: warning: void function is missing a return statement [-Wreturn-type]
}
^
2 warnings generated when compiling for gfx926.
2 warnings generated when compiling for gfx928.
2 warnings generated when compiling for gfx906.
In file included from /public/home/zhangkewei/zr/rocm-libraries-rocm-7.2.2/projects/rocfft/library/src/rtc_subprocess.cpp:22:
/public/home/zhangkewei/zr/rocm-libraries-rocm-7.2.2/projects/rocfft/library/src/../../shared/environment.h:64:1: warning: void function is missing a return statement [-Wreturn-type]
}
^
/public/home/zhangkewei/zr/rocm-libraries-rocm-7.2.2/projects/rocfft/library/src/../../shared/environment.h:68:1: warning: void function is missing a return statement [-Wreturn-type]
}
^
2 warnings generated when compiling for gfx936.
In file included from /public/home/zhangkewei/zr/rocm-libraries-rocm-7.2.2/projects/rocfft/library/src/rtc_subprocess.cpp:22:
/public/home/zhangkewei/zr/rocm-libraries-rocm-7.2.2/projects/rocfft/library/src/../../shared/environment.h:64:1: warning: void function is missing a return statement [-Wreturn-type]
}
^
/public/home/zhangkewei/zr/rocm-libraries-rocm-7.2.2/projects/rocfft/library/src/../../shared/environment.h:68:1: warning: void function is missing a return statement [-Wreturn-type]
}
^
2 warnings generated when compiling for host.
In file included from /public/home/zhangkewei/zr/rocm-libraries-rocm-7.2.2/projects/rocfft/library/src/rtc_bluestein_gen.cpp:24:
/public/home/zhangkewei/zr/rocm-libraries-rocm-7.2.2/projects/rocfft/library/src/device/generator/fftgenerator.h:76:5: warning: void function is missing a return statement [-Wreturn-type]
    }
    ^
/public/home/zhangkewei/zr/rocm-libraries-rocm-7.2.2/projects/rocfft/library/src/device/generator/fftgenerator.h:85:5: warning: void function is missing a return statement [-Wreturn-type]
    }
    ^
In file included from /public/home/zhangkewei/zr/rocm-libraries-rocm-7.2.2/projects/rocfft/library/src/rtc_bluestein_gen.cpp:24:
/public/home/zhangkewei/zr/rocm-libraries-rocm-7.2.2/projects/rocfft/library/src/device/generator/fftgenerator.h:76:5: warning: void function is missing a return statement [-Wreturn-type]
    }
    ^
/public/home/zhangkewei/zr/rocm-libraries-rocm-7.2.2/projects/rocfft/library/src/device/generator/fftgenerator.h:85:5: warning: void function is missing a return statement [-Wreturn-type]
    }
    ^
/public/home/zhangkewei/zr/rocm-libraries-rocm-7.2.2/projects/rocfft/library/src/device/generator/fftgenerator.h:175:5: warning: void function is missing a return statement [-Wreturn-type]
    }
    ^
/public/home/zhangkewei/zr/rocm-libraries-rocm-7.2.2/projects/rocfft/library/src/device/generator/fftgenerator.h:175:5: warning: void function is missing a return statement [-Wreturn-type]
    }
    ^
In file included from /public/home/zhangkewei/zr/rocm-libraries-rocm-7.2.2/projects/rocfft/library/src/rtc_bluestein_gen.cpp:24:
/public/home/zhangkewei/zr/rocm-libraries-rocm-7.2.2/projects/rocfft/library/src/device/generator/fftgenerator.h:76:5: warning: void function is missing a return statement [-Wreturn-type]
    }
    ^
/public/home/zhangkewei/zr/rocm-libraries-rocm-7.2.2/projects/rocfft/library/src/device/generator/fftgenerator.h:85:5: warning: void function is missing a return statement [-Wreturn-type]
    }
    ^
/public/home/zhangkewei/zr/rocm-libraries-rocm-7.2.2/projects/rocfft/library/src/device/generator/fftgenerator.h:175:5: warning: void function is missing a return statement [-Wreturn-type]
    }
    ^
In file included from /public/home/zhangkewei/zr/rocm-libraries-rocm-7.2.2/projects/rocfft/library/src/rtc_bluestein_gen.cpp:26:
/public/home/zhangkewei/zr/rocm-libraries-rocm-7.2.2/projects/rocfft/library/src/device/kernel-generator-embed.h:90:1: warning: void function is missing a return statement [-Wreturn-type]
}
^
In file included from /public/home/zhangkewei/zr/rocm-libraries-rocm-7.2.2/projects/rocfft/library/src/rtc_bluestein_gen.cpp:26:
/public/home/zhangkewei/zr/rocm-libraries-rocm-7.2.2/projects/rocfft/library/src/device/kernel-generator-embed.h:90:1: warning: void function is missing a return statement [-Wreturn-type]
}
^
In file included from /public/home/zhangkewei/zr/rocm-libraries-rocm-7.2.2/projects/rocfft/library/src/rtc_bluestein_gen.cpp:26:
/public/home/zhangkewei/zr/rocm-libraries-rocm-7.2.2/projects/rocfft/library/src/device/kernel-generator-embed.h:90:1: warning: void function is missing a return statement [-Wreturn-type]
}
^
In file included from /public/home/zhangkewei/zr/rocm-libraries-rocm-7.2.2/projects/rocfft/library/src/rtc_bluestein_gen.cpp:27:
/public/home/zhangkewei/zr/rocm-libraries-rocm-7.2.2/projects/rocfft/library/src/include/rtc_kernel.h:50:5: warning: void function is missing a return statement [-Wreturn-type]
    }
    ^
/public/home/zhangkewei/zr/rocm-libraries-rocm-7.2.2/projects/rocfft/library/src/include/rtc_kernel.h:54:5: warning: void function is missing a return statement [-Wreturn-type]
    }
    ^
/public/home/zhangkewei/zr/rocm-libraries-rocm-7.2.2/projects/rocfft/library/src/include/rtc_kernel.h:58:5: warning: void function is missing a return statement [-Wreturn-type]
    }
    ^
/public/home/zhangkewei/zr/rocm-libraries-rocm-7.2.2/projects/rocfft/library/src/include/rtc_kernel.h:62:5: warning: void function is missing a return statement [-Wreturn-type]
    }
    ^
/public/home/zhangkewei/zr/rocm-libraries-rocm-7.2.2/projects/rocfft/library/src/include/rtc_kernel.h:66:5: warning: void function is missing a return statement [-Wreturn-type]
    }
    ^
In file included from /public/home/zhangkewei/zr/rocm-libraries-rocm-7.2.2/projects/rocfft/library/src/rtc_bluestein_gen.cpp:27:
/public/home/zhangkewei/zr/rocm-libraries-rocm-7.2.2/projects/rocfft/library/src/include/rtc_kernel.h:50:5: warning: void function is missing a return statement [-Wreturn-type]
    }
    ^
/public/home/zhangkewei/zr/rocm-libraries-rocm-7.2.2/projects/rocfft/library/src/include/rtc_kernel.h:54:5: warning: void function is missing a return statement [-Wreturn-type]
    }
    ^
/public/home/zhangkewei/zr/rocm-libraries-rocm-7.2.2/projects/rocfft/library/src/include/rtc_kernel.h:58:5: warning: void function is missing a return statement [-Wreturn-type]
    }
    ^
/public/home/zhangkewei/zr/rocm-libraries-rocm-7.2.2/projects/rocfft/library/src/include/rtc_kernel.h:62:5: warning: void function is missing a return statement [-Wreturn-type]
    }
    ^
/public/home/zhangkewei/zr/rocm-libraries-rocm-7.2.2/projects/rocfft/library/src/include/rtc_kernel.h:66:5: warning: void function is missing a return statement [-Wreturn-type]
    }
    ^
/public/home/zhangkewei/zr/rocm-libraries-rocm-7.2.2/projects/rocfft/library/src/include/rtc_kernel.h:70:5: warning: void function is missing a return statement [-Wreturn-type]
    }
    ^
/public/home/zhangkewei/zr/rocm-libraries-rocm-7.2.2/projects/rocfft/library/src/include/rtc_kernel.h:74:5: warning: void function is missing a return statement [-Wreturn-type]
    }
    ^
/public/home/zhangkewei/zr/rocm-libraries-rocm-7.2.2/projects/rocfft/library/src/include/rtc_kernel.h:70:5: warning: void function is missing a return statement [-Wreturn-type]
    }
    ^
/public/home/zhangkewei/zr/rocm-libraries-rocm-7.2.2/projects/rocfft/library/src/include/rtc_kernel.h:74:5: warning: void function is missing a return statement [-Wreturn-type]
    }
    ^
/public/home/zhangkewei/zr/rocm-libraries-rocm-7.2.2/projects/rocfft/library/src/include/rtc_kernel.h:102:5: warning: void function is missing a return statement [-Wreturn-type]
    }
    ^
/public/home/zhangkewei/zr/rocm-libraries-rocm-7.2.2/projects/rocfft/library/src/include/rtc_kernel.h:102:5: warning: void function is missing a return statement [-Wreturn-type]
    }
    ^
In file included from /public/home/zhangkewei/zr/rocm-libraries-rocm-7.2.2/projects/rocfft/library/src/rtc_bluestein_gen.cpp:27:
/public/home/zhangkewei/zr/rocm-libraries-rocm-7.2.2/projects/rocfft/library/src/include/rtc_kernel.h:50:5: warning: void function is missing a return statement [-Wreturn-type]
    }
    ^
/public/home/zhangkewei/zr/rocm-libraries-rocm-7.2.2/projects/rocfft/library/src/include/rtc_kernel.h:54:5: warning: void function is missing a return statement [-Wreturn-type]
    }
    ^
/public/home/zhangkewei/zr/rocm-libraries-rocm-7.2.2/projects/rocfft/library/src/include/rtc_kernel.h:58:5: warning: void function is missing a return statement [-Wreturn-type]
    }
    ^
/public/home/zhangkewei/zr/rocm-libraries-rocm-7.2.2/projects/rocfft/library/src/include/rtc_kernel.h:62:5: warning: void function is missing a return statement [-Wreturn-type]
    }
    ^
/public/home/zhangkewei/zr/rocm-libraries-rocm-7.2.2/projects/rocfft/library/src/include/rtc_kernel.h:66:5: warning: void function is missing a return statement [-Wreturn-type]
    }
    ^
/public/home/zhangkewei/zr/rocm-libraries-rocm-7.2.2/projects/rocfft/library/src/include/rtc_kernel.h:70:5: warning: void function is missing a return statement [-Wreturn-type]
    }
    ^
/public/home/zhangkewei/zr/rocm-libraries-rocm-7.2.2/projects/rocfft/library/src/include/rtc_kernel.h:74:5: warning: void function is missing a return statement [-Wreturn-type]
    }
    ^
/public/home/zhangkewei/zr/rocm-libraries-rocm-7.2.2/projects/rocfft/library/src/include/rtc_kernel.h:102:5: warning: void function is missing a return statement [-Wreturn-type]
    }
    ^
In file included from /public/home/zhangkewei/zr/rocm-libraries-rocm-7.2.2/projects/rocfft/library/src/rtc_bluestein_gen.cpp:21:
In file included from /public/home/zhangkewei/zr/rocm-libraries-rocm-7.2.2/projects/rocfft/library/src/include/rtc_bluestein_gen.h:24:
/public/home/zhangkewei/zr/rocm-libraries-rocm-7.2.2/projects/rocfft/library/src/include/../device/kernels/callback.h:52:1: warning: void function is missing a return statement [-Wreturn-type]
}
^
/public/home/zhangkewei/zr/rocm-libraries-rocm-7.2.2/projects/rocfft/library/src/include/../device/kernels/callback.h:74:7: note: in instantiation of function template specialization 'store_cb_default<rocfft_complex<_Float16>>' requested here
    = store_cb_default<rocfft_complex<rocfft_fp16>>;
      ^
/public/home/zhangkewei/zr/rocm-libraries-rocm-7.2.2/projects/rocfft/library/src/include/../device/kernels/callback.h:52:1: warning: void function is missing a return statement [-Wreturn-type]
}
^
/public/home/zhangkewei/zr/rocm-libraries-rocm-7.2.2/projects/rocfft/library/src/include/../device/kernels/callback.h:91:57: note: in instantiation of function template specialization 'store_cb_default<rocfft_complex<float>>' requested here
In file included from /public/home/zhangkewei/zr/rocm-libraries-rocm-7.2.2/projects/rocfft/library/src/rtc_bluestein_gen.cpp:21:
In file included from /public/home/zhangkewei/zr/rocm-libraries-rocm-7.2.2/projects/rocfft/library/src/include/rtc_bluestein_gen.h:24:
/public/home/zhangkewei/zr/rocm-libraries-rocm-7.2.2/projects/rocfft/library/src/include/../device/kernels/callback.h:52:1: warning: void function is missing a return statement [-Wreturn-type]
}
^
/public/home/zhangkewei/zr/rocm-libraries-rocm-7.2.2/projects/rocfft/library/src/include/../device/kernels/callback.h:74:7: note: in instantiation of function template specialization 'store_cb_default<rocfft_complex<_Float16>>' requested here
    = store_cb_default<rocfft_complex<rocfft_fp16>>;
      ^
/public/home/zhangkewei/zr/rocm-libraries-rocm-7.2.2/projects/rocfft/library/src/include/../device/kernels/callback.h:52:1: warning: void function is missing a return statement [-Wreturn-type]
}
^
/public/home/zhangkewei/zr/rocm-libraries-rocm-7.2.2/projects/rocfft/library/src/include/../device/kernels/callback.h:91:57: note: in instantiation of function template specialization 'store_cb_default<rocfft_complex<float>>' requested here
static __device__ auto store_cb_default_complex_float = store_cb_default<rocfft_complex<float>>;
                                                        ^
static __device__ auto store_cb_default_complex_float = store_cb_default<rocfft_complex<float>>;
                                                        ^
/public/home/zhangkewei/zr/rocm-libraries-rocm-7.2.2/projects/rocfft/library/src/include/../device/kernels/callback.h:52:1: warning: void function is missing a return statement [-Wreturn-type]
}
^
/public/home/zhangkewei/zr/rocm-libraries-rocm-7.2.2/projects/rocfft/library/src/include/../device/kernels/callback.h:108:58: note: in instantiation of function template specialization 'store_cb_default<rocfft_complex<double>>' requested here
static __device__ auto store_cb_default_complex_double = store_cb_default<rocfft_complex<double>>;
                                                         ^
/public/home/zhangkewei/zr/rocm-libraries-rocm-7.2.2/projects/rocfft/library/src/include/../device/kernels/callback.h:52:1: warning: void function is missing a return statement [-Wreturn-type]
}
^
/public/home/zhangkewei/zr/rocm-libraries-rocm-7.2.2/projects/rocfft/library/src/include/../device/kernels/callback.h:119:48: note: in instantiation of function template specialization 'store_cb_default<_Float16>' requested here
static __device__ auto store_cb_default_half = store_cb_default<rocfft_fp16>;
                                               ^
/public/home/zhangkewei/zr/rocm-libraries-rocm-7.2.2/projects/rocfft/library/src/include/../device/kernels/callback.h:52:1: warning: void function is missing a return statement [-Wreturn-type]
}
^
/public/home/zhangkewei/zr/rocm-libraries-rocm-7.2.2/projects/rocfft/library/src/include/../device/kernels/callback.h:129:49: note: in instantiation of function template specialization 'store_cb_default<float>' requested here
static __device__ auto store_cb_default_float = store_cb_default<float>;
                                                ^
/public/home/zhangkewei/zr/rocm-libraries-rocm-7.2.2/projects/rocfft/library/src/include/../device/kernels/callback.h:52:1: warning: void function is missing a return statement [-Wreturn-type]
}
^
/public/home/zhangkewei/zr/rocm-libraries-rocm-7.2.2/projects/rocfft/library/src/include/../device/kernels/callback.h:140:50: note: in instantiation of function template specialization 'store_cb_default<double>' requested here
static __device__ auto store_cb_default_double = store_cb_default<double>;
                                                 ^
/public/home/zhangkewei/zr/rocm-libraries-rocm-7.2.2/projects/rocfft/library/src/include/../device/kernels/callback.h:52:1: warning: void function is missing a return statement [-Wreturn-type]
}
^
/public/home/zhangkewei/zr/rocm-libraries-rocm-7.2.2/projects/rocfft/library/src/include/../device/kernels/callback.h:108:58: note: in instantiation of function template specialization 'store_cb_default<rocfft_complex<double>>' requested here
static __device__ auto store_cb_default_complex_double = store_cb_default<rocfft_complex<double>>;
                                                         ^
/public/home/zhangkewei/zr/rocm-libraries-rocm-7.2.2/projects/rocfft/library/src/include/../device/kernels/callback.h:52:1: warning: void function is missing a return statement [-Wreturn-type]
}
^
/public/home/zhangkewei/zr/rocm-libraries-rocm-7.2.2/projects/rocfft/library/src/include/../device/kernels/callback.h:119:48: note: in instantiation of function template specialization 'store_cb_default<_Float16>' requested here
static __device__ auto store_cb_default_half = store_cb_default<rocfft_fp16>;
                                               ^
/public/home/zhangkewei/zr/rocm-libraries-rocm-7.2.2/projects/rocfft/library/src/include/../device/kernels/callback.h:52:1: warning: void function is missing a return statement [-Wreturn-type]
}
^
/public/home/zhangkewei/zr/rocm-libraries-rocm-7.2.2/projects/rocfft/library/src/include/../device/kernels/callback.h:129:49: note: in instantiation of function template specialization 'store_cb_default<float>' requested here
static __device__ auto store_cb_default_float = store_cb_default<float>;
                                                ^
/public/home/zhangkewei/zr/rocm-libraries-rocm-7.2.2/projects/rocfft/library/src/include/../device/kernels/callback.h:52:1: warning: void function is missing a return statement [-Wreturn-type]
}
^
/public/home/zhangkewei/zr/rocm-libraries-rocm-7.2.2/projects/rocfft/library/src/include/../device/kernels/callback.h:140:50: note: in instantiation of function template specialization 'store_cb_default<double>' requested here
static __device__ auto store_cb_default_double = store_cb_default<double>;
                                                 ^
In file included from /public/home/zhangkewei/zr/rocm-libraries-rocm-7.2.2/projects/rocfft/library/src/rtc_bluestein_gen.cpp:21:
In file included from /public/home/zhangkewei/zr/rocm-libraries-rocm-7.2.2/projects/rocfft/library/src/include/rtc_bluestein_gen.h:24:
/public/home/zhangkewei/zr/rocm-libraries-rocm-7.2.2/projects/rocfft/library/src/include/../device/kernels/callback.h:52:1: warning: void function is missing a return statement [-Wreturn-type]
}
^
/public/home/zhangkewei/zr/rocm-libraries-rocm-7.2.2/projects/rocfft/library/src/include/../device/kernels/callback.h:74:7: note: in instantiation of function template specialization 'store_cb_default<rocfft_complex<_Float16>>' requested here
    = store_cb_default<rocfft_complex<rocfft_fp16>>;
      ^
/public/home/zhangkewei/zr/rocm-libraries-rocm-7.2.2/projects/rocfft/library/src/include/../device/kernels/callback.h:52:1: warning: void function is missing a return statement [-Wreturn-type]
}
^
/public/home/zhangkewei/zr/rocm-libraries-rocm-7.2.2/projects/rocfft/library/src/include/../device/kernels/callback.h:91:57: note: in instantiation of function template specialization 'store_cb_default<rocfft_complex<float>>' requested here
static __device__ auto store_cb_default_complex_float = store_cb_default<rocfft_complex<float>>;
                                                        ^
/public/home/zhangkewei/zr/rocm-libraries-rocm-7.2.2/projects/rocfft/library/src/include/../device/kernels/callback.h:52:1: warning: void function is missing a return statement [-Wreturn-type]
}
^
/public/home/zhangkewei/zr/rocm-libraries-rocm-7.2.2/projects/rocfft/library/src/include/../device/kernels/callback.h:108:58: note: in instantiation of function template specialization 'store_cb_default<rocfft_complex<double>>' requested here
static __device__ auto store_cb_default_complex_double = store_cb_default<rocfft_complex<double>>;
                                                         ^
/public/home/zhangkewei/zr/rocm-libraries-rocm-7.2.2/projects/rocfft/library/src/include/../device/kernels/callback.h:52:1: warning: void function is missing a return statement [-Wreturn-type]
}
^
/public/home/zhangkewei/zr/rocm-libraries-rocm-7.2.2/projects/rocfft/library/src/include/../device/kernels/callback.h:119:48: note: in instantiation of function template specialization 'store_cb_default<_Float16>' requested here
static __device__ auto store_cb_default_half = store_cb_default<rocfft_fp16>;
                                               ^
/public/home/zhangkewei/zr/rocm-libraries-rocm-7.2.2/projects/rocfft/library/src/include/../device/kernels/callback.h:52:1: warning: void function is missing a return statement [-Wreturn-type]
}
^
/public/home/zhangkewei/zr/rocm-libraries-rocm-7.2.2/projects/rocfft/library/src/include/../device/kernels/callback.h:129:49: note: in instantiation of function template specialization 'store_cb_default<float>' requested here
static __device__ auto store_cb_default_float = store_cb_default<float>;
                                                ^
/public/home/zhangkewei/zr/rocm-libraries-rocm-7.2.2/projects/rocfft/library/src/include/../device/kernels/callback.h:52:1: warning: void function is missing a return statement [-Wreturn-type]
}
^
/public/home/zhangkewei/zr/rocm-libraries-rocm-7.2.2/projects/rocfft/library/src/include/../device/kernels/callback.h:140:50: note: in instantiation of function template specialization 'store_cb_default<double>' requested here
static __device__ auto store_cb_default_double = store_cb_default<double>;
                                                 ^
18 warnings generated when compiling for gfx926.
18 warnings generated when compiling for gfx928.
18 warnings generated when compiling for gfx906.
In file included from /public/home/zhangkewei/zr/rocm-libraries-rocm-7.2.2/projects/rocfft/library/src/rtc_bluestein_gen.cpp:24:
/public/home/zhangkewei/zr/rocm-libraries-rocm-7.2.2/projects/rocfft/library/src/device/generator/fftgenerator.h:76:5: warning: void function is missing a return statement [-Wreturn-type]
    }
    ^
/public/home/zhangkewei/zr/rocm-libraries-rocm-7.2.2/projects/rocfft/library/src/device/generator/fftgenerator.h:85:5: warning: void function is missing a return statement [-Wreturn-type]
    }
    ^
/public/home/zhangkewei/zr/rocm-libraries-rocm-7.2.2/projects/rocfft/library/src/device/generator/fftgenerator.h:175:5: warning: void function is missing a return statement [-Wreturn-type]
    }
    ^
In file included from /public/home/zhangkewei/zr/rocm-libraries-rocm-7.2.2/projects/rocfft/library/src/rtc_bluestein_gen.cpp:26:
/public/home/zhangkewei/zr/rocm-libraries-rocm-7.2.2/projects/rocfft/library/src/device/kernel-generator-embed.h:90:1: warning: void function is missing a return statement [-Wreturn-type]
}
^
In file included from /public/home/zhangkewei/zr/rocm-libraries-rocm-7.2.2/projects/rocfft/library/src/rtc_bluestein_gen.cpp:27:
/public/home/zhangkewei/zr/rocm-libraries-rocm-7.2.2/projects/rocfft/library/src/include/rtc_kernel.h:50:5: warning: void function is missing a return statement [-Wreturn-type]
    }
    ^
/public/home/zhangkewei/zr/rocm-libraries-rocm-7.2.2/projects/rocfft/library/src/include/rtc_kernel.h:54:5: warning: void function is missing a return statement [-Wreturn-type]
    }
    ^
/public/home/zhangkewei/zr/rocm-libraries-rocm-7.2.2/projects/rocfft/library/src/include/rtc_kernel.h:58:5: warning: void function is missing a return statement [-Wreturn-type]
    }
    ^
/public/home/zhangkewei/zr/rocm-libraries-rocm-7.2.2/projects/rocfft/library/src/include/rtc_kernel.h:62:5: warning: void function is missing a return statement [-Wreturn-type]
    }
    ^
/public/home/zhangkewei/zr/rocm-libraries-rocm-7.2.2/projects/rocfft/library/src/include/rtc_kernel.h:66:5: warning: void function is missing a return statement [-Wreturn-type]
    }
    ^
/public/home/zhangkewei/zr/rocm-libraries-rocm-7.2.2/projects/rocfft/library/src/include/rtc_kernel.h:70:5: warning: void function is missing a return statement [-Wreturn-type]
    }
    ^
/public/home/zhangkewei/zr/rocm-libraries-rocm-7.2.2/projects/rocfft/library/src/include/rtc_kernel.h:74:5: warning: void function is missing a return statement [-Wreturn-type]
    }
    ^
/public/home/zhangkewei/zr/rocm-libraries-rocm-7.2.2/projects/rocfft/library/src/include/rtc_kernel.h:102:5: warning: void function is missing a return statement [-Wreturn-type]
    }
    ^
In file included from /public/home/zhangkewei/zr/rocm-libraries-rocm-7.2.2/projects/rocfft/library/src/rtc_bluestein_gen.cpp:21:
In file included from /public/home/zhangkewei/zr/rocm-libraries-rocm-7.2.2/projects/rocfft/library/src/include/rtc_bluestein_gen.h:24:
/public/home/zhangkewei/zr/rocm-libraries-rocm-7.2.2/projects/rocfft/library/src/include/../device/kernels/callback.h:52:1: warning: void function is missing a return statement [-Wreturn-type]
}
^
/public/home/zhangkewei/zr/rocm-libraries-rocm-7.2.2/projects/rocfft/library/src/include/../device/kernels/callback.h:74:7: note: in instantiation of function template specialization 'store_cb_default<rocfft_complex<_Float16>>' requested here
    = store_cb_default<rocfft_complex<rocfft_fp16>>;
      ^
/public/home/zhangkewei/zr/rocm-libraries-rocm-7.2.2/projects/rocfft/library/src/include/../device/kernels/callback.h:52:1: warning: void function is missing a return statement [-Wreturn-type]
}
^
/public/home/zhangkewei/zr/rocm-libraries-rocm-7.2.2/projects/rocfft/library/src/include/../device/kernels/callback.h:91:57: note: in instantiation of function template specialization 'store_cb_default<rocfft_complex<float>>' requested here
static __device__ auto store_cb_default_complex_float = store_cb_default<rocfft_complex<float>>;
                                                        ^
/public/home/zhangkewei/zr/rocm-libraries-rocm-7.2.2/projects/rocfft/library/src/include/../device/kernels/callback.h:52:1: warning: void function is missing a return statement [-Wreturn-type]
}
^
/public/home/zhangkewei/zr/rocm-libraries-rocm-7.2.2/projects/rocfft/library/src/include/../device/kernels/callback.h:108:58: note: in instantiation of function template specialization 'store_cb_default<rocfft_complex<double>>' requested here
static __device__ auto store_cb_default_complex_double = store_cb_default<rocfft_complex<double>>;
                                                         ^
/public/home/zhangkewei/zr/rocm-libraries-rocm-7.2.2/projects/rocfft/library/src/include/../device/kernels/callback.h:52:1: warning: void function is missing a return statement [-Wreturn-type]
}
^
/public/home/zhangkewei/zr/rocm-libraries-rocm-7.2.2/projects/rocfft/library/src/include/../device/kernels/callback.h:119:48: note: in instantiation of function template specialization 'store_cb_default<_Float16>' requested here
static __device__ auto store_cb_default_half = store_cb_default<rocfft_fp16>;
                                               ^
/public/home/zhangkewei/zr/rocm-libraries-rocm-7.2.2/projects/rocfft/library/src/include/../device/kernels/callback.h:52:1: warning: void function is missing a return statement [-Wreturn-type]
}
^
/public/home/zhangkewei/zr/rocm-libraries-rocm-7.2.2/projects/rocfft/library/src/include/../device/kernels/callback.h:129:49: note: in instantiation of function template specialization 'store_cb_default<float>' requested here
static __device__ auto store_cb_default_float = store_cb_default<float>;
                                                ^
/public/home/zhangkewei/zr/rocm-libraries-rocm-7.2.2/projects/rocfft/library/src/include/../device/kernels/callback.h:52:1: warning: void function is missing a return statement [-Wreturn-type]
}
^
/public/home/zhangkewei/zr/rocm-libraries-rocm-7.2.2/projects/rocfft/library/src/include/../device/kernels/callback.h:140:50: note: in instantiation of function template specialization 'store_cb_default<double>' requested here
static __device__ auto store_cb_default_double = store_cb_default<double>;
                                                 ^
18 warnings generated when compiling for gfx936.
In file included from /public/home/zhangkewei/zr/rocm-libraries-rocm-7.2.2/projects/rocfft/library/src/rtc_bluestein_gen.cpp:24:
/public/home/zhangkewei/zr/rocm-libraries-rocm-7.2.2/projects/rocfft/library/src/device/generator/fftgenerator.h:76:5: warning: void function is missing a return statement [-Wreturn-type]
    }
    ^
/public/home/zhangkewei/zr/rocm-libraries-rocm-7.2.2/projects/rocfft/library/src/device/generator/fftgenerator.h:85:5: warning: void function is missing a return statement [-Wreturn-type]
    }
    ^
/public/home/zhangkewei/zr/rocm-libraries-rocm-7.2.2/projects/rocfft/library/src/device/generator/fftgenerator.h:175:5: warning: void function is missing a return statement [-Wreturn-type]
    }
    ^
In file included from /public/home/zhangkewei/zr/rocm-libraries-rocm-7.2.2/projects/rocfft/library/src/rtc_bluestein_gen.cpp:26:
/public/home/zhangkewei/zr/rocm-libraries-rocm-7.2.2/projects/rocfft/library/src/device/kernel-generator-embed.h:90:1: warning: void function is missing a return statement [-Wreturn-type]
}
^
In file included from /public/home/zhangkewei/zr/rocm-libraries-rocm-7.2.2/projects/rocfft/library/src/rtc_bluestein_gen.cpp:27:
/public/home/zhangkewei/zr/rocm-libraries-rocm-7.2.2/projects/rocfft/library/src/include/rtc_kernel.h:50:5: warning: void function is missing a return statement [-Wreturn-type]
    }
    ^
/public/home/zhangkewei/zr/rocm-libraries-rocm-7.2.2/projects/rocfft/library/src/include/rtc_kernel.h:54:5: warning: void function is missing a return statement [-Wreturn-type]
    }
    ^
/public/home/zhangkewei/zr/rocm-libraries-rocm-7.2.2/projects/rocfft/library/src/include/rtc_kernel.h:58:5: warning: void function is missing a return statement [-Wreturn-type]
    }
    ^
/public/home/zhangkewei/zr/rocm-libraries-rocm-7.2.2/projects/rocfft/library/src/include/rtc_kernel.h:62:5: warning: void function is missing a return statement [-Wreturn-type]
    }
    ^
/public/home/zhangkewei/zr/rocm-libraries-rocm-7.2.2/projects/rocfft/library/src/include/rtc_kernel.h:66:5: warning: void function is missing a return statement [-Wreturn-type]
    }
    ^
/public/home/zhangkewei/zr/rocm-libraries-rocm-7.2.2/projects/rocfft/library/src/include/rtc_kernel.h:70:5: warning: void function is missing a return statement [-Wreturn-type]
    }
    ^
/public/home/zhangkewei/zr/rocm-libraries-rocm-7.2.2/projects/rocfft/library/src/include/rtc_kernel.h:74:5: warning: void function is missing a return statement [-Wreturn-type]
    }
    ^
/public/home/zhangkewei/zr/rocm-libraries-rocm-7.2.2/projects/rocfft/library/src/include/rtc_kernel.h:102:5: warning: void function is missing a return statement [-Wreturn-type]
    }
    ^
In file included from /public/home/zhangkewei/zr/rocm-libraries-rocm-7.2.2/projects/rocfft/library/src/rtc_bluestein_gen.cpp:21:
In file included from /public/home/zhangkewei/zr/rocm-libraries-rocm-7.2.2/projects/rocfft/library/src/include/rtc_bluestein_gen.h:24:
/public/home/zhangkewei/zr/rocm-libraries-rocm-7.2.2/projects/rocfft/library/src/include/../device/kernels/callback.h:52:1: warning: void function is missing a return statement [-Wreturn-type]
}
^
/public/home/zhangkewei/zr/rocm-libraries-rocm-7.2.2/projects/rocfft/library/src/include/../device/kernels/callback.h:74:7: note: in instantiation of function template specialization 'store_cb_default<rocfft_complex<_Float16>>' requested here
    = store_cb_default<rocfft_complex<rocfft_fp16>>;
      ^
/public/home/zhangkewei/zr/rocm-libraries-rocm-7.2.2/projects/rocfft/library/src/include/../device/kernels/callback.h:52:1: warning: void function is missing a return statement [-Wreturn-type]
}
^
/public/home/zhangkewei/zr/rocm-libraries-rocm-7.2.2/projects/rocfft/library/src/include/../device/kernels/callback.h:91:57: note: in instantiation of function template specialization 'store_cb_default<rocfft_complex<float>>' requested here
static __device__ auto store_cb_default_complex_float = store_cb_default<rocfft_complex<float>>;
                                                        ^
/public/home/zhangkewei/zr/rocm-libraries-rocm-7.2.2/projects/rocfft/library/src/include/../device/kernels/callback.h:52:1: warning: void function is missing a return statement [-Wreturn-type]
}
^
/public/home/zhangkewei/zr/rocm-libraries-rocm-7.2.2/projects/rocfft/library/src/include/../device/kernels/callback.h:108:58: note: in instantiation of function template specialization 'store_cb_default<rocfft_complex<double>>' requested here
static __device__ auto store_cb_default_complex_double = store_cb_default<rocfft_complex<double>>;
                                                         ^
/public/home/zhangkewei/zr/rocm-libraries-rocm-7.2.2/projects/rocfft/library/src/include/../device/kernels/callback.h:52:1: warning: void function is missing a return statement [-Wreturn-type]
}
^
/public/home/zhangkewei/zr/rocm-libraries-rocm-7.2.2/projects/rocfft/library/src/include/../device/kernels/callback.h:119:48: note: in instantiation of function template specialization 'store_cb_default<_Float16>' requested here
static __device__ auto store_cb_default_half = store_cb_default<rocfft_fp16>;
                                               ^
/public/home/zhangkewei/zr/rocm-libraries-rocm-7.2.2/projects/rocfft/library/src/include/../device/kernels/callback.h:52:1: warning: void function is missing a return statement [-Wreturn-type]
}
^
/public/home/zhangkewei/zr/rocm-libraries-rocm-7.2.2/projects/rocfft/library/src/include/../device/kernels/callback.h:129:49: note: in instantiation of function template specialization 'store_cb_default<float>' requested here
static __device__ auto store_cb_default_float = store_cb_default<float>;
                                                ^
/public/home/zhangkewei/zr/rocm-libraries-rocm-7.2.2/projects/rocfft/library/src/include/../device/kernels/callback.h:52:1: warning: void function is missing a return statement [-Wreturn-type]
}
^
/public/home/zhangkewei/zr/rocm-libraries-rocm-7.2.2/projects/rocfft/library/src/include/../device/kernels/callback.h:140:50: note: in instantiation of function template specialization 'store_cb_default<double>' requested here
static __device__ auto store_cb_default_double = store_cb_default<double>;
                                                 ^
18 warnings generated when compiling for host.
In file included from /public/home/zhangkewei/zr/rocm-libraries-rocm-7.2.2/projects/rocfft/library/src/rtc_realcomplex_gen.cpp:21:
In file included from /public/home/zhangkewei/zr/rocm-libraries-rocm-7.2.2/projects/rocfft/library/src/include/rtc_realcomplex_gen.h:27:
/public/home/zhangkewei/zr/rocm-libraries-rocm-7.2.2/projects/rocfft/library/src/include/rtc_kernel.h:50:5: warning: void function is missing a return statement [-Wreturn-type]
    }
    ^
In file included from /public/home/zhangkewei/zr/rocm-libraries-rocm-7.2.2/projects/rocfft/library/src/rtc_realcomplex_gen.cpp:21:
In file included from /public/home/zhangkewei/zr/rocm-libraries-rocm-7.2.2/projects/rocfft/library/src/include/rtc_realcomplex_gen.h:27:
/public/home/zhangkewei/zr/rocm-libraries-rocm-7.2.2/projects/rocfft/library/src/include/rtc_kernel.h:50:5: warning: void function is missing a return statement [-Wreturn-type]
    }
    ^
/public/home/zhangkewei/zr/rocm-libraries-rocm-7.2.2/projects/rocfft/library/src/include/rtc_kernel.h:54:5: warning: void function is missing a return statement [-Wreturn-type]
    }
    ^
/public/home/zhangkewei/zr/rocm-libraries-rocm-7.2.2/projects/rocfft/library/src/include/rtc_kernel.h:58:5: warning: void function is missing a return statement [-Wreturn-type]
    }
    ^
/public/home/zhangkewei/zr/rocm-libraries-rocm-7.2.2/projects/rocfft/library/src/include/rtc_kernel.h:62:5: warning: void function is missing a return statement [-Wreturn-type]
    }
    ^
/public/home/zhangkewei/zr/rocm-libraries-rocm-7.2.2/projects/rocfft/library/src/include/rtc_kernel.h:66:5: warning: void function is missing a return statement [-Wreturn-type]
    }
    ^
/public/home/zhangkewei/zr/rocm-libraries-rocm-7.2.2/projects/rocfft/library/src/include/rtc_kernel.h:70:5: warning: void function is missing a return statement [-Wreturn-type]
    }
    ^
/public/home/zhangkewei/zr/rocm-libraries-rocm-7.2.2/projects/rocfft/library/src/include/rtc_kernel.h:74:5: warning: void function is missing a return statement [-Wreturn-type]
    }
    ^
/public/home/zhangkewei/zr/rocm-libraries-rocm-7.2.2/projects/rocfft/library/src/include/rtc_kernel.h:54:5: warning: void function is missing a return statement [-Wreturn-type]
    }
    ^
/public/home/zhangkewei/zr/rocm-libraries-rocm-7.2.2/projects/rocfft/library/src/include/rtc_kernel.h:58:5: warning: void function is missing a return statement [-Wreturn-type]
    }
    ^
/public/home/zhangkewei/zr/rocm-libraries-rocm-7.2.2/projects/rocfft/library/src/include/rtc_kernel.h:62:5: warning: void function is missing a return statement [-Wreturn-type]
    }
    ^
/public/home/zhangkewei/zr/rocm-libraries-rocm-7.2.2/projects/rocfft/library/src/include/rtc_kernel.h:66:5: warning: void function is missing a return statement [-Wreturn-type]
    }
    ^
/public/home/zhangkewei/zr/rocm-libraries-rocm-7.2.2/projects/rocfft/library/src/include/rtc_kernel.h:70:5: warning: void function is missing a return statement [-Wreturn-type]
    }
    ^
/public/home/zhangkewei/zr/rocm-libraries-rocm-7.2.2/projects/rocfft/library/src/include/rtc_kernel.h:74:5: warning: void function is missing a return statement [-Wreturn-type]
    }
    ^
/public/home/zhangkewei/zr/rocm-libraries-rocm-7.2.2/projects/rocfft/library/src/include/rtc_kernel.h:102:5: warning: void function is missing a return statement [-Wreturn-type]
    }
    ^
/public/home/zhangkewei/zr/rocm-libraries-rocm-7.2.2/projects/rocfft/library/src/include/rtc_kernel.h:102:5: warning: void function is missing a return statement [-Wreturn-type]
    }
    ^
In file included from /public/home/zhangkewei/zr/rocm-libraries-rocm-7.2.2/projects/rocfft/library/src/rtc_realcomplex_gen.cpp:21:
In file included from /public/home/zhangkewei/zr/rocm-libraries-rocm-7.2.2/projects/rocfft/library/src/include/rtc_realcomplex_gen.h:27:
/public/home/zhangkewei/zr/rocm-libraries-rocm-7.2.2/projects/rocfft/library/src/include/rtc_kernel.h:50:5: warning: void function is missing a return statement [-Wreturn-type]
    }
    ^
/public/home/zhangkewei/zr/rocm-libraries-rocm-7.2.2/projects/rocfft/library/src/include/rtc_kernel.h:54:5: warning: void function is missing a return statement [-Wreturn-type]
    }
    ^
/public/home/zhangkewei/zr/rocm-libraries-rocm-7.2.2/projects/rocfft/library/src/include/rtc_kernel.h:58:5: warning: void function is missing a return statement [-Wreturn-type]
    }
    ^
/public/home/zhangkewei/zr/rocm-libraries-rocm-7.2.2/projects/rocfft/library/src/include/rtc_kernel.h:62:5: warning: void function is missing a return statement [-Wreturn-type]
    }
    ^
/public/home/zhangkewei/zr/rocm-libraries-rocm-7.2.2/projects/rocfft/library/src/include/rtc_kernel.h:66:5: warning: void function is missing a return statement [-Wreturn-type]
    }
    ^
/public/home/zhangkewei/zr/rocm-libraries-rocm-7.2.2/projects/rocfft/library/src/include/rtc_kernel.h:70:5: warning: void function is missing a return statement [-Wreturn-type]
    }
    ^
/public/home/zhangkewei/zr/rocm-libraries-rocm-7.2.2/projects/rocfft/library/src/include/rtc_kernel.h:74:5: warning: void function is missing a return statement [-Wreturn-type]
    }
    ^
/public/home/zhangkewei/zr/rocm-libraries-rocm-7.2.2/projects/rocfft/library/src/include/rtc_kernel.h:102:5: warning: void function is missing a return statement [-Wreturn-type]
    }
    ^
In file included from /public/home/zhangkewei/zr/rocm-libraries-rocm-7.2.2/projects/rocfft/library/src/rtc_realcomplex_gen.cpp:26:
/public/home/zhangkewei/zr/rocm-libraries-rocm-7.2.2/projects/rocfft/library/src/device/kernel-generator-embed.h:90:1: warning: void function is missing a return statement [-Wreturn-type]
}
^
In file included from /public/home/zhangkewei/zr/rocm-libraries-rocm-7.2.2/projects/rocfft/library/src/rtc_realcomplex_gen.cpp:26:
/public/home/zhangkewei/zr/rocm-libraries-rocm-7.2.2/projects/rocfft/library/src/device/kernel-generator-embed.h:90:1: warning: void function is missing a return statement [-Wreturn-type]
}
^
In file included from /public/home/zhangkewei/zr/rocm-libraries-rocm-7.2.2/projects/rocfft/library/src/rtc_realcomplex_gen.cpp:26:
/public/home/zhangkewei/zr/rocm-libraries-rocm-7.2.2/projects/rocfft/library/src/device/kernel-generator-embed.h:90:1: warning: void function is missing a return statement [-Wreturn-type]
}
^
In file included from /public/home/zhangkewei/zr/rocm-libraries-rocm-7.2.2/projects/rocfft/library/src/rtc_realcomplex_gen.cpp:21:
In file included from /public/home/zhangkewei/zr/rocm-libraries-rocm-7.2.2/projects/rocfft/library/src/include/rtc_realcomplex_gen.h:27:
In file included from /public/home/zhangkewei/zr/rocm-libraries-rocm-7.2.2/projects/rocfft/library/src/include/rtc_kernel.h:34:
/public/home/zhangkewei/zr/rocm-libraries-rocm-7.2.2/projects/rocfft/library/src/include/../device/kernels/callback.h:52:1: warning: void function is missing a return statement [-Wreturn-type]
}
^
/public/home/zhangkewei/zr/rocm-libraries-rocm-7.2.2/projects/rocfft/library/src/include/../device/kernels/callback.h:74:7: note: in instantiation of function template specialization 'store_cb_default<rocfft_complex<_Float16>>' requested here
    = store_cb_default<rocfft_complex<rocfft_fp16>>;
      ^
In file included from /public/home/zhangkewei/zr/rocm-libraries-rocm-7.2.2/projects/rocfft/library/src/rtc_realcomplex_gen.cpp:21:
In file included from /public/home/zhangkewei/zr/rocm-libraries-rocm-7.2.2/projects/rocfft/library/src/include/rtc_realcomplex_gen.h:27:
In file included from /public/home/zhangkewei/zr/rocm-libraries-rocm-7.2.2/projects/rocfft/library/src/include/rtc_kernel.h:34:
/public/home/zhangkewei/zr/rocm-libraries-rocm-7.2.2/projects/rocfft/library/src/include/../device/kernels/callback.h:52:1: warning: void function is missing a return statement [-Wreturn-type]
}
^
/public/home/zhangkewei/zr/rocm-libraries-rocm-7.2.2/projects/rocfft/library/src/include/../device/kernels/callback.h:74:7: note: in instantiation of function template specialization 'store_cb_default<rocfft_complex<_Float16>>' requested here
    = store_cb_default<rocfft_complex<rocfft_fp16>>;
      ^
/public/home/zhangkewei/zr/rocm-libraries-rocm-7.2.2/projects/rocfft/library/src/include/../device/kernels/callback.h:52:1: warning: void function is missing a return statement [-Wreturn-type]
}
^
/public/home/zhangkewei/zr/rocm-libraries-rocm-7.2.2/projects/rocfft/library/src/include/../device/kernels/callback.h:91:57: note: in instantiation of function template specialization 'store_cb_default<rocfft_complex<float>>' requested here
static __device__ auto store_cb_default_complex_float = store_cb_default<rocfft_complex<float>>;
                                                        ^
/public/home/zhangkewei/zr/rocm-libraries-rocm-7.2.2/projects/rocfft/library/src/include/../device/kernels/callback.h:52:1: warning: void function is missing a return statement [-Wreturn-type]
}
^
/public/home/zhangkewei/zr/rocm-libraries-rocm-7.2.2/projects/rocfft/library/src/include/../device/kernels/callback.h:108:58: note: in instantiation of function template specialization 'store_cb_default<rocfft_complex<double>>' requested here
static __device__ auto store_cb_default_complex_double = store_cb_default<rocfft_complex<double>>;
                                                         ^
/public/home/zhangkewei/zr/rocm-libraries-rocm-7.2.2/projects/rocfft/library/src/include/../device/kernels/callback.h:52:1: warning: void function is missing a return statement [-Wreturn-type]
}
^
/public/home/zhangkewei/zr/rocm-libraries-rocm-7.2.2/projects/rocfft/library/src/include/../device/kernels/callback.h:119:48: note: in instantiation of function template specialization 'store_cb_default<_Float16>' requested here
static __device__ auto store_cb_default_half = store_cb_default<rocfft_fp16>;
                                               ^
/public/home/zhangkewei/zr/rocm-libraries-rocm-7.2.2/projects/rocfft/library/src/include/../device/kernels/callback.h:52:1: warning: void function is missing a return statement [-Wreturn-type]
}
^
/public/home/zhangkewei/zr/rocm-libraries-rocm-7.2.2/projects/rocfft/library/src/include/../device/kernels/callback.h:129:49: note: in instantiation of function template specialization 'store_cb_default<float>' requested here
static __device__ auto store_cb_default_float = store_cb_default<float>;
                                                ^
/public/home/zhangkewei/zr/rocm-libraries-rocm-7.2.2/projects/rocfft/library/src/include/../device/kernels/callback.h:52:1: warning: void function is missing a return statement [-Wreturn-type]
}
^
/public/home/zhangkewei/zr/rocm-libraries-rocm-7.2.2/projects/rocfft/library/src/include/../device/kernels/callback.h:140:50: note: in instantiation of function template specialization 'store_cb_default<double>' requested here
static __device__ auto store_cb_default_double = store_cb_default<double>;
                                                 ^
/public/home/zhangkewei/zr/rocm-libraries-rocm-7.2.2/projects/rocfft/library/src/include/../device/kernels/callback.h:52:1: warning: void function is missing a return statement [-Wreturn-type]
}
^
/public/home/zhangkewei/zr/rocm-libraries-rocm-7.2.2/projects/rocfft/library/src/include/../device/kernels/callback.h:91:57: note: in instantiation of function template specialization 'store_cb_default<rocfft_complex<float>>' requested here
static __device__ auto store_cb_default_complex_float = store_cb_default<rocfft_complex<float>>;
                                                        ^
/public/home/zhangkewei/zr/rocm-libraries-rocm-7.2.2/projects/rocfft/library/src/include/../device/kernels/callback.h:52:1: warning: void function is missing a return statement [-Wreturn-type]
}
^
/public/home/zhangkewei/zr/rocm-libraries-rocm-7.2.2/projects/rocfft/library/src/include/../device/kernels/callback.h:108:58: note: in instantiation of function template specialization 'store_cb_default<rocfft_complex<double>>' requested here
static __device__ auto store_cb_default_complex_double = store_cb_default<rocfft_complex<double>>;
                                                         ^
/public/home/zhangkewei/zr/rocm-libraries-rocm-7.2.2/projects/rocfft/library/src/include/../device/kernels/callback.h:52:1: warning: void function is missing a return statement [-Wreturn-type]
}
^
/public/home/zhangkewei/zr/rocm-libraries-rocm-7.2.2/projects/rocfft/library/src/include/../device/kernels/callback.h:119:48: note: in instantiation of function template specialization 'store_cb_default<_Float16>' requested here
static __device__ auto store_cb_default_half = store_cb_default<rocfft_fp16>;
                                               ^
/public/home/zhangkewei/zr/rocm-libraries-rocm-7.2.2/projects/rocfft/library/src/include/../device/kernels/callback.h:52:1: warning: void function is missing a return statement [-Wreturn-type]
}
^
/public/home/zhangkewei/zr/rocm-libraries-rocm-7.2.2/projects/rocfft/library/src/include/../device/kernels/callback.h:129:49: note: in instantiation of function template specialization 'store_cb_default<float>' requested here
static __device__ auto store_cb_default_float = store_cb_default<float>;
                                                ^
/public/home/zhangkewei/zr/rocm-libraries-rocm-7.2.2/projects/rocfft/library/src/include/../device/kernels/callback.h:52:1: warning: void function is missing a return statement [-Wreturn-type]
}
^
/public/home/zhangkewei/zr/rocm-libraries-rocm-7.2.2/projects/rocfft/library/src/include/../device/kernels/callback.h:140:50: note: in instantiation of function template specialization 'store_cb_default<double>' requested here
static __device__ auto store_cb_default_double = store_cb_default<double>;
                                                 ^
In file included from /public/home/zhangkewei/zr/rocm-libraries-rocm-7.2.2/projects/rocfft/library/src/rtc_realcomplex_gen.cpp:21:
In file included from /public/home/zhangkewei/zr/rocm-libraries-rocm-7.2.2/projects/rocfft/library/src/include/rtc_realcomplex_gen.h:27:
In file included from /public/home/zhangkewei/zr/rocm-libraries-rocm-7.2.2/projects/rocfft/library/src/include/rtc_kernel.h:34:
/public/home/zhangkewei/zr/rocm-libraries-rocm-7.2.2/projects/rocfft/library/src/include/../device/kernels/callback.h:52:1: warning: void function is missing a return statement [-Wreturn-type]
}
^
/public/home/zhangkewei/zr/rocm-libraries-rocm-7.2.2/projects/rocfft/library/src/include/../device/kernels/callback.h:74:7: note: in instantiation of function template specialization 'store_cb_default<rocfft_complex<_Float16>>' requested here
    = store_cb_default<rocfft_complex<rocfft_fp16>>;
      ^
/public/home/zhangkewei/zr/rocm-libraries-rocm-7.2.2/projects/rocfft/library/src/include/../device/kernels/callback.h:52:1: warning: void function is missing a return statement [-Wreturn-type]
}
^
/public/home/zhangkewei/zr/rocm-libraries-rocm-7.2.2/projects/rocfft/library/src/include/../device/kernels/callback.h:91:57: note: in instantiation of function template specialization 'store_cb_default<rocfft_complex<float>>' requested here
static __device__ auto store_cb_default_complex_float = store_cb_default<rocfft_complex<float>>;
                                                        ^
/public/home/zhangkewei/zr/rocm-libraries-rocm-7.2.2/projects/rocfft/library/src/include/../device/kernels/callback.h:52:1: warning: void function is missing a return statement [-Wreturn-type]
}
^
/public/home/zhangkewei/zr/rocm-libraries-rocm-7.2.2/projects/rocfft/library/src/include/../device/kernels/callback.h:108:58: note: in instantiation of function template specialization 'store_cb_default<rocfft_complex<double>>' requested here
static __device__ auto store_cb_default_complex_double = store_cb_default<rocfft_complex<double>>;
                                                         ^
/public/home/zhangkewei/zr/rocm-libraries-rocm-7.2.2/projects/rocfft/library/src/include/../device/kernels/callback.h:52:1: warning: void function is missing a return statement [-Wreturn-type]
}
^
/public/home/zhangkewei/zr/rocm-libraries-rocm-7.2.2/projects/rocfft/library/src/include/../device/kernels/callback.h:119:48: note: in instantiation of function template specialization 'store_cb_default<_Float16>' requested here
static __device__ auto store_cb_default_half = store_cb_default<rocfft_fp16>;
                                               ^
/public/home/zhangkewei/zr/rocm-libraries-rocm-7.2.2/projects/rocfft/library/src/include/../device/kernels/callback.h:52:1: warning: void function is missing a return statement [-Wreturn-type]
}
^
/public/home/zhangkewei/zr/rocm-libraries-rocm-7.2.2/projects/rocfft/library/src/include/../device/kernels/callback.h:129:49: note: in instantiation of function template specialization 'store_cb_default<float>' requested here
static __device__ auto store_cb_default_float = store_cb_default<float>;
                                                ^
/public/home/zhangkewei/zr/rocm-libraries-rocm-7.2.2/projects/rocfft/library/src/include/../device/kernels/callback.h:52:1: warning: void function is missing a return statement [-Wreturn-type]
}
^
/public/home/zhangkewei/zr/rocm-libraries-rocm-7.2.2/projects/rocfft/library/src/include/../device/kernels/callback.h:140:50: note: in instantiation of function template specialization 'store_cb_default<double>' requested here
static __device__ auto store_cb_default_double = store_cb_default<double>;
                                                 ^
15 warnings generated when compiling for gfx928.
15 warnings generated when compiling for gfx926.
15 warnings generated when compiling for gfx906.
slurmstepd: error: *** JOB 710903 ON e02r1n03 CANCELLED AT 2026-07-27T10:22:42 ***
