In file included from /public/home/zhangkewei/zr/rocm-libraries-rocm-7.2.2/projects/rocfft/library/src/rocfft_kernel_config_search.cpp:32:
/public/home/zhangkewei/zr/rocm-libraries-rocm-7.2.2/projects/rocfft/library/src/../../shared/CLI11.hpp:828:1: warning: void function is missing a return statement [-Wreturn-type]
}
^
In file included from /public/home/zhangkewei/zr/rocm-libraries-rocm-7.2.2/projects/rocfft/library/src/rocfft_kernel_config_search.cpp:32:
/public/home/zhangkewei/zr/rocm-libraries-rocm-7.2.2/projects/rocfft/library/src/../../shared/CLI11.hpp:828:1: warning: void function is missing a return statement [-Wreturn-type]
}
^
In file included from /public/home/zhangkewei/zr/rocm-libraries-rocm-7.2.2/projects/rocfft/library/src/rocfft_kernel_config_search.cpp:32:
/public/home/zhangkewei/zr/rocm-libraries-rocm-7.2.2/projects/rocfft/library/src/../../shared/CLI11.hpp:828:1: warning: void function is missing a return statement [-Wreturn-type]
}
^
/public/home/zhangkewei/zr/rocm-libraries-rocm-7.2.2/projects/rocfft/library/src/../../shared/CLI11.hpp:1191:1: warning: void function is missing a return statement [-Wreturn-type]
}
^
/public/home/zhangkewei/zr/rocm-libraries-rocm-7.2.2/projects/rocfft/library/src/../../shared/CLI11.hpp:1191:1: warning: void function is missing a return statement [-Wreturn-type]
}
^
/public/home/zhangkewei/zr/rocm-libraries-rocm-7.2.2/projects/rocfft/library/src/../../shared/CLI11.hpp:1191:1: warning: void function is missing a return statement [-Wreturn-type]
}
^
/public/home/zhangkewei/zr/rocm-libraries-rocm-7.2.2/projects/rocfft/library/src/../../shared/CLI11.hpp:4572:1: warning: void function is missing a return statement [-Wreturn-type]
}
^
/public/home/zhangkewei/zr/rocm-libraries-rocm-7.2.2/projects/rocfft/library/src/../../shared/CLI11.hpp:4572:1: warning: void function is missing a return statement [-Wreturn-type]
}
^
/public/home/zhangkewei/zr/rocm-libraries-rocm-7.2.2/projects/rocfft/library/src/../../shared/CLI11.hpp:4572:1: warning: void function is missing a return statement [-Wreturn-type]
}
^
/public/home/zhangkewei/zr/rocm-libraries-rocm-7.2.2/projects/rocfft/library/src/../../shared/CLI11.hpp:4869:72: warning: void function is missing a return statement [-Wreturn-type]
    void label(std::string key, std::string val) { labels_[key] = val; }
                                                                       ^
/public/home/zhangkewei/zr/rocm-libraries-rocm-7.2.2/projects/rocfft/library/src/../../shared/CLI11.hpp:4872:63: warning: void function is missing a return statement [-Wreturn-type]
    void column_width(std::size_t val) { column_width_ = val; }
                                                              ^
/public/home/zhangkewei/zr/rocm-libraries-rocm-7.2.2/projects/rocfft/library/src/../../shared/CLI11.hpp:4869:72: warning: void function is missing a return statement [-Wreturn-type]
    void label(std::string key, std::string val) { labels_[key] = val; }
                                                                       ^
/public/home/zhangkewei/zr/rocm-libraries-rocm-7.2.2/projects/rocfft/library/src/../../shared/CLI11.hpp:4872:63: warning: void function is missing a return statement [-Wreturn-type]
    void column_width(std::size_t val) { column_width_ = val; }
                                                              ^
/public/home/zhangkewei/zr/rocm-libraries-rocm-7.2.2/projects/rocfft/library/src/../../shared/CLI11.hpp:4869:72: warning: void function is missing a return statement [-Wreturn-type]
    void label(std::string key, std::string val) { labels_[key] = val; }
                                                                       ^
/public/home/zhangkewei/zr/rocm-libraries-rocm-7.2.2/projects/rocfft/library/src/../../shared/CLI11.hpp:4872:63: warning: void function is missing a return statement [-Wreturn-type]
    void column_width(std::size_t val) { column_width_ = val; }
                                                              ^
/public/home/zhangkewei/zr/rocm-libraries-rocm-7.2.2/projects/rocfft/library/src/../../shared/CLI11.hpp:5324:5: warning: void function is missing a return statement [-Wreturn-type]
    }
    ^
/public/home/zhangkewei/zr/rocm-libraries-rocm-7.2.2/projects/rocfft/library/src/../../shared/CLI11.hpp:5324:5: warning: void function is missing a return statement [-Wreturn-type]
    }
    ^
/public/home/zhangkewei/zr/rocm-libraries-rocm-7.2.2/projects/rocfft/library/src/../../shared/CLI11.hpp:5324:5: warning: void function is missing a return statement [-Wreturn-type]
    }
    ^
/public/home/zhangkewei/zr/rocm-libraries-rocm-7.2.2/projects/rocfft/library/src/../../shared/CLI11.hpp:5691:75: warning: void function is missing a return statement [-Wreturn-type]
    void inject_separator(bool value = true) { inject_separator_ = value; }
                                                                          ^
/public/home/zhangkewei/zr/rocm-libraries-rocm-7.2.2/projects/rocfft/library/src/../../shared/CLI11.hpp:5691:75: warning: void function is missing a return statement [-Wreturn-type]
    void inject_separator(bool value = true) { inject_separator_ = value; }
                                                                          ^
/public/home/zhangkewei/zr/rocm-libraries-rocm-7.2.2/projects/rocfft/library/src/../../shared/CLI11.hpp:5691:75: warning: void function is missing a return statement [-Wreturn-type]
    void inject_separator(bool value = true) { inject_separator_ = value; }
                                                                          ^
/public/home/zhangkewei/zr/rocm-libraries-rocm-7.2.2/projects/rocfft/library/src/../../shared/CLI11.hpp:7277:5: warning: void function is missing a return statement [-Wreturn-type]
    }
    ^
/public/home/zhangkewei/zr/rocm-libraries-rocm-7.2.2/projects/rocfft/library/src/../../shared/CLI11.hpp:7277:5: warning: void function is missing a return statement [-Wreturn-type]
    }
    ^
/public/home/zhangkewei/zr/rocm-libraries-rocm-7.2.2/projects/rocfft/library/src/../../shared/CLI11.hpp:7277:5: warning: void function is missing a return statement [-Wreturn-type]
    }
    ^
/public/home/zhangkewei/zr/rocm-libraries-rocm-7.2.2/projects/rocfft/library/src/../../shared/CLI11.hpp:7746:54: warning: void function is missing a return statement [-Wreturn-type]
    void add_options(Option *opt) { add_option(opt); }
                                                     ^
/public/home/zhangkewei/zr/rocm-libraries-rocm-7.2.2/projects/rocfft/library/src/../../shared/CLI11.hpp:7746:54: warning: void function is missing a return statement [-Wreturn-type]
    void add_options(Option *opt) { add_option(opt); }
                                                     ^
/public/home/zhangkewei/zr/rocm-libraries-rocm-7.2.2/projects/rocfft/library/src/../../shared/CLI11.hpp:7781:1: warning: void function is missing a return statement [-Wreturn-type]
}
^
/public/home/zhangkewei/zr/rocm-libraries-rocm-7.2.2/projects/rocfft/library/src/../../shared/CLI11.hpp:7787:1: warning: void function is missing a return statement [-Wreturn-type]
}
^
/public/home/zhangkewei/zr/rocm-libraries-rocm-7.2.2/projects/rocfft/library/src/../../shared/CLI11.hpp:7781:1: warning: void function is missing a return statement [-Wreturn-type]
}
^
/public/home/zhangkewei/zr/rocm-libraries-rocm-7.2.2/projects/rocfft/library/src/../../shared/CLI11.hpp:7787:1: warning: void function is missing a return statement [-Wreturn-type]
}
^
/public/home/zhangkewei/zr/rocm-libraries-rocm-7.2.2/projects/rocfft/library/src/../../shared/CLI11.hpp:7746:54: warning: void function is missing a return statement [-Wreturn-type]
    void add_options(Option *opt) { add_option(opt); }
                                                     ^
/public/home/zhangkewei/zr/rocm-libraries-rocm-7.2.2/projects/rocfft/library/src/../../shared/CLI11.hpp:7781:1: warning: void function is missing a return statement [-Wreturn-type]
}
^
/public/home/zhangkewei/zr/rocm-libraries-rocm-7.2.2/projects/rocfft/library/src/../../shared/CLI11.hpp:7787:1: warning: void function is missing a return statement [-Wreturn-type]
}
^
/public/home/zhangkewei/zr/rocm-libraries-rocm-7.2.2/projects/rocfft/library/src/../../shared/CLI11.hpp:8346:1: warning: void function is missing a return statement [-Wreturn-type]
}
^
/public/home/zhangkewei/zr/rocm-libraries-rocm-7.2.2/projects/rocfft/library/src/../../shared/CLI11.hpp:8348:93: warning: void function is missing a return statement [-Wreturn-type]
CLI11_INLINE void App::parse(int argc, const char *const *argv) { parse_char_t(argc, argv); }
                                                                                            ^
/public/home/zhangkewei/zr/rocm-libraries-rocm-7.2.2/projects/rocfft/library/src/../../shared/CLI11.hpp:8349:96: warning: void function is missing a return statement [-Wreturn-type]
CLI11_INLINE void App::parse(int argc, const wchar_t *const *argv) { parse_char_t(argc, argv); }
                                                                                               ^
/public/home/zhangkewei/zr/rocm-libraries-rocm-7.2.2/projects/rocfft/library/src/../../shared/CLI11.hpp:8346:1: warning: void function is missing a return statement [-Wreturn-type]
}
^
/public/home/zhangkewei/zr/rocm-libraries-rocm-7.2.2/projects/rocfft/library/src/../../shared/CLI11.hpp:8348:93: warning: void function is missing a return statement [-Wreturn-type]
CLI11_INLINE void App::parse(int argc, const char *const *argv) { parse_char_t(argc, argv); }
                                                                                            ^
/public/home/zhangkewei/zr/rocm-libraries-rocm-7.2.2/projects/rocfft/library/src/../../shared/CLI11.hpp:8349:96: warning: void function is missing a return statement [-Wreturn-type]
CLI11_INLINE void App::parse(int argc, const wchar_t *const *argv) { parse_char_t(argc, argv); }
                                                                                               ^
/public/home/zhangkewei/zr/rocm-libraries-rocm-7.2.2/projects/rocfft/library/src/../../shared/CLI11.hpp:8407:1: warning: void function is missing a return statement [-Wreturn-type]
}
^
/public/home/zhangkewei/zr/rocm-libraries-rocm-7.2.2/projects/rocfft/library/src/../../shared/CLI11.hpp:8407:1: warning: void function is missing a return statement [-Wreturn-type]
}
^
/public/home/zhangkewei/zr/rocm-libraries-rocm-7.2.2/projects/rocfft/library/src/../../shared/CLI11.hpp:8426:1: warning: void function is missing a return statement [-Wreturn-type]
}
^
/public/home/zhangkewei/zr/rocm-libraries-rocm-7.2.2/projects/rocfft/library/src/../../shared/CLI11.hpp:8445:1: warning: void function is missing a return statement [-Wreturn-type]
}
^
/public/home/zhangkewei/zr/rocm-libraries-rocm-7.2.2/projects/rocfft/library/src/../../shared/CLI11.hpp:8456:1: warning: void function is missing a return statement [-Wreturn-type]
}
^
/public/home/zhangkewei/zr/rocm-libraries-rocm-7.2.2/projects/rocfft/library/src/../../shared/CLI11.hpp:8426:1: warning: void function is missing a return statement [-Wreturn-type]
}
^
/public/home/zhangkewei/zr/rocm-libraries-rocm-7.2.2/projects/rocfft/library/src/../../shared/CLI11.hpp:8445:1: warning: void function is missing a return statement [-Wreturn-type]
}
^
/public/home/zhangkewei/zr/rocm-libraries-rocm-7.2.2/projects/rocfft/library/src/../../shared/CLI11.hpp:8456:1: warning: void function is missing a return statement [-Wreturn-type]
}
^
/public/home/zhangkewei/zr/rocm-libraries-rocm-7.2.2/projects/rocfft/library/src/../../shared/CLI11.hpp:8346:1: warning: void function is missing a return statement [-Wreturn-type]
}
^
/public/home/zhangkewei/zr/rocm-libraries-rocm-7.2.2/projects/rocfft/library/src/../../shared/CLI11.hpp:8348:93: warning: void function is missing a return statement [-Wreturn-type]
CLI11_INLINE void App::parse(int argc, const char *const *argv) { parse_char_t(argc, argv); }
                                                                                            ^
/public/home/zhangkewei/zr/rocm-libraries-rocm-7.2.2/projects/rocfft/library/src/../../shared/CLI11.hpp:8349:96: warning: void function is missing a return statement [-Wreturn-type]
CLI11_INLINE void App::parse(int argc, const wchar_t *const *argv) { parse_char_t(argc, argv); }
                                                                                               ^
/public/home/zhangkewei/zr/rocm-libraries-rocm-7.2.2/projects/rocfft/library/src/../../shared/CLI11.hpp:8407:1: warning: void function is missing a return statement [-Wreturn-type]
}
^
/public/home/zhangkewei/zr/rocm-libraries-rocm-7.2.2/projects/rocfft/library/src/../../shared/CLI11.hpp:8426:1: warning: void function is missing a return statement [-Wreturn-type]
}
^
/public/home/zhangkewei/zr/rocm-libraries-rocm-7.2.2/projects/rocfft/library/src/../../shared/CLI11.hpp:8445:1: warning: void function is missing a return statement [-Wreturn-type]
}
^
/public/home/zhangkewei/zr/rocm-libraries-rocm-7.2.2/projects/rocfft/library/src/../../shared/CLI11.hpp:8456:1: warning: void function is missing a return statement [-Wreturn-type]
}
^
/public/home/zhangkewei/zr/rocm-libraries-rocm-7.2.2/projects/rocfft/library/src/../../shared/CLI11.hpp:8807:1: warning: void function is missing a return statement [-Wreturn-type]
}
^
/public/home/zhangkewei/zr/rocm-libraries-rocm-7.2.2/projects/rocfft/library/src/../../shared/CLI11.hpp:8807:1: warning: void function is missing a return statement [-Wreturn-type]
}
^
/public/home/zhangkewei/zr/rocm-libraries-rocm-7.2.2/projects/rocfft/library/src/../../shared/CLI11.hpp:8834:1: warning: void function is missing a return statement [-Wreturn-type]
}
^
/public/home/zhangkewei/zr/rocm-libraries-rocm-7.2.2/projects/rocfft/library/src/../../shared/CLI11.hpp:8834:1: warning: void function is missing a return statement [-Wreturn-type]
}
^
/public/home/zhangkewei/zr/rocm-libraries-rocm-7.2.2/projects/rocfft/library/src/../../shared/CLI11.hpp:8960:1: warning: void function is missing a return statement [-Wreturn-type]
}
^
/public/home/zhangkewei/zr/rocm-libraries-rocm-7.2.2/projects/rocfft/library/src/../../shared/CLI11.hpp:8960:1: warning: void function is missing a return statement [-Wreturn-type]
}
^
/public/home/zhangkewei/zr/rocm-libraries-rocm-7.2.2/projects/rocfft/library/src/../../shared/CLI11.hpp:8984:1: warning: void function is missing a return statement [-Wreturn-type]
}
^
/public/home/zhangkewei/zr/rocm-libraries-rocm-7.2.2/projects/rocfft/library/src/../../shared/CLI11.hpp:8984:1: warning: void function is missing a return statement [-Wreturn-type]
}
^
/public/home/zhangkewei/zr/rocm-libraries-rocm-7.2.2/projects/rocfft/library/src/../../shared/CLI11.hpp:8807:1: warning: void function is missing a return statement [-Wreturn-type]
}
^
/public/home/zhangkewei/zr/rocm-libraries-rocm-7.2.2/projects/rocfft/library/src/../../shared/CLI11.hpp:8834:1: warning: void function is missing a return statement [-Wreturn-type]
}
^
/public/home/zhangkewei/zr/rocm-libraries-rocm-7.2.2/projects/rocfft/library/src/../../shared/CLI11.hpp:9193:1: warning: void function is missing a return statement [-Wreturn-type]
}
^
/public/home/zhangkewei/zr/rocm-libraries-rocm-7.2.2/projects/rocfft/library/src/../../shared/CLI11.hpp:8960:1: warning: void function is missing a return statement [-Wreturn-type]
}
^
/public/home/zhangkewei/zr/rocm-libraries-rocm-7.2.2/projects/rocfft/library/src/../../shared/CLI11.hpp:9193:1: warning: void function is missing a return statement [-Wreturn-type]
}
^
/public/home/zhangkewei/zr/rocm-libraries-rocm-7.2.2/projects/rocfft/library/src/../../shared/CLI11.hpp:9221:1: warning: void function is missing a return statement [-Wreturn-type]
}
^
/public/home/zhangkewei/zr/rocm-libraries-rocm-7.2.2/projects/rocfft/library/src/../../shared/CLI11.hpp:9237:1: warning: void function is missing a return statement [-Wreturn-type]
}
^
/public/home/zhangkewei/zr/rocm-libraries-rocm-7.2.2/projects/rocfft/library/src/../../shared/CLI11.hpp:9248:1: warning: void function is missing a return statement [-Wreturn-type]
}
^
/public/home/zhangkewei/zr/rocm-libraries-rocm-7.2.2/projects/rocfft/library/src/../../shared/CLI11.hpp:9221:1: warning: void function is missing a return statement [-Wreturn-type]
}
^
/public/home/zhangkewei/zr/rocm-libraries-rocm-7.2.2/projects/rocfft/library/src/../../shared/CLI11.hpp:9237:1: warning: void function is missing a return statement [-Wreturn-type]
}
^
/public/home/zhangkewei/zr/rocm-libraries-rocm-7.2.2/projects/rocfft/library/src/../../shared/CLI11.hpp:9248:1: warning: void function is missing a return statement [-Wreturn-type]
}
^
/public/home/zhangkewei/zr/rocm-libraries-rocm-7.2.2/projects/rocfft/library/src/../../shared/CLI11.hpp:8984:1: warning: void function is missing a return statement [-Wreturn-type]
}
^
/public/home/zhangkewei/zr/rocm-libraries-rocm-7.2.2/projects/rocfft/library/src/../../shared/CLI11.hpp:9193:1: warning: void function is missing a return statement [-Wreturn-type]
}
^
/public/home/zhangkewei/zr/rocm-libraries-rocm-7.2.2/projects/rocfft/library/src/../../shared/CLI11.hpp:9221:1: warning: void function is missing a return statement [-Wreturn-type]
}
^
/public/home/zhangkewei/zr/rocm-libraries-rocm-7.2.2/projects/rocfft/library/src/../../shared/CLI11.hpp:9237:1: warning: void function is missing a return statement [-Wreturn-type]
}
^
/public/home/zhangkewei/zr/rocm-libraries-rocm-7.2.2/projects/rocfft/library/src/../../shared/CLI11.hpp:9248:1: warning: void function is missing a return statement [-Wreturn-type]
}
^
/public/home/zhangkewei/zr/rocm-libraries-rocm-7.2.2/projects/rocfft/library/src/../../shared/CLI11.hpp:9851:1: warning: void function is missing a return statement [-Wreturn-type]
}
^
/public/home/zhangkewei/zr/rocm-libraries-rocm-7.2.2/projects/rocfft/library/src/../../shared/CLI11.hpp:9851:1: warning: void function is missing a return statement [-Wreturn-type]
}
^
/public/home/zhangkewei/zr/rocm-libraries-rocm-7.2.2/projects/rocfft/library/src/../../shared/CLI11.hpp:9974:1: warning: void function is missing a return statement [-Wreturn-type]
}
^
/public/home/zhangkewei/zr/rocm-libraries-rocm-7.2.2/projects/rocfft/library/src/../../shared/CLI11.hpp:9974:1: warning: void function is missing a return statement [-Wreturn-type]
}
^
/public/home/zhangkewei/zr/rocm-libraries-rocm-7.2.2/projects/rocfft/library/src/../../shared/CLI11.hpp:9987:1: warning: void function is missing a return statement [-Wreturn-type]
}
^
/public/home/zhangkewei/zr/rocm-libraries-rocm-7.2.2/projects/rocfft/library/src/../../shared/CLI11.hpp:9987:1: warning: void function is missing a return statement [-Wreturn-type]
}
^
/public/home/zhangkewei/zr/rocm-libraries-rocm-7.2.2/projects/rocfft/library/src/../../shared/CLI11.hpp:9993:1: warning: void function is missing a return statement [-Wreturn-type]
}
^
/public/home/zhangkewei/zr/rocm-libraries-rocm-7.2.2/projects/rocfft/library/src/../../shared/CLI11.hpp:9993:1: warning: void function is missing a return statement [-Wreturn-type]
}
^
/public/home/zhangkewei/zr/rocm-libraries-rocm-7.2.2/projects/rocfft/library/src/../../shared/CLI11.hpp:10006:1: warning: void function is missing a return statement [-Wreturn-type]
}
^
/public/home/zhangkewei/zr/rocm-libraries-rocm-7.2.2/projects/rocfft/library/src/../../shared/CLI11.hpp:10006:1: warning: void function is missing a return statement [-Wreturn-type]
}
^
/public/home/zhangkewei/zr/rocm-libraries-rocm-7.2.2/projects/rocfft/library/src/../../shared/CLI11.hpp:9851:1: warning: void function is missing a return statement [-Wreturn-type]
}
^
/public/home/zhangkewei/zr/rocm-libraries-rocm-7.2.2/projects/rocfft/library/src/../../shared/CLI11.hpp:10020:1: warning: void function is missing a return statement [-Wreturn-type]
}
^
/public/home/zhangkewei/zr/rocm-libraries-rocm-7.2.2/projects/rocfft/library/src/../../shared/CLI11.hpp:10020:1: warning: void function is missing a return statement [-Wreturn-type]
}
^
/public/home/zhangkewei/zr/rocm-libraries-rocm-7.2.2/projects/rocfft/library/src/../../shared/CLI11.hpp:10044:1: warning: void function is missing a return statement [-Wreturn-type]
}
^
/public/home/zhangkewei/zr/rocm-libraries-rocm-7.2.2/projects/rocfft/library/src/../../shared/CLI11.hpp:10046:84: warning: void function is missing a return statement [-Wreturn-type]
CLI11_INLINE void retire_option(App &app, Option *opt) { retire_option(&app, opt); }
                                                                                   ^
/public/home/zhangkewei/zr/rocm-libraries-rocm-7.2.2/projects/rocfft/library/src/../../shared/CLI11.hpp:10044:1: warning: void function is missing a return statement [-Wreturn-type]
}
^
/public/home/zhangkewei/zr/rocm-libraries-rocm-7.2.2/projects/rocfft/library/src/../../shared/CLI11.hpp:10046:84: warning: void function is missing a return statement [-Wreturn-type]
CLI11_INLINE void retire_option(App &app, Option *opt) { retire_option(&app, opt); }
                                                                                   ^
/public/home/zhangkewei/zr/rocm-libraries-rocm-7.2.2/projects/rocfft/library/src/../../shared/CLI11.hpp:9974:1: warning: void function is missing a return statement [-Wreturn-type]
}
^
/public/home/zhangkewei/zr/rocm-libraries-rocm-7.2.2/projects/rocfft/library/src/../../shared/CLI11.hpp:10068:111: warning: void function is missing a return statement [-Wreturn-type]
CLI11_INLINE void retire_option(App &app, const std::string &option_name) { retire_option(&app, option_name); }
                                                                                                              ^
/public/home/zhangkewei/zr/rocm-libraries-rocm-7.2.2/projects/rocfft/library/src/../../shared/CLI11.hpp:10068:111: warning: void function is missing a return statement [-Wreturn-type]
CLI11_INLINE void retire_option(App &app, const std::string &option_name) { retire_option(&app, option_name); }
                                                                                                              ^
/public/home/zhangkewei/zr/rocm-libraries-rocm-7.2.2/projects/rocfft/library/src/../../shared/CLI11.hpp:9987:1: warning: void function is missing a return statement [-Wreturn-type]
}
^
/public/home/zhangkewei/zr/rocm-libraries-rocm-7.2.2/projects/rocfft/library/src/../../shared/CLI11.hpp:9993:1: warning: void function is missing a return statement [-Wreturn-type]
}
^
/public/home/zhangkewei/zr/rocm-libraries-rocm-7.2.2/projects/rocfft/library/src/../../shared/CLI11.hpp:10006:1: warning: void function is missing a return statement [-Wreturn-type]
}
^
/public/home/zhangkewei/zr/rocm-libraries-rocm-7.2.2/projects/rocfft/library/src/../../shared/CLI11.hpp:10020:1: warning: void function is missing a return statement [-Wreturn-type]
}
^
/public/home/zhangkewei/zr/rocm-libraries-rocm-7.2.2/projects/rocfft/library/src/../../shared/CLI11.hpp:10044:1: warning: void function is missing a return statement [-Wreturn-type]
}
^
/public/home/zhangkewei/zr/rocm-libraries-rocm-7.2.2/projects/rocfft/library/src/../../shared/CLI11.hpp:10046:84: warning: void function is missing a return statement [-Wreturn-type]
CLI11_INLINE void retire_option(App &app, Option *opt) { retire_option(&app, opt); }
                                                                                   ^
/public/home/zhangkewei/zr/rocm-libraries-rocm-7.2.2/projects/rocfft/library/src/../../shared/CLI11.hpp:10068:111: warning: void function is missing a return statement [-Wreturn-type]
CLI11_INLINE void retire_option(App &app, const std::string &option_name) { retire_option(&app, option_name); }
                                                                                                              ^
/public/home/zhangkewei/zr/rocm-libraries-rocm-7.2.2/projects/rocfft/library/src/../../shared/CLI11.hpp:10297:1: warning: void function is missing a return statement [-Wreturn-type]
}
^
/public/home/zhangkewei/zr/rocm-libraries-rocm-7.2.2/projects/rocfft/library/src/../../shared/CLI11.hpp:10297:1: warning: void function is missing a return statement [-Wreturn-type]
}
^
/public/home/zhangkewei/zr/rocm-libraries-rocm-7.2.2/projects/rocfft/library/src/../../shared/CLI11.hpp:10297:1: warning: void function is missing a return statement [-Wreturn-type]
}
^
In file included from /public/home/zhangkewei/zr/rocm-libraries-rocm-7.2.2/projects/rocfft/library/src/rocfft_kernel_config_search.cpp:38:
In file included from /public/home/zhangkewei/zr/rocm-libraries-rocm-7.2.2/projects/rocfft/library/src/include/rtc_stockham_gen.h:30:
/public/home/zhangkewei/zr/rocm-libraries-rocm-7.2.2/projects/rocfft/library/src/include/rtc_kernel.h:50:5: warning: void function is missing a return statement [-Wreturn-type]
    }
    ^
/public/home/zhangkewei/zr/rocm-libraries-rocm-7.2.2/projects/rocfft/library/src/include/rtc_kernel.h:54:5: warning: void function is missing a return statement [-Wreturn-type]
    }
    ^
/public/home/zhangkewei/zr/rocm-libraries-rocm-7.2.2/projects/rocfft/library/src/include/rtc_kernel.h:58:5: warning: void function is missing a return statement [-Wreturn-type]
    }
    ^
/public/home/zhangkewei/zr/rocm-libraries-rocm-7.2.2/projects/rocfft/library/src/include/rtc_kernel.h:62:5: warning: void function is missing a return statement [-Wreturn-type]
    }
    ^
/public/home/zhangkewei/zr/rocm-libraries-rocm-7.2.2/projects/rocfft/library/src/include/rtc_kernel.h:66:5: warning: void function is missing a return statement [-Wreturn-type]
    }
    ^
/public/home/zhangkewei/zr/rocm-libraries-rocm-7.2.2/projects/rocfft/library/src/include/rtc_kernel.h:70:5: warning: void function is missing a return statement [-Wreturn-type]
    }
    ^
/public/home/zhangkewei/zr/rocm-libraries-rocm-7.2.2/projects/rocfft/library/src/include/rtc_kernel.h:74:5: warning: void function is missing a return statement [-Wreturn-type]
    }
    ^
In file included from /public/home/zhangkewei/zr/rocm-libraries-rocm-7.2.2/projects/rocfft/library/src/rocfft_kernel_config_search.cpp:38:
In file included from /public/home/zhangkewei/zr/rocm-libraries-rocm-7.2.2/projects/rocfft/library/src/include/rtc_stockham_gen.h:30:
/public/home/zhangkewei/zr/rocm-libraries-rocm-7.2.2/projects/rocfft/library/src/include/rtc_kernel.h:50:5: warning: void function is missing a return statement [-Wreturn-type]
    }
    ^
/public/home/zhangkewei/zr/rocm-libraries-rocm-7.2.2/projects/rocfft/library/src/include/rtc_kernel.h:54:5: warning: void function is missing a return statement [-Wreturn-type]
    }
    ^
/public/home/zhangkewei/zr/rocm-libraries-rocm-7.2.2/projects/rocfft/library/src/include/rtc_kernel.h:58:5: warning: void function is missing a return statement [-Wreturn-type]
    }
    ^
/public/home/zhangkewei/zr/rocm-libraries-rocm-7.2.2/projects/rocfft/library/src/include/rtc_kernel.h:62:5: warning: void function is missing a return statement [-Wreturn-type]
    }
    ^
/public/home/zhangkewei/zr/rocm-libraries-rocm-7.2.2/projects/rocfft/library/src/include/rtc_kernel.h:66:5: warning: void function is missing a return statement [-Wreturn-type]
    }
    ^
/public/home/zhangkewei/zr/rocm-libraries-rocm-7.2.2/projects/rocfft/library/src/include/rtc_kernel.h:70:5: warning: void function is missing a return statement [-Wreturn-type]
    }
    ^
/public/home/zhangkewei/zr/rocm-libraries-rocm-7.2.2/projects/rocfft/library/src/include/rtc_kernel.h:74:5: warning: void function is missing a return statement [-Wreturn-type]
    }
    ^
/public/home/zhangkewei/zr/rocm-libraries-rocm-7.2.2/projects/rocfft/library/src/include/rtc_kernel.h:102:5: warning: void function is missing a return statement [-Wreturn-type]
    }
    ^
/public/home/zhangkewei/zr/rocm-libraries-rocm-7.2.2/projects/rocfft/library/src/include/rtc_kernel.h:102:5: warning: void function is missing a return statement [-Wreturn-type]
    }
    ^
In file included from /public/home/zhangkewei/zr/rocm-libraries-rocm-7.2.2/projects/rocfft/library/src/rocfft_kernel_config_search.cpp:38:
In file included from /public/home/zhangkewei/zr/rocm-libraries-rocm-7.2.2/projects/rocfft/library/src/include/rtc_stockham_gen.h:30:
/public/home/zhangkewei/zr/rocm-libraries-rocm-7.2.2/projects/rocfft/library/src/include/rtc_kernel.h:50:5: warning: void function is missing a return statement [-Wreturn-type]
    }
    ^
/public/home/zhangkewei/zr/rocm-libraries-rocm-7.2.2/projects/rocfft/library/src/include/rtc_kernel.h:54:5: warning: void function is missing a return statement [-Wreturn-type]
    }
    ^
/public/home/zhangkewei/zr/rocm-libraries-rocm-7.2.2/projects/rocfft/library/src/include/rtc_kernel.h:58:5: warning: void function is missing a return statement [-Wreturn-type]
    }
    ^
/public/home/zhangkewei/zr/rocm-libraries-rocm-7.2.2/projects/rocfft/library/src/include/rtc_kernel.h:62:5: warning: void function is missing a return statement [-Wreturn-type]
    }
    ^
/public/home/zhangkewei/zr/rocm-libraries-rocm-7.2.2/projects/rocfft/library/src/include/rtc_kernel.h:66:5: warning: void function is missing a return statement [-Wreturn-type]
    }
    ^
/public/home/zhangkewei/zr/rocm-libraries-rocm-7.2.2/projects/rocfft/library/src/include/rtc_kernel.h:70:5: warning: void function is missing a return statement [-Wreturn-type]
    }
    ^
/public/home/zhangkewei/zr/rocm-libraries-rocm-7.2.2/projects/rocfft/library/src/include/rtc_kernel.h:74:5: warning: void function is missing a return statement [-Wreturn-type]
    }
    ^
/public/home/zhangkewei/zr/rocm-libraries-rocm-7.2.2/projects/rocfft/library/src/include/rtc_kernel.h:102:5: warning: void function is missing a return statement [-Wreturn-type]
    }
    ^
In file included from /public/home/zhangkewei/zr/rocm-libraries-rocm-7.2.2/projects/rocfft/library/src/rocfft_kernel_config_search.cpp:32:
/public/home/zhangkewei/zr/rocm-libraries-rocm-7.2.2/projects/rocfft/library/src/../../shared/CLI11.hpp:5773:1: warning: void function is missing a return statement [-Wreturn-type]
}
^
/public/home/zhangkewei/zr/rocm-libraries-rocm-7.2.2/projects/rocfft/library/src/../../shared/CLI11.hpp:8016:26: note: in instantiation of function template specialization 'CLI::OptionBase<CLI::OptionDefaults>::copy_to<CLI::Option>' requested here
        option_defaults_.copy_to(option.get());
                         ^
In file included from /public/home/zhangkewei/zr/rocm-libraries-rocm-7.2.2/projects/rocfft/library/src/rocfft_kernel_config_search.cpp:32:
/public/home/zhangkewei/zr/rocm-libraries-rocm-7.2.2/projects/rocfft/library/src/../../shared/CLI11.hpp:5773:1: warning: void function is missing a return statement [-Wreturn-type]
}
^
/public/home/zhangkewei/zr/rocm-libraries-rocm-7.2.2/projects/rocfft/library/src/../../shared/CLI11.hpp:8016:26: note: in instantiation of function template specialization 'CLI::OptionBase<CLI::OptionDefaults>::copy_to<CLI::Option>' requested here
        option_defaults_.copy_to(option.get());
                         ^
In file included from /public/home/zhangkewei/zr/rocm-libraries-rocm-7.2.2/projects/rocfft/library/src/rocfft_kernel_config_search.cpp:32:
/public/home/zhangkewei/zr/rocm-libraries-rocm-7.2.2/projects/rocfft/library/src/../../shared/CLI11.hpp:5773:1: warning: void function is missing a return statement [-Wreturn-type]
}
^
/public/home/zhangkewei/zr/rocm-libraries-rocm-7.2.2/projects/rocfft/library/src/../../shared/CLI11.hpp:8016:26: note: in instantiation of function template specialization 'CLI::OptionBase<CLI::OptionDefaults>::copy_to<CLI::Option>' requested here
        option_defaults_.copy_to(option.get());
                         ^
/public/home/zhangkewei/zr/rocm-libraries-rocm-7.2.2/projects/rocfft/library/src/../../shared/CLI11.hpp:8372:1: warning: void function is missing a return statement [-Wreturn-type]
}
^
/public/home/zhangkewei/zr/rocm-libraries-rocm-7.2.2/projects/rocfft/library/src/../../shared/CLI11.hpp:8348:67: note: in instantiation of function template specialization 'CLI::App::parse_char_t<char>' requested here
CLI11_INLINE void App::parse(int argc, const char *const *argv) { parse_char_t(argc, argv); }
                                                                  ^
/public/home/zhangkewei/zr/rocm-libraries-rocm-7.2.2/projects/rocfft/library/src/../../shared/CLI11.hpp:8372:1: warning: void function is missing a return statement [-Wreturn-type]
}
^
/public/home/zhangkewei/zr/rocm-libraries-rocm-7.2.2/projects/rocfft/library/src/../../shared/CLI11.hpp:8348:67: note: in instantiation of function template specialization 'CLI::App::parse_char_t<char>' requested here
CLI11_INLINE void App::parse(int argc, const char *const *argv) { parse_char_t(argc, argv); }
                                                                  ^
/public/home/zhangkewei/zr/rocm-libraries-rocm-7.2.2/projects/rocfft/library/src/../../shared/CLI11.hpp:8372:1: warning: void function is missing a return statement [-Wreturn-type]
}
^
/public/home/zhangkewei/zr/rocm-libraries-rocm-7.2.2/projects/rocfft/library/src/../../shared/CLI11.hpp:8349:70: note: in instantiation of function template specialization 'CLI::App::parse_char_t<wchar_t>' requested here
CLI11_INLINE void App::parse(int argc, const wchar_t *const *argv) { parse_char_t(argc, argv); }
                                                                     ^
/public/home/zhangkewei/zr/rocm-libraries-rocm-7.2.2/projects/rocfft/library/src/../../shared/CLI11.hpp:8372:1: warning: void function is missing a return statement [-Wreturn-type]
}
^
/public/home/zhangkewei/zr/rocm-libraries-rocm-7.2.2/projects/rocfft/library/src/../../shared/CLI11.hpp:8349:70: note: in instantiation of function template specialization 'CLI::App::parse_char_t<wchar_t>' requested here
CLI11_INLINE void App::parse(int argc, const wchar_t *const *argv) { parse_char_t(argc, argv); }
                                                                     ^
/public/home/zhangkewei/zr/rocm-libraries-rocm-7.2.2/projects/rocfft/library/src/../../shared/CLI11.hpp:8372:1: warning: void function is missing a return statement [-Wreturn-type]
}
^
/public/home/zhangkewei/zr/rocm-libraries-rocm-7.2.2/projects/rocfft/library/src/../../shared/CLI11.hpp:8348:67: note: in instantiation of function template specialization 'CLI::App::parse_char_t<char>' requested here
CLI11_INLINE void App::parse(int argc, const char *const *argv) { parse_char_t(argc, argv); }
                                                                  ^
/public/home/zhangkewei/zr/rocm-libraries-rocm-7.2.2/projects/rocfft/library/src/../../shared/CLI11.hpp:8372:1: warning: void function is missing a return statement [-Wreturn-type]
}
^
/public/home/zhangkewei/zr/rocm-libraries-rocm-7.2.2/projects/rocfft/library/src/../../shared/CLI11.hpp:8349:70: note: in instantiation of function template specialization 'CLI::App::parse_char_t<wchar_t>' requested here
CLI11_INLINE void App::parse(int argc, const wchar_t *const *argv) { parse_char_t(argc, argv); }
                                                                     ^
In file included from /public/home/zhangkewei/zr/rocm-libraries-rocm-7.2.2/projects/rocfft/library/src/rocfft_kernel_config_search.cpp:38:
In file included from /public/home/zhangkewei/zr/rocm-libraries-rocm-7.2.2/projects/rocfft/library/src/include/rtc_stockham_gen.h:30:
In file included from /public/home/zhangkewei/zr/rocm-libraries-rocm-7.2.2/projects/rocfft/library/src/include/rtc_kernel.h:34:
/public/home/zhangkewei/zr/rocm-libraries-rocm-7.2.2/projects/rocfft/library/src/include/../device/kernels/callback.h:52:1: warning: void function is missing a return statement [-Wreturn-type]
}
^
/public/home/zhangkewei/zr/rocm-libraries-rocm-7.2.2/projects/rocfft/library/src/include/../device/kernels/callback.h:74:7: note: in instantiation of function template specialization 'store_cb_default<rocfft_complex<_Float16>>' requested here
    = store_cb_default<rocfft_complex<rocfft_fp16>>;
      ^
/public/home/zhangkewei/zr/rocm-libraries-rocm-7.2.2/projects/rocfft/library/src/include/../device/kernels/callback.h:52:1: warning: void function is missing a return statement [-Wreturn-type]
}
^
/public/home/zhangkewei/zr/rocm-libraries-rocm-7.2.2/projects/rocfft/library/src/include/../device/kernels/callback.h:91:57: note: in instantiation of function template specialization 'store_cb_default<rocfft_complex<float>>' requested here
static __device__ auto store_cb_default_complex_float = store_cb_default<rocfft_complex<float>>;
                                                        ^
In file included from /public/home/zhangkewei/zr/rocm-libraries-rocm-7.2.2/projects/rocfft/library/src/rocfft_kernel_config_search.cpp:38:
In file included from /public/home/zhangkewei/zr/rocm-libraries-rocm-7.2.2/projects/rocfft/library/src/include/rtc_stockham_gen.h:30:
In file included from /public/home/zhangkewei/zr/rocm-libraries-rocm-7.2.2/projects/rocfft/library/src/include/rtc_kernel.h:34:
/public/home/zhangkewei/zr/rocm-libraries-rocm-7.2.2/projects/rocfft/library/src/include/../device/kernels/callback.h:52:1: warning: void function is missing a return statement [-Wreturn-type]
}
^
/public/home/zhangkewei/zr/rocm-libraries-rocm-7.2.2/projects/rocfft/library/src/include/../device/kernels/callback.h:74:7: note: in instantiation of function template specialization 'store_cb_default<rocfft_complex<_Float16>>' requested here
    = store_cb_default<rocfft_complex<rocfft_fp16>>;
      ^
/public/home/zhangkewei/zr/rocm-libraries-rocm-7.2.2/projects/rocfft/library/src/include/../device/kernels/callback.h:52:1: warning: void function is missing a return statement [-Wreturn-type]
}
^
/public/home/zhangkewei/zr/rocm-libraries-rocm-7.2.2/projects/rocfft/library/src/include/../device/kernels/callback.h:91:57: note: in instantiation of function template specialization 'store_cb_default<rocfft_complex<float>>' requested here
static __device__ auto store_cb_default_complex_float = store_cb_default<rocfft_complex<float>>;
                                                        ^
/public/home/zhangkewei/zr/rocm-libraries-rocm-7.2.2/projects/rocfft/library/src/include/../device/kernels/callback.h:52:1: warning: void function is missing a return statement [-Wreturn-type]
}
^
/public/home/zhangkewei/zr/rocm-libraries-rocm-7.2.2/projects/rocfft/library/src/include/../device/kernels/callback.h:108:58: note: in instantiation of function template specialization 'store_cb_default<rocfft_complex<double>>' requested here
static __device__ auto store_cb_default_complex_double = store_cb_default<rocfft_complex<double>>;
                                                         ^
/public/home/zhangkewei/zr/rocm-libraries-rocm-7.2.2/projects/rocfft/library/src/include/../device/kernels/callback.h:52:1: warning: void function is missing a return statement [-Wreturn-type]
}
^
/public/home/zhangkewei/zr/rocm-libraries-rocm-7.2.2/projects/rocfft/library/src/include/../device/kernels/callback.h:119:48: note: in instantiation of function template specialization 'store_cb_default<_Float16>' requested here
static __device__ auto store_cb_default_half = store_cb_default<rocfft_fp16>;
                                               ^
/public/home/zhangkewei/zr/rocm-libraries-rocm-7.2.2/projects/rocfft/library/src/include/../device/kernels/callback.h:52:1: warning: void function is missing a return statement [-Wreturn-type]
}
^
/public/home/zhangkewei/zr/rocm-libraries-rocm-7.2.2/projects/rocfft/library/src/include/../device/kernels/callback.h:108:58: note: in instantiation of function template specialization 'store_cb_default<rocfft_complex<double>>' requested here
static __device__ auto store_cb_default_complex_double = store_cb_default<rocfft_complex<double>>;
                                                         ^
/public/home/zhangkewei/zr/rocm-libraries-rocm-7.2.2/projects/rocfft/library/src/include/../device/kernels/callback.h:52:1: warning: void function is missing a return statement [-Wreturn-type]
}
^
/public/home/zhangkewei/zr/rocm-libraries-rocm-7.2.2/projects/rocfft/library/src/include/../device/kernels/callback.h:119:48: note: in instantiation of function template specialization 'store_cb_default<_Float16>' requested here
static __device__ auto store_cb_default_half = store_cb_default<rocfft_fp16>;
                                               ^
/public/home/zhangkewei/zr/rocm-libraries-rocm-7.2.2/projects/rocfft/library/src/include/../device/kernels/callback.h:52:1: warning: void function is missing a return statement [-Wreturn-type]
}
^
/public/home/zhangkewei/zr/rocm-libraries-rocm-7.2.2/projects/rocfft/library/src/include/../device/kernels/callback.h:129:49: note: in instantiation of function template specialization 'store_cb_default<float>' requested here
static __device__ auto store_cb_default_float = store_cb_default<float>;
                                                ^
/public/home/zhangkewei/zr/rocm-libraries-rocm-7.2.2/projects/rocfft/library/src/include/../device/kernels/callback.h:52:1: warning: void function is missing a return statement [-Wreturn-type]
}
^
/public/home/zhangkewei/zr/rocm-libraries-rocm-7.2.2/projects/rocfft/library/src/include/../device/kernels/callback.h:140:50: note: in instantiation of function template specialization 'store_cb_default<double>' requested here
static __device__ auto store_cb_default_double = store_cb_default<double>;
                                                 ^
/public/home/zhangkewei/zr/rocm-libraries-rocm-7.2.2/projects/rocfft/library/src/include/../device/kernels/callback.h:52:1: warning: void function is missing a return statement [-Wreturn-type]
}
^
/public/home/zhangkewei/zr/rocm-libraries-rocm-7.2.2/projects/rocfft/library/src/include/../device/kernels/callback.h:129:49: note: in instantiation of function template specialization 'store_cb_default<float>' requested here
static __device__ auto store_cb_default_float = store_cb_default<float>;
                                                ^
/public/home/zhangkewei/zr/rocm-libraries-rocm-7.2.2/projects/rocfft/library/src/include/../device/kernels/callback.h:52:1: warning: void function is missing a return statement [-Wreturn-type]
}
^
/public/home/zhangkewei/zr/rocm-libraries-rocm-7.2.2/projects/rocfft/library/src/include/../device/kernels/callback.h:140:50: note: in instantiation of function template specialization 'store_cb_default<double>' requested here
static __device__ auto store_cb_default_double = store_cb_default<double>;
                                                 ^
In file included from /public/home/zhangkewei/zr/rocm-libraries-rocm-7.2.2/projects/rocfft/library/src/rocfft_kernel_config_search.cpp:38:
In file included from /public/home/zhangkewei/zr/rocm-libraries-rocm-7.2.2/projects/rocfft/library/src/include/rtc_stockham_gen.h:30:
In file included from /public/home/zhangkewei/zr/rocm-libraries-rocm-7.2.2/projects/rocfft/library/src/include/rtc_kernel.h:34:
/public/home/zhangkewei/zr/rocm-libraries-rocm-7.2.2/projects/rocfft/library/src/include/../device/kernels/callback.h:52:1: warning: void function is missing a return statement [-Wreturn-type]
}
^
/public/home/zhangkewei/zr/rocm-libraries-rocm-7.2.2/projects/rocfft/library/src/include/../device/kernels/callback.h:74:7: note: in instantiation of function template specialization 'store_cb_default<rocfft_complex<_Float16>>' requested here
    = store_cb_default<rocfft_complex<rocfft_fp16>>;
      ^
/public/home/zhangkewei/zr/rocm-libraries-rocm-7.2.2/projects/rocfft/library/src/include/../device/kernels/callback.h:52:1: warning: void function is missing a return statement [-Wreturn-type]
}
^
/public/home/zhangkewei/zr/rocm-libraries-rocm-7.2.2/projects/rocfft/library/src/include/../device/kernels/callback.h:91:57: note: in instantiation of function template specialization 'store_cb_default<rocfft_complex<float>>' requested here
static __device__ auto store_cb_default_complex_float = store_cb_default<rocfft_complex<float>>;
                                                        ^
/public/home/zhangkewei/zr/rocm-libraries-rocm-7.2.2/projects/rocfft/library/src/include/../device/kernels/callback.h:52:1: warning: void function is missing a return statement [-Wreturn-type]
}
^
/public/home/zhangkewei/zr/rocm-libraries-rocm-7.2.2/projects/rocfft/library/src/include/../device/kernels/callback.h:108:58: note: in instantiation of function template specialization 'store_cb_default<rocfft_complex<double>>' requested here
static __device__ auto store_cb_default_complex_double = store_cb_default<rocfft_complex<double>>;
                                                         ^
/public/home/zhangkewei/zr/rocm-libraries-rocm-7.2.2/projects/rocfft/library/src/include/../device/kernels/callback.h:52:1: warning: void function is missing a return statement [-Wreturn-type]
}
^
/public/home/zhangkewei/zr/rocm-libraries-rocm-7.2.2/projects/rocfft/library/src/include/../device/kernels/callback.h:119:48: note: in instantiation of function template specialization 'store_cb_default<_Float16>' requested here
static __device__ auto store_cb_default_half = store_cb_default<rocfft_fp16>;
                                               ^
/public/home/zhangkewei/zr/rocm-libraries-rocm-7.2.2/projects/rocfft/library/src/include/../device/kernels/callback.h:52:1: warning: void function is missing a return statement [-Wreturn-type]
}
^
/public/home/zhangkewei/zr/rocm-libraries-rocm-7.2.2/projects/rocfft/library/src/include/../device/kernels/callback.h:129:49: note: in instantiation of function template specialization 'store_cb_default<float>' requested here
static __device__ auto store_cb_default_float = store_cb_default<float>;
                                                ^
/public/home/zhangkewei/zr/rocm-libraries-rocm-7.2.2/projects/rocfft/library/src/include/../device/kernels/callback.h:52:1: warning: void function is missing a return statement [-Wreturn-type]
}
^
/public/home/zhangkewei/zr/rocm-libraries-rocm-7.2.2/projects/rocfft/library/src/include/../device/kernels/callback.h:140:50: note: in instantiation of function template specialization 'store_cb_default<double>' requested here
static __device__ auto store_cb_default_double = store_cb_default<double>;
                                                 ^
In file included from /public/home/zhangkewei/zr/rocm-libraries-rocm-7.2.2/projects/rocfft/library/src/rocfft_kernel_config_search.cpp:34:
/public/home/zhangkewei/zr/rocm-libraries-rocm-7.2.2/projects/rocfft/library/src/../../shared/gpubuf.h:114:5: warning: void function is missing a return statement [-Wreturn-type]
    }
    ^
/public/home/zhangkewei/zr/rocm-libraries-rocm-7.2.2/projects/rocfft/library/src/../../shared/gpubuf.h:67:9: note: in instantiation of member function 'gpubuf_t<rocfft_complex<float>>::free' requested here
        free();
        ^
/public/home/zhangkewei/zr/rocm-libraries-rocm-7.2.2/projects/rocfft/library/src/rocfft_kernel_config_search.cpp:214:5: note: in instantiation of member function 'gpubuf_t<rocfft_complex<float>>::~gpubuf_t' requested here
    device_data_t()
    ^
In file included from /public/home/zhangkewei/zr/rocm-libraries-rocm-7.2.2/projects/rocfft/library/src/rocfft_kernel_config_search.cpp:34:
/public/home/zhangkewei/zr/rocm-libraries-rocm-7.2.2/projects/rocfft/library/src/../../shared/gpubuf.h:114:5: warning: void function is missing a return statement [-Wreturn-type]
    }
    ^
/public/home/zhangkewei/zr/rocm-libraries-rocm-7.2.2/projects/rocfft/library/src/../../shared/gpubuf.h:67:9: note: in instantiation of member function 'gpubuf_t<unsigned long>::free' requested here
        free();
        ^
/public/home/zhangkewei/zr/rocm-libraries-rocm-7.2.2/projects/rocfft/library/src/rocfft_kernel_config_search.cpp:214:5: note: in instantiation of member function 'gpubuf_t<unsigned long>::~gpubuf_t' requested here
    device_data_t()
    ^
In file included from /public/home/zhangkewei/zr/rocm-libraries-rocm-7.2.2/projects/rocfft/library/src/rocfft_kernel_config_search.cpp:35:
/public/home/zhangkewei/zr/rocm-libraries-rocm-7.2.2/projects/rocfft/library/src/../../shared/hip_object_wrapper.h:50:5: warning: void function is missing a return statement [-Wreturn-type]
    }
    ^
/public/home/zhangkewei/zr/rocm-libraries-rocm-7.2.2/projects/rocfft/library/src/../../shared/hip_object_wrapper.h:68:9: note: in instantiation of member function 'hip_object_wrapper_t<ihipEvent_t *, &hipEventCreate, &hipEventDestroy>::free' requested here
        free();
        ^
/public/home/zhangkewei/zr/rocm-libraries-rocm-7.2.2/projects/rocfft/library/src/rocfft_kernel_config_search.cpp:214:5: note: in instantiation of member function 'hip_object_wrapper_t<ihipEvent_t *, &hipEventCreate, &hipEventDestroy>::~hip_object_wrapper_t' requested here
    device_data_t()
    ^
In file included from /public/home/zhangkewei/zr/rocm-libraries-rocm-7.2.2/projects/rocfft/library/src/rocfft_kernel_config_search.cpp:34:
/public/home/zhangkewei/zr/rocm-libraries-rocm-7.2.2/projects/rocfft/library/src/../../shared/gpubuf.h:114:5: warning: void function is missing a return statement [-Wreturn-type]
    }
    ^
/public/home/zhangkewei/zr/rocm-libraries-rocm-7.2.2/projects/rocfft/library/src/../../shared/gpubuf.h:67:9: note: in instantiation of member function 'gpubuf_t<rocfft_complex<float>>::free' requested here
        free();
        ^
/public/home/zhangkewei/zr/rocm-libraries-rocm-7.2.2/projects/rocfft/library/src/rocfft_kernel_config_search.cpp:214:5: note: in instantiation of member function 'gpubuf_t<rocfft_complex<float>>::~gpubuf_t' requested here
    device_data_t()
    ^
In file included from /public/home/zhangkewei/zr/rocm-libraries-rocm-7.2.2/projects/rocfft/library/src/rocfft_kernel_config_search.cpp:34:
/public/home/zhangkewei/zr/rocm-libraries-rocm-7.2.2/projects/rocfft/library/src/../../shared/gpubuf.h:114:5: warning: void function is missing a return statement [-Wreturn-type]
    }
    ^
/public/home/zhangkewei/zr/rocm-libraries-rocm-7.2.2/projects/rocfft/library/src/../../shared/gpubuf.h:67:9: note: in instantiation of member function 'gpubuf_t<unsigned long>::free' requested here
        free();
        ^
/public/home/zhangkewei/zr/rocm-libraries-rocm-7.2.2/projects/rocfft/library/src/rocfft_kernel_config_search.cpp:214:5: note: in instantiation of member function 'gpubuf_t<unsigned long>::~gpubuf_t' requested here
    device_data_t()
    ^
In file included from /public/home/zhangkewei/zr/rocm-libraries-rocm-7.2.2/projects/rocfft/library/src/rocfft_kernel_config_search.cpp:35:
/public/home/zhangkewei/zr/rocm-libraries-rocm-7.2.2/projects/rocfft/library/src/../../shared/hip_object_wrapper.h:50:5: warning: void function is missing a return statement [-Wreturn-type]
    }
    ^
/public/home/zhangkewei/zr/rocm-libraries-rocm-7.2.2/projects/rocfft/library/src/../../shared/hip_object_wrapper.h:68:9: note: in instantiation of member function 'hip_object_wrapper_t<ihipEvent_t *, &hipEventCreate, &hipEventDestroy>::free' requested here
        free();
        ^
/public/home/zhangkewei/zr/rocm-libraries-rocm-7.2.2/projects/rocfft/library/src/rocfft_kernel_config_search.cpp:214:5: note: in instantiation of member function 'hip_object_wrapper_t<ihipEvent_t *, &hipEventCreate, &hipEventDestroy>::~hip_object_wrapper_t' requested here
    device_data_t()
    ^
In file included from /public/home/zhangkewei/zr/rocm-libraries-rocm-7.2.2/projects/rocfft/library/src/rocfft_kernel_config_search.cpp:34:
/public/home/zhangkewei/zr/rocm-libraries-rocm-7.2.2/projects/rocfft/library/src/../../shared/gpubuf.h:114:5: warning: void function is missing a return statement [-Wreturn-type]
    }
    ^
/public/home/zhangkewei/zr/rocm-libraries-rocm-7.2.2/projects/rocfft/library/src/../../shared/gpubuf.h:67:9: note: in instantiation of member function 'gpubuf_t<rocfft_complex<float>>::free' requested here
        free();
        ^
/public/home/zhangkewei/zr/rocm-libraries-rocm-7.2.2/projects/rocfft/library/src/rocfft_kernel_config_search.cpp:214:5: note: in instantiation of member function 'gpubuf_t<rocfft_complex<float>>::~gpubuf_t' requested here
    device_data_t()
    ^
In file included from /public/home/zhangkewei/zr/rocm-libraries-rocm-7.2.2/projects/rocfft/library/src/rocfft_kernel_config_search.cpp:34:
/public/home/zhangkewei/zr/rocm-libraries-rocm-7.2.2/projects/rocfft/library/src/../../shared/gpubuf.h:114:5: warning: void function is missing a return statement [-Wreturn-type]
    }
    ^
/public/home/zhangkewei/zr/rocm-libraries-rocm-7.2.2/projects/rocfft/library/src/../../shared/gpubuf.h:67:9: note: in instantiation of member function 'gpubuf_t<unsigned long>::free' requested here
        free();
        ^
/public/home/zhangkewei/zr/rocm-libraries-rocm-7.2.2/projects/rocfft/library/src/rocfft_kernel_config_search.cpp:214:5: note: in instantiation of member function 'gpubuf_t<unsigned long>::~gpubuf_t' requested here
    device_data_t()
    ^
In file included from /public/home/zhangkewei/zr/rocm-libraries-rocm-7.2.2/projects/rocfft/library/src/rocfft_kernel_config_search.cpp:35:
/public/home/zhangkewei/zr/rocm-libraries-rocm-7.2.2/projects/rocfft/library/src/../../shared/hip_object_wrapper.h:50:5: warning: void function is missing a return statement [-Wreturn-type]
    }
    ^
/public/home/zhangkewei/zr/rocm-libraries-rocm-7.2.2/projects/rocfft/library/src/../../shared/hip_object_wrapper.h:68:9: note: in instantiation of member function 'hip_object_wrapper_t<ihipEvent_t *, &hipEventCreate, &hipEventDestroy>::free' requested here
        free();
        ^
/public/home/zhangkewei/zr/rocm-libraries-rocm-7.2.2/projects/rocfft/library/src/rocfft_kernel_config_search.cpp:214:5: note: in instantiation of member function 'hip_object_wrapper_t<ihipEvent_t *, &hipEventCreate, &hipEventDestroy>::~hip_object_wrapper_t' requested here
    device_data_t()
    ^
56 warnings generated when compiling for gfx928.
56 warnings generated when compiling for gfx926.
56 warnings generated when compiling for gfx906.
In file included from /public/home/zhangkewei/zr/rocm-libraries-rocm-7.2.2/projects/rocfft/library/src/rocfft_kernel_config_search.cpp:32:
/public/home/zhangkewei/zr/rocm-libraries-rocm-7.2.2/projects/rocfft/library/src/../../shared/CLI11.hpp:828:1: warning: void function is missing a return statement [-Wreturn-type]
}
^
/public/home/zhangkewei/zr/rocm-libraries-rocm-7.2.2/projects/rocfft/library/src/../../shared/CLI11.hpp:1191:1: warning: void function is missing a return statement [-Wreturn-type]
}
^
/public/home/zhangkewei/zr/rocm-libraries-rocm-7.2.2/projects/rocfft/library/src/../../shared/CLI11.hpp:4572:1: warning: void function is missing a return statement [-Wreturn-type]
}
^
/public/home/zhangkewei/zr/rocm-libraries-rocm-7.2.2/projects/rocfft/library/src/../../shared/CLI11.hpp:4869:72: warning: void function is missing a return statement [-Wreturn-type]
    void label(std::string key, std::string val) { labels_[key] = val; }
                                                                       ^
/public/home/zhangkewei/zr/rocm-libraries-rocm-7.2.2/projects/rocfft/library/src/../../shared/CLI11.hpp:4872:63: warning: void function is missing a return statement [-Wreturn-type]
    void column_width(std::size_t val) { column_width_ = val; }
                                                              ^
/public/home/zhangkewei/zr/rocm-libraries-rocm-7.2.2/projects/rocfft/library/src/../../shared/CLI11.hpp:5324:5: warning: void function is missing a return statement [-Wreturn-type]
    }
    ^
/public/home/zhangkewei/zr/rocm-libraries-rocm-7.2.2/projects/rocfft/library/src/../../shared/CLI11.hpp:5691:75: warning: void function is missing a return statement [-Wreturn-type]
    void inject_separator(bool value = true) { inject_separator_ = value; }
                                                                          ^
/public/home/zhangkewei/zr/rocm-libraries-rocm-7.2.2/projects/rocfft/library/src/../../shared/CLI11.hpp:7277:5: warning: void function is missing a return statement [-Wreturn-type]
    }
    ^
/public/home/zhangkewei/zr/rocm-libraries-rocm-7.2.2/projects/rocfft/library/src/../../shared/CLI11.hpp:7746:54: warning: void function is missing a return statement [-Wreturn-type]
    void add_options(Option *opt) { add_option(opt); }
                                                     ^
/public/home/zhangkewei/zr/rocm-libraries-rocm-7.2.2/projects/rocfft/library/src/../../shared/CLI11.hpp:7781:1: warning: void function is missing a return statement [-Wreturn-type]
}
^
/public/home/zhangkewei/zr/rocm-libraries-rocm-7.2.2/projects/rocfft/library/src/../../shared/CLI11.hpp:7787:1: warning: void function is missing a return statement [-Wreturn-type]
}
^
/public/home/zhangkewei/zr/rocm-libraries-rocm-7.2.2/projects/rocfft/library/src/../../shared/CLI11.hpp:8346:1: warning: void function is missing a return statement [-Wreturn-type]
}
^
/public/home/zhangkewei/zr/rocm-libraries-rocm-7.2.2/projects/rocfft/library/src/../../shared/CLI11.hpp:8348:93: warning: void function is missing a return statement [-Wreturn-type]
CLI11_INLINE void App::parse(int argc, const char *const *argv) { parse_char_t(argc, argv); }
                                                                                            ^
/public/home/zhangkewei/zr/rocm-libraries-rocm-7.2.2/projects/rocfft/library/src/../../shared/CLI11.hpp:8349:96: warning: void function is missing a return statement [-Wreturn-type]
CLI11_INLINE void App::parse(int argc, const wchar_t *const *argv) { parse_char_t(argc, argv); }
                                                                                               ^
/public/home/zhangkewei/zr/rocm-libraries-rocm-7.2.2/projects/rocfft/library/src/../../shared/CLI11.hpp:8407:1: warning: void function is missing a return statement [-Wreturn-type]
}
^
/public/home/zhangkewei/zr/rocm-libraries-rocm-7.2.2/projects/rocfft/library/src/../../shared/CLI11.hpp:8426:1: warning: void function is missing a return statement [-Wreturn-type]
}
^
/public/home/zhangkewei/zr/rocm-libraries-rocm-7.2.2/projects/rocfft/library/src/../../shared/CLI11.hpp:8445:1: warning: void function is missing a return statement [-Wreturn-type]
}
^
/public/home/zhangkewei/zr/rocm-libraries-rocm-7.2.2/projects/rocfft/library/src/../../shared/CLI11.hpp:8456:1: warning: void function is missing a return statement [-Wreturn-type]
}
^
/public/home/zhangkewei/zr/rocm-libraries-rocm-7.2.2/projects/rocfft/library/src/../../shared/CLI11.hpp:8807:1: warning: void function is missing a return statement [-Wreturn-type]
}
^
/public/home/zhangkewei/zr/rocm-libraries-rocm-7.2.2/projects/rocfft/library/src/../../shared/CLI11.hpp:8834:1: warning: void function is missing a return statement [-Wreturn-type]
}
^
/public/home/zhangkewei/zr/rocm-libraries-rocm-7.2.2/projects/rocfft/library/src/../../shared/CLI11.hpp:8960:1: warning: void function is missing a return statement [-Wreturn-type]
}
^
/public/home/zhangkewei/zr/rocm-libraries-rocm-7.2.2/projects/rocfft/library/src/../../shared/CLI11.hpp:8984:1: warning: void function is missing a return statement [-Wreturn-type]
}
^
/public/home/zhangkewei/zr/rocm-libraries-rocm-7.2.2/projects/rocfft/library/src/../../shared/CLI11.hpp:9193:1: warning: void function is missing a return statement [-Wreturn-type]
}
^
/public/home/zhangkewei/zr/rocm-libraries-rocm-7.2.2/projects/rocfft/library/src/../../shared/CLI11.hpp:9221:1: warning: void function is missing a return statement [-Wreturn-type]
}
^
/public/home/zhangkewei/zr/rocm-libraries-rocm-7.2.2/projects/rocfft/library/src/../../shared/CLI11.hpp:9237:1: warning: void function is missing a return statement [-Wreturn-type]
}
^
/public/home/zhangkewei/zr/rocm-libraries-rocm-7.2.2/projects/rocfft/library/src/../../shared/CLI11.hpp:9248:1: warning: void function is missing a return statement [-Wreturn-type]
}
^
/public/home/zhangkewei/zr/rocm-libraries-rocm-7.2.2/projects/rocfft/library/src/../../shared/CLI11.hpp:9851:1: warning: void function is missing a return statement [-Wreturn-type]
}
^
/public/home/zhangkewei/zr/rocm-libraries-rocm-7.2.2/projects/rocfft/library/src/../../shared/CLI11.hpp:9974:1: warning: void function is missing a return statement [-Wreturn-type]
}
^
/public/home/zhangkewei/zr/rocm-libraries-rocm-7.2.2/projects/rocfft/library/src/../../shared/CLI11.hpp:9987:1: warning: void function is missing a return statement [-Wreturn-type]
}
^
/public/home/zhangkewei/zr/rocm-libraries-rocm-7.2.2/projects/rocfft/library/src/../../shared/CLI11.hpp:9993:1: warning: void function is missing a return statement [-Wreturn-type]
}
^
/public/home/zhangkewei/zr/rocm-libraries-rocm-7.2.2/projects/rocfft/library/src/../../shared/CLI11.hpp:10006:1: warning: void function is missing a return statement [-Wreturn-type]
}
^
/public/home/zhangkewei/zr/rocm-libraries-rocm-7.2.2/projects/rocfft/library/src/../../shared/CLI11.hpp:10020:1: warning: void function is missing a return statement [-Wreturn-type]
}
^
/public/home/zhangkewei/zr/rocm-libraries-rocm-7.2.2/projects/rocfft/library/src/../../shared/CLI11.hpp:10044:1: warning: void function is missing a return statement [-Wreturn-type]
}
^
/public/home/zhangkewei/zr/rocm-libraries-rocm-7.2.2/projects/rocfft/library/src/../../shared/CLI11.hpp:10046:84: warning: void function is missing a return statement [-Wreturn-type]
CLI11_INLINE void retire_option(App &app, Option *opt) { retire_option(&app, opt); }
                                                                                   ^
/public/home/zhangkewei/zr/rocm-libraries-rocm-7.2.2/projects/rocfft/library/src/../../shared/CLI11.hpp:10068:111: warning: void function is missing a return statement [-Wreturn-type]
CLI11_INLINE void retire_option(App &app, const std::string &option_name) { retire_option(&app, option_name); }
                                                                                                              ^
/public/home/zhangkewei/zr/rocm-libraries-rocm-7.2.2/projects/rocfft/library/src/../../shared/CLI11.hpp:10297:1: warning: void function is missing a return statement [-Wreturn-type]
}
^
In file included from /public/home/zhangkewei/zr/rocm-libraries-rocm-7.2.2/projects/rocfft/library/src/rocfft_kernel_config_search.cpp:38:
In file included from /public/home/zhangkewei/zr/rocm-libraries-rocm-7.2.2/projects/rocfft/library/src/include/rtc_stockham_gen.h:30:
/public/home/zhangkewei/zr/rocm-libraries-rocm-7.2.2/projects/rocfft/library/src/include/rtc_kernel.h:50:5: warning: void function is missing a return statement [-Wreturn-type]
    }
    ^
/public/home/zhangkewei/zr/rocm-libraries-rocm-7.2.2/projects/rocfft/library/src/include/rtc_kernel.h:54:5: warning: void function is missing a return statement [-Wreturn-type]
    }
    ^
/public/home/zhangkewei/zr/rocm-libraries-rocm-7.2.2/projects/rocfft/library/src/include/rtc_kernel.h:58:5: warning: void function is missing a return statement [-Wreturn-type]
    }
    ^
/public/home/zhangkewei/zr/rocm-libraries-rocm-7.2.2/projects/rocfft/library/src/include/rtc_kernel.h:62:5: warning: void function is missing a return statement [-Wreturn-type]
    }
    ^
/public/home/zhangkewei/zr/rocm-libraries-rocm-7.2.2/projects/rocfft/library/src/include/rtc_kernel.h:66:5: warning: void function is missing a return statement [-Wreturn-type]
    }
    ^
/public/home/zhangkewei/zr/rocm-libraries-rocm-7.2.2/projects/rocfft/library/src/include/rtc_kernel.h:70:5: warning: void function is missing a return statement [-Wreturn-type]
    }
    ^
/public/home/zhangkewei/zr/rocm-libraries-rocm-7.2.2/projects/rocfft/library/src/include/rtc_kernel.h:74:5: warning: void function is missing a return statement [-Wreturn-type]
    }
    ^
/public/home/zhangkewei/zr/rocm-libraries-rocm-7.2.2/projects/rocfft/library/src/include/rtc_kernel.h:102:5: warning: void function is missing a return statement [-Wreturn-type]
    }
    ^
In file included from /public/home/zhangkewei/zr/rocm-libraries-rocm-7.2.2/projects/rocfft/library/src/rocfft_kernel_config_search.cpp:32:
/public/home/zhangkewei/zr/rocm-libraries-rocm-7.2.2/projects/rocfft/library/src/../../shared/CLI11.hpp:5773:1: warning: void function is missing a return statement [-Wreturn-type]
}
^
/public/home/zhangkewei/zr/rocm-libraries-rocm-7.2.2/projects/rocfft/library/src/../../shared/CLI11.hpp:8016:26: note: in instantiation of function template specialization 'CLI::OptionBase<CLI::OptionDefaults>::copy_to<CLI::Option>' requested here
        option_defaults_.copy_to(option.get());
                         ^
/public/home/zhangkewei/zr/rocm-libraries-rocm-7.2.2/projects/rocfft/library/src/../../shared/CLI11.hpp:8372:1: warning: void function is missing a return statement [-Wreturn-type]
}
^
/public/home/zhangkewei/zr/rocm-libraries-rocm-7.2.2/projects/rocfft/library/src/../../shared/CLI11.hpp:8348:67: note: in instantiation of function template specialization 'CLI::App::parse_char_t<char>' requested here
CLI11_INLINE void App::parse(int argc, const char *const *argv) { parse_char_t(argc, argv); }
                                                                  ^
/public/home/zhangkewei/zr/rocm-libraries-rocm-7.2.2/projects/rocfft/library/src/../../shared/CLI11.hpp:8372:1: warning: void function is missing a return statement [-Wreturn-type]
}
^
/public/home/zhangkewei/zr/rocm-libraries-rocm-7.2.2/projects/rocfft/library/src/../../shared/CLI11.hpp:8349:70: note: in instantiation of function template specialization 'CLI::App::parse_char_t<wchar_t>' requested here
CLI11_INLINE void App::parse(int argc, const wchar_t *const *argv) { parse_char_t(argc, argv); }
                                                                     ^
In file included from /public/home/zhangkewei/zr/rocm-libraries-rocm-7.2.2/projects/rocfft/library/src/rocfft_kernel_config_search.cpp:38:
In file included from /public/home/zhangkewei/zr/rocm-libraries-rocm-7.2.2/projects/rocfft/library/src/include/rtc_stockham_gen.h:30:
In file included from /public/home/zhangkewei/zr/rocm-libraries-rocm-7.2.2/projects/rocfft/library/src/include/rtc_kernel.h:34:
/public/home/zhangkewei/zr/rocm-libraries-rocm-7.2.2/projects/rocfft/library/src/include/../device/kernels/callback.h:52:1: warning: void function is missing a return statement [-Wreturn-type]
}
^
/public/home/zhangkewei/zr/rocm-libraries-rocm-7.2.2/projects/rocfft/library/src/include/../device/kernels/callback.h:74:7: note: in instantiation of function template specialization 'store_cb_default<rocfft_complex<_Float16>>' requested here
    = store_cb_default<rocfft_complex<rocfft_fp16>>;
      ^
/public/home/zhangkewei/zr/rocm-libraries-rocm-7.2.2/projects/rocfft/library/src/include/../device/kernels/callback.h:52:1: warning: void function is missing a return statement [-Wreturn-type]
}
^
/public/home/zhangkewei/zr/rocm-libraries-rocm-7.2.2/projects/rocfft/library/src/include/../device/kernels/callback.h:91:57: note: in instantiation of function template specialization 'store_cb_default<rocfft_complex<float>>' requested here
static __device__ auto store_cb_default_complex_float = store_cb_default<rocfft_complex<float>>;
                                                        ^
/public/home/zhangkewei/zr/rocm-libraries-rocm-7.2.2/projects/rocfft/library/src/include/../device/kernels/callback.h:52:1: warning: void function is missing a return statement [-Wreturn-type]
}
^
/public/home/zhangkewei/zr/rocm-libraries-rocm-7.2.2/projects/rocfft/library/src/include/../device/kernels/callback.h:108:58: note: in instantiation of function template specialization 'store_cb_default<rocfft_complex<double>>' requested here
static __device__ auto store_cb_default_complex_double = store_cb_default<rocfft_complex<double>>;
                                                         ^
/public/home/zhangkewei/zr/rocm-libraries-rocm-7.2.2/projects/rocfft/library/src/include/../device/kernels/callback.h:52:1: warning: void function is missing a return statement [-Wreturn-type]
}
^
/public/home/zhangkewei/zr/rocm-libraries-rocm-7.2.2/projects/rocfft/library/src/include/../device/kernels/callback.h:119:48: note: in instantiation of function template specialization 'store_cb_default<_Float16>' requested here
static __device__ auto store_cb_default_half = store_cb_default<rocfft_fp16>;
                                               ^
/public/home/zhangkewei/zr/rocm-libraries-rocm-7.2.2/projects/rocfft/library/src/include/../device/kernels/callback.h:52:1: warning: void function is missing a return statement [-Wreturn-type]
}
^
/public/home/zhangkewei/zr/rocm-libraries-rocm-7.2.2/projects/rocfft/library/src/include/../device/kernels/callback.h:129:49: note: in instantiation of function template specialization 'store_cb_default<float>' requested here
static __device__ auto store_cb_default_float = store_cb_default<float>;
                                                ^
/public/home/zhangkewei/zr/rocm-libraries-rocm-7.2.2/projects/rocfft/library/src/include/../device/kernels/callback.h:52:1: warning: void function is missing a return statement [-Wreturn-type]
}
^
/public/home/zhangkewei/zr/rocm-libraries-rocm-7.2.2/projects/rocfft/library/src/include/../device/kernels/callback.h:140:50: note: in instantiation of function template specialization 'store_cb_default<double>' requested here
static __device__ auto store_cb_default_double = store_cb_default<double>;
                                                 ^
In file included from /public/home/zhangkewei/zr/rocm-libraries-rocm-7.2.2/projects/rocfft/library/src/rocfft_kernel_config_search.cpp:34:
/public/home/zhangkewei/zr/rocm-libraries-rocm-7.2.2/projects/rocfft/library/src/../../shared/gpubuf.h:114:5: warning: void function is missing a return statement [-Wreturn-type]
    }
    ^
/public/home/zhangkewei/zr/rocm-libraries-rocm-7.2.2/projects/rocfft/library/src/../../shared/gpubuf.h:67:9: note: in instantiation of member function 'gpubuf_t<rocfft_complex<float>>::free' requested here
        free();
        ^
/public/home/zhangkewei/zr/rocm-libraries-rocm-7.2.2/projects/rocfft/library/src/rocfft_kernel_config_search.cpp:214:5: note: in instantiation of member function 'gpubuf_t<rocfft_complex<float>>::~gpubuf_t' requested here
    device_data_t()
    ^
In file included from /public/home/zhangkewei/zr/rocm-libraries-rocm-7.2.2/projects/rocfft/library/src/rocfft_kernel_config_search.cpp:34:
/public/home/zhangkewei/zr/rocm-libraries-rocm-7.2.2/projects/rocfft/library/src/../../shared/gpubuf.h:114:5: warning: void function is missing a return statement [-Wreturn-type]
    }
    ^
/public/home/zhangkewei/zr/rocm-libraries-rocm-7.2.2/projects/rocfft/library/src/../../shared/gpubuf.h:67:9: note: in instantiation of member function 'gpubuf_t<unsigned long>::free' requested here
        free();
        ^
/public/home/zhangkewei/zr/rocm-libraries-rocm-7.2.2/projects/rocfft/library/src/rocfft_kernel_config_search.cpp:214:5: note: in instantiation of member function 'gpubuf_t<unsigned long>::~gpubuf_t' requested here
    device_data_t()
    ^
In file included from /public/home/zhangkewei/zr/rocm-libraries-rocm-7.2.2/projects/rocfft/library/src/rocfft_kernel_config_search.cpp:35:
/public/home/zhangkewei/zr/rocm-libraries-rocm-7.2.2/projects/rocfft/library/src/../../shared/hip_object_wrapper.h:50:5: warning: void function is missing a return statement [-Wreturn-type]
    }
    ^
/public/home/zhangkewei/zr/rocm-libraries-rocm-7.2.2/projects/rocfft/library/src/../../shared/hip_object_wrapper.h:68:9: note: in instantiation of member function 'hip_object_wrapper_t<ihipEvent_t *, &hipEventCreate, &hipEventDestroy>::free' requested here
        free();
        ^
/public/home/zhangkewei/zr/rocm-libraries-rocm-7.2.2/projects/rocfft/library/src/rocfft_kernel_config_search.cpp:214:5: note: in instantiation of member function 'hip_object_wrapper_t<ihipEvent_t *, &hipEventCreate, &hipEventDestroy>::~hip_object_wrapper_t' requested here
    device_data_t()
    ^
56 warnings generated when compiling for gfx936.
In file included from /public/home/zhangkewei/zr/rocm-libraries-rocm-7.2.2/projects/rocfft/library/src/rocfft_kernel_config_search.cpp:32:
/public/home/zhangkewei/zr/rocm-libraries-rocm-7.2.2/projects/rocfft/library/src/../../shared/CLI11.hpp:828:1: warning: void function is missing a return statement [-Wreturn-type]
}
^
/public/home/zhangkewei/zr/rocm-libraries-rocm-7.2.2/projects/rocfft/library/src/../../shared/CLI11.hpp:1191:1: warning: void function is missing a return statement [-Wreturn-type]
}
^
/public/home/zhangkewei/zr/rocm-libraries-rocm-7.2.2/projects/rocfft/library/src/../../shared/CLI11.hpp:4572:1: warning: void function is missing a return statement [-Wreturn-type]
}
^
/public/home/zhangkewei/zr/rocm-libraries-rocm-7.2.2/projects/rocfft/library/src/../../shared/CLI11.hpp:4869:72: warning: void function is missing a return statement [-Wreturn-type]
    void label(std::string key, std::string val) { labels_[key] = val; }
                                                                       ^
/public/home/zhangkewei/zr/rocm-libraries-rocm-7.2.2/projects/rocfft/library/src/../../shared/CLI11.hpp:4872:63: warning: void function is missing a return statement [-Wreturn-type]
    void column_width(std::size_t val) { column_width_ = val; }
                                                              ^
/public/home/zhangkewei/zr/rocm-libraries-rocm-7.2.2/projects/rocfft/library/src/../../shared/CLI11.hpp:5324:5: warning: void function is missing a return statement [-Wreturn-type]
    }
    ^
/public/home/zhangkewei/zr/rocm-libraries-rocm-7.2.2/projects/rocfft/library/src/../../shared/CLI11.hpp:5691:75: warning: void function is missing a return statement [-Wreturn-type]
    void inject_separator(bool value = true) { inject_separator_ = value; }
                                                                          ^
/public/home/zhangkewei/zr/rocm-libraries-rocm-7.2.2/projects/rocfft/library/src/../../shared/CLI11.hpp:7277:5: warning: void function is missing a return statement [-Wreturn-type]
    }
    ^
/public/home/zhangkewei/zr/rocm-libraries-rocm-7.2.2/projects/rocfft/library/src/../../shared/CLI11.hpp:7746:54: warning: void function is missing a return statement [-Wreturn-type]
    void add_options(Option *opt) { add_option(opt); }
                                                     ^
/public/home/zhangkewei/zr/rocm-libraries-rocm-7.2.2/projects/rocfft/library/src/../../shared/CLI11.hpp:7781:1: warning: void function is missing a return statement [-Wreturn-type]
}
^
/public/home/zhangkewei/zr/rocm-libraries-rocm-7.2.2/projects/rocfft/library/src/../../shared/CLI11.hpp:7787:1: warning: void function is missing a return statement [-Wreturn-type]
}
^
/public/home/zhangkewei/zr/rocm-libraries-rocm-7.2.2/projects/rocfft/library/src/../../shared/CLI11.hpp:8346:1: warning: void function is missing a return statement [-Wreturn-type]
}
^
/public/home/zhangkewei/zr/rocm-libraries-rocm-7.2.2/projects/rocfft/library/src/../../shared/CLI11.hpp:8348:93: warning: void function is missing a return statement [-Wreturn-type]
CLI11_INLINE void App::parse(int argc, const char *const *argv) { parse_char_t(argc, argv); }
                                                                                            ^
/public/home/zhangkewei/zr/rocm-libraries-rocm-7.2.2/projects/rocfft/library/src/../../shared/CLI11.hpp:8349:96: warning: void function is missing a return statement [-Wreturn-type]
CLI11_INLINE void App::parse(int argc, const wchar_t *const *argv) { parse_char_t(argc, argv); }
                                                                                               ^
/public/home/zhangkewei/zr/rocm-libraries-rocm-7.2.2/projects/rocfft/library/src/../../shared/CLI11.hpp:8407:1: warning: void function is missing a return statement [-Wreturn-type]
}
^
/public/home/zhangkewei/zr/rocm-libraries-rocm-7.2.2/projects/rocfft/library/src/../../shared/CLI11.hpp:8426:1: warning: void function is missing a return statement [-Wreturn-type]
}
^
/public/home/zhangkewei/zr/rocm-libraries-rocm-7.2.2/projects/rocfft/library/src/../../shared/CLI11.hpp:8445:1: warning: void function is missing a return statement [-Wreturn-type]
}
^
/public/home/zhangkewei/zr/rocm-libraries-rocm-7.2.2/projects/rocfft/library/src/../../shared/CLI11.hpp:8456:1: warning: void function is missing a return statement [-Wreturn-type]
}
^
/public/home/zhangkewei/zr/rocm-libraries-rocm-7.2.2/projects/rocfft/library/src/../../shared/CLI11.hpp:8807:1: warning: void function is missing a return statement [-Wreturn-type]
}
^
/public/home/zhangkewei/zr/rocm-libraries-rocm-7.2.2/projects/rocfft/library/src/../../shared/CLI11.hpp:8834:1: warning: void function is missing a return statement [-Wreturn-type]
}
^
/public/home/zhangkewei/zr/rocm-libraries-rocm-7.2.2/projects/rocfft/library/src/../../shared/CLI11.hpp:8960:1: warning: void function is missing a return statement [-Wreturn-type]
}
^
/public/home/zhangkewei/zr/rocm-libraries-rocm-7.2.2/projects/rocfft/library/src/../../shared/CLI11.hpp:8984:1: warning: void function is missing a return statement [-Wreturn-type]
}
^
/public/home/zhangkewei/zr/rocm-libraries-rocm-7.2.2/projects/rocfft/library/src/../../shared/CLI11.hpp:9193:1: warning: void function is missing a return statement [-Wreturn-type]
}
^
/public/home/zhangkewei/zr/rocm-libraries-rocm-7.2.2/projects/rocfft/library/src/../../shared/CLI11.hpp:9221:1: warning: void function is missing a return statement [-Wreturn-type]
}
^
/public/home/zhangkewei/zr/rocm-libraries-rocm-7.2.2/projects/rocfft/library/src/../../shared/CLI11.hpp:9237:1: warning: void function is missing a return statement [-Wreturn-type]
}
^
/public/home/zhangkewei/zr/rocm-libraries-rocm-7.2.2/projects/rocfft/library/src/../../shared/CLI11.hpp:9248:1: warning: void function is missing a return statement [-Wreturn-type]
}
^
/public/home/zhangkewei/zr/rocm-libraries-rocm-7.2.2/projects/rocfft/library/src/../../shared/CLI11.hpp:9851:1: warning: void function is missing a return statement [-Wreturn-type]
}
^
/public/home/zhangkewei/zr/rocm-libraries-rocm-7.2.2/projects/rocfft/library/src/../../shared/CLI11.hpp:9974:1: warning: void function is missing a return statement [-Wreturn-type]
}
^
/public/home/zhangkewei/zr/rocm-libraries-rocm-7.2.2/projects/rocfft/library/src/../../shared/CLI11.hpp:9987:1: warning: void function is missing a return statement [-Wreturn-type]
}
^
/public/home/zhangkewei/zr/rocm-libraries-rocm-7.2.2/projects/rocfft/library/src/../../shared/CLI11.hpp:9993:1: warning: void function is missing a return statement [-Wreturn-type]
}
^
/public/home/zhangkewei/zr/rocm-libraries-rocm-7.2.2/projects/rocfft/library/src/../../shared/CLI11.hpp:10006:1: warning: void function is missing a return statement [-Wreturn-type]
}
^
/public/home/zhangkewei/zr/rocm-libraries-rocm-7.2.2/projects/rocfft/library/src/../../shared/CLI11.hpp:10020:1: warning: void function is missing a return statement [-Wreturn-type]
}
^
/public/home/zhangkewei/zr/rocm-libraries-rocm-7.2.2/projects/rocfft/library/src/../../shared/CLI11.hpp:10044:1: warning: void function is missing a return statement [-Wreturn-type]
}
^
/public/home/zhangkewei/zr/rocm-libraries-rocm-7.2.2/projects/rocfft/library/src/../../shared/CLI11.hpp:10046:84: warning: void function is missing a return statement [-Wreturn-type]
CLI11_INLINE void retire_option(App &app, Option *opt) { retire_option(&app, opt); }
                                                                                   ^
/public/home/zhangkewei/zr/rocm-libraries-rocm-7.2.2/projects/rocfft/library/src/../../shared/CLI11.hpp:10068:111: warning: void function is missing a return statement [-Wreturn-type]
CLI11_INLINE void retire_option(App &app, const std::string &option_name) { retire_option(&app, option_name); }
                                                                                                              ^
/public/home/zhangkewei/zr/rocm-libraries-rocm-7.2.2/projects/rocfft/library/src/../../shared/CLI11.hpp:10297:1: warning: void function is missing a return statement [-Wreturn-type]
}
^
In file included from /public/home/zhangkewei/zr/rocm-libraries-rocm-7.2.2/projects/rocfft/library/src/rocfft_kernel_config_search.cpp:38:
In file included from /public/home/zhangkewei/zr/rocm-libraries-rocm-7.2.2/projects/rocfft/library/src/include/rtc_stockham_gen.h:30:
/public/home/zhangkewei/zr/rocm-libraries-rocm-7.2.2/projects/rocfft/library/src/include/rtc_kernel.h:50:5: warning: void function is missing a return statement [-Wreturn-type]
    }
    ^
/public/home/zhangkewei/zr/rocm-libraries-rocm-7.2.2/projects/rocfft/library/src/include/rtc_kernel.h:54:5: warning: void function is missing a return statement [-Wreturn-type]
    }
    ^
/public/home/zhangkewei/zr/rocm-libraries-rocm-7.2.2/projects/rocfft/library/src/include/rtc_kernel.h:58:5: warning: void function is missing a return statement [-Wreturn-type]
    }
    ^
/public/home/zhangkewei/zr/rocm-libraries-rocm-7.2.2/projects/rocfft/library/src/include/rtc_kernel.h:62:5: warning: void function is missing a return statement [-Wreturn-type]
    }
    ^
/public/home/zhangkewei/zr/rocm-libraries-rocm-7.2.2/projects/rocfft/library/src/include/rtc_kernel.h:66:5: warning: void function is missing a return statement [-Wreturn-type]
    }
    ^
/public/home/zhangkewei/zr/rocm-libraries-rocm-7.2.2/projects/rocfft/library/src/include/rtc_kernel.h:70:5: warning: void function is missing a return statement [-Wreturn-type]
    }
    ^
/public/home/zhangkewei/zr/rocm-libraries-rocm-7.2.2/projects/rocfft/library/src/include/rtc_kernel.h:74:5: warning: void function is missing a return statement [-Wreturn-type]
    }
    ^
/public/home/zhangkewei/zr/rocm-libraries-rocm-7.2.2/projects/rocfft/library/src/include/rtc_kernel.h:102:5: warning: void function is missing a return statement [-Wreturn-type]
    }
    ^
In file included from /public/home/zhangkewei/zr/rocm-libraries-rocm-7.2.2/projects/rocfft/library/src/rocfft_kernel_config_search.cpp:32:
/public/home/zhangkewei/zr/rocm-libraries-rocm-7.2.2/projects/rocfft/library/src/../../shared/CLI11.hpp:5773:1: warning: void function is missing a return statement [-Wreturn-type]
}
^
/public/home/zhangkewei/zr/rocm-libraries-rocm-7.2.2/projects/rocfft/library/src/../../shared/CLI11.hpp:8016:26: note: in instantiation of function template specialization 'CLI::OptionBase<CLI::OptionDefaults>::copy_to<CLI::Option>' requested here
        option_defaults_.copy_to(option.get());
                         ^
/public/home/zhangkewei/zr/rocm-libraries-rocm-7.2.2/projects/rocfft/library/src/../../shared/CLI11.hpp:8372:1: warning: void function is missing a return statement [-Wreturn-type]
}
^
/public/home/zhangkewei/zr/rocm-libraries-rocm-7.2.2/projects/rocfft/library/src/../../shared/CLI11.hpp:8348:67: note: in instantiation of function template specialization 'CLI::App::parse_char_t<char>' requested here
CLI11_INLINE void App::parse(int argc, const char *const *argv) { parse_char_t(argc, argv); }
                                                                  ^
/public/home/zhangkewei/zr/rocm-libraries-rocm-7.2.2/projects/rocfft/library/src/../../shared/CLI11.hpp:8372:1: warning: void function is missing a return statement [-Wreturn-type]
}
^
/public/home/zhangkewei/zr/rocm-libraries-rocm-7.2.2/projects/rocfft/library/src/../../shared/CLI11.hpp:8349:70: note: in instantiation of function template specialization 'CLI::App::parse_char_t<wchar_t>' requested here
CLI11_INLINE void App::parse(int argc, const wchar_t *const *argv) { parse_char_t(argc, argv); }
                                                                     ^
In file included from /public/home/zhangkewei/zr/rocm-libraries-rocm-7.2.2/projects/rocfft/library/src/rocfft_kernel_config_search.cpp:38:
In file included from /public/home/zhangkewei/zr/rocm-libraries-rocm-7.2.2/projects/rocfft/library/src/include/rtc_stockham_gen.h:30:
In file included from /public/home/zhangkewei/zr/rocm-libraries-rocm-7.2.2/projects/rocfft/library/src/include/rtc_kernel.h:34:
/public/home/zhangkewei/zr/rocm-libraries-rocm-7.2.2/projects/rocfft/library/src/include/../device/kernels/callback.h:52:1: warning: void function is missing a return statement [-Wreturn-type]
}
^
/public/home/zhangkewei/zr/rocm-libraries-rocm-7.2.2/projects/rocfft/library/src/include/../device/kernels/callback.h:74:7: note: in instantiation of function template specialization 'store_cb_default<rocfft_complex<_Float16>>' requested here
    = store_cb_default<rocfft_complex<rocfft_fp16>>;
      ^
/public/home/zhangkewei/zr/rocm-libraries-rocm-7.2.2/projects/rocfft/library/src/include/../device/kernels/callback.h:52:1: warning: void function is missing a return statement [-Wreturn-type]
}
^
/public/home/zhangkewei/zr/rocm-libraries-rocm-7.2.2/projects/rocfft/library/src/include/../device/kernels/callback.h:91:57: note: in instantiation of function template specialization 'store_cb_default<rocfft_complex<float>>' requested here
static __device__ auto store_cb_default_complex_float = store_cb_default<rocfft_complex<float>>;
                                                        ^
/public/home/zhangkewei/zr/rocm-libraries-rocm-7.2.2/projects/rocfft/library/src/include/../device/kernels/callback.h:52:1: warning: void function is missing a return statement [-Wreturn-type]
}
^
/public/home/zhangkewei/zr/rocm-libraries-rocm-7.2.2/projects/rocfft/library/src/include/../device/kernels/callback.h:108:58: note: in instantiation of function template specialization 'store_cb_default<rocfft_complex<double>>' requested here
static __device__ auto store_cb_default_complex_double = store_cb_default<rocfft_complex<double>>;
                                                         ^
/public/home/zhangkewei/zr/rocm-libraries-rocm-7.2.2/projects/rocfft/library/src/include/../device/kernels/callback.h:52:1: warning: void function is missing a return statement [-Wreturn-type]
}
^
/public/home/zhangkewei/zr/rocm-libraries-rocm-7.2.2/projects/rocfft/library/src/include/../device/kernels/callback.h:119:48: note: in instantiation of function template specialization 'store_cb_default<_Float16>' requested here
static __device__ auto store_cb_default_half = store_cb_default<rocfft_fp16>;
                                               ^
/public/home/zhangkewei/zr/rocm-libraries-rocm-7.2.2/projects/rocfft/library/src/include/../device/kernels/callback.h:52:1: warning: void function is missing a return statement [-Wreturn-type]
}
^
/public/home/zhangkewei/zr/rocm-libraries-rocm-7.2.2/projects/rocfft/library/src/include/../device/kernels/callback.h:129:49: note: in instantiation of function template specialization 'store_cb_default<float>' requested here
static __device__ auto store_cb_default_float = store_cb_default<float>;
                                                ^
/public/home/zhangkewei/zr/rocm-libraries-rocm-7.2.2/projects/rocfft/library/src/include/../device/kernels/callback.h:52:1: warning: void function is missing a return statement [-Wreturn-type]
}
^
/public/home/zhangkewei/zr/rocm-libraries-rocm-7.2.2/projects/rocfft/library/src/include/../device/kernels/callback.h:140:50: note: in instantiation of function template specialization 'store_cb_default<double>' requested here
static __device__ auto store_cb_default_double = store_cb_default<double>;
                                                 ^
In file included from /public/home/zhangkewei/zr/rocm-libraries-rocm-7.2.2/projects/rocfft/library/src/rocfft_kernel_config_search.cpp:34:
/public/home/zhangkewei/zr/rocm-libraries-rocm-7.2.2/projects/rocfft/library/src/../../shared/gpubuf.h:114:5: warning: void function is missing a return statement [-Wreturn-type]
    }
    ^
/public/home/zhangkewei/zr/rocm-libraries-rocm-7.2.2/projects/rocfft/library/src/../../shared/gpubuf.h:67:9: note: in instantiation of member function 'gpubuf_t<rocfft_complex<float>>::free' requested here
        free();
        ^
/public/home/zhangkewei/zr/rocm-libraries-rocm-7.2.2/projects/rocfft/library/src/rocfft_kernel_config_search.cpp:214:5: note: in instantiation of member function 'gpubuf_t<rocfft_complex<float>>::~gpubuf_t' requested here
    device_data_t()
    ^
In file included from /public/home/zhangkewei/zr/rocm-libraries-rocm-7.2.2/projects/rocfft/library/src/rocfft_kernel_config_search.cpp:34:
/public/home/zhangkewei/zr/rocm-libraries-rocm-7.2.2/projects/rocfft/library/src/../../shared/gpubuf.h:114:5: warning: void function is missing a return statement [-Wreturn-type]
    }
    ^
/public/home/zhangkewei/zr/rocm-libraries-rocm-7.2.2/projects/rocfft/library/src/../../shared/gpubuf.h:67:9: note: in instantiation of member function 'gpubuf_t<unsigned long>::free' requested here
        free();
        ^
/public/home/zhangkewei/zr/rocm-libraries-rocm-7.2.2/projects/rocfft/library/src/rocfft_kernel_config_search.cpp:214:5: note: in instantiation of member function 'gpubuf_t<unsigned long>::~gpubuf_t' requested here
    device_data_t()
    ^
In file included from /public/home/zhangkewei/zr/rocm-libraries-rocm-7.2.2/projects/rocfft/library/src/rocfft_kernel_config_search.cpp:35:
/public/home/zhangkewei/zr/rocm-libraries-rocm-7.2.2/projects/rocfft/library/src/../../shared/hip_object_wrapper.h:50:5: warning: void function is missing a return statement [-Wreturn-type]
    }
    ^
/public/home/zhangkewei/zr/rocm-libraries-rocm-7.2.2/projects/rocfft/library/src/../../shared/hip_object_wrapper.h:68:9: note: in instantiation of member function 'hip_object_wrapper_t<ihipEvent_t *, &hipEventCreate, &hipEventDestroy>::free' requested here
        free();
        ^
/public/home/zhangkewei/zr/rocm-libraries-rocm-7.2.2/projects/rocfft/library/src/rocfft_kernel_config_search.cpp:214:5: note: in instantiation of member function 'hip_object_wrapper_t<ihipEvent_t *, &hipEventCreate, &hipEventDestroy>::~hip_object_wrapper_t' requested here
    device_data_t()
    ^
56 warnings generated when compiling for host.
In file included from /public/home/zhangkewei/zr/rocm-libraries-rocm-7.2.2/projects/rocfft/library/src/node_factory.cpp:21:
In file included from /public/home/zhangkewei/zr/rocm-libraries-rocm-7.2.2/projects/rocfft/library/src/include/node_factory.h:24:
In file included from /public/home/zhangkewei/zr/rocm-libraries-rocm-7.2.2/projects/rocfft/library/src/include/tree_node.h:41:
In file included from /public/home/zhangkewei/zr/rocm-libraries-rocm-7.2.2/projects/rocfft/library/src/include/function_map_key.h:30:
/public/home/zhangkewei/zr/rocm-libraries-rocm-7.2.2/projects/rocfft/library/src/include/data_descriptor.h:145:5: warning: void function is missing a return statement [-Wreturn-type]
    }
    ^
/public/home/zhangkewei/zr/rocm-libraries-rocm-7.2.2/projects/rocfft/library/src/include/data_descriptor.h:154:5: warning: void function is missing a return statement [-Wreturn-type]
    }
    ^
/public/home/zhangkewei/zr/rocm-libraries-rocm-7.2.2/projects/rocfft/library/src/include/data_descriptor.h:163:5: warning: void function is missing a return statement [-Wreturn-type]
    }
    ^
/public/home/zhangkewei/zr/rocm-libraries-rocm-7.2.2/projects/rocfft/library/src/include/data_descriptor.h:172:5: warning: void function is missing a return statement [-Wreturn-type]
    }
    ^
In file included from /public/home/zhangkewei/zr/rocm-libraries-rocm-7.2.2/projects/rocfft/library/src/node_factory.cpp:21:
In file included from /public/home/zhangkewei/zr/rocm-libraries-rocm-7.2.2/projects/rocfft/library/src/include/node_factory.h:24:
In file included from /public/home/zhangkewei/zr/rocm-libraries-rocm-7.2.2/projects/rocfft/library/src/include/tree_node.h:41:
In file included from /public/home/zhangkewei/zr/rocm-libraries-rocm-7.2.2/projects/rocfft/library/src/include/function_map_key.h:30:
/public/home/zhangkewei/zr/rocm-libraries-rocm-7.2.2/projects/rocfft/library/src/include/data_descriptor.h:145:5: warning: void function is missing a return statement [-Wreturn-type]
    }
    ^
/public/home/zhangkewei/zr/rocm-libraries-rocm-7.2.2/projects/rocfft/library/src/include/data_descriptor.h:154:5: warning: void function is missing a return statement [-Wreturn-type]
    }
    ^
/public/home/zhangkewei/zr/rocm-libraries-rocm-7.2.2/projects/rocfft/library/src/include/data_descriptor.h:163:5: warning: void function is missing a return statement [-Wreturn-type]
    }
    ^
/public/home/zhangkewei/zr/rocm-libraries-rocm-7.2.2/projects/rocfft/library/src/include/data_descriptor.h:172:5: warning: void function is missing a return statement [-Wreturn-type]
    }
    ^
In file included from /public/home/zhangkewei/zr/rocm-libraries-rocm-7.2.2/projects/rocfft/library/src/node_factory.cpp:21:
In file included from /public/home/zhangkewei/zr/rocm-libraries-rocm-7.2.2/projects/rocfft/library/src/include/node_factory.h:24:
In file included from /public/home/zhangkewei/zr/rocm-libraries-rocm-7.2.2/projects/rocfft/library/src/include/tree_node.h:41:
/public/home/zhangkewei/zr/rocm-libraries-rocm-7.2.2/projects/rocfft/library/src/include/function_map_key.h:284:5: warning: void function is missing a return statement [-Wreturn-type]
    }
    ^
In file included from /public/home/zhangkewei/zr/rocm-libraries-rocm-7.2.2/projects/rocfft/library/src/node_factory.cpp:21:
In file included from /public/home/zhangkewei/zr/rocm-libraries-rocm-7.2.2/projects/rocfft/library/src/include/node_factory.h:24:
In file included from /public/home/zhangkewei/zr/rocm-libraries-rocm-7.2.2/projects/rocfft/library/src/include/tree_node.h:41:
/public/home/zhangkewei/zr/rocm-libraries-rocm-7.2.2/projects/rocfft/library/src/include/function_map_key.h:284:5: warning: void function is missing a return statement [-Wreturn-type]
    }
    ^
/public/home/zhangkewei/zr/rocm-libraries-rocm-7.2.2/projects/rocfft/library/src/include/function_map_key.h:420:1: warning: void function is missing a return statement [-Wreturn-type]
}
^
/public/home/zhangkewei/zr/rocm-libraries-rocm-7.2.2/projects/rocfft/library/src/include/function_map_key.h:463:5: warning: void function is missing a return statement [-Wreturn-type]
    }
    ^
/public/home/zhangkewei/zr/rocm-libraries-rocm-7.2.2/projects/rocfft/library/src/include/function_map_key.h:420:1: warning: void function is missing a return statement [-Wreturn-type]
}
^
/public/home/zhangkewei/zr/rocm-libraries-rocm-7.2.2/projects/rocfft/library/src/include/function_map_key.h:463:5: warning: void function is missing a return statement [-Wreturn-type]
    }
    ^
In file included from /public/home/zhangkewei/zr/rocm-libraries-rocm-7.2.2/projects/rocfft/library/src/node_factory.cpp:21:
In file included from /public/home/zhangkewei/zr/rocm-libraries-rocm-7.2.2/projects/rocfft/library/src/include/node_factory.h:24:
In file included from /public/home/zhangkewei/zr/rocm-libraries-rocm-7.2.2/projects/rocfft/library/src/include/tree_node.h:42:
/public/home/zhangkewei/zr/rocm-libraries-rocm-7.2.2/projects/rocfft/library/src/include/function_pool.h:410:1: warning: void function is missing a return statement [-Wreturn-type]
}
^
/public/home/zhangkewei/zr/rocm-libraries-rocm-7.2.2/projects/rocfft/library/src/include/function_pool.h:433:1: warning: void function is missing a return statement [-Wreturn-type]
}
^
In file included from /public/home/zhangkewei/zr/rocm-libraries-rocm-7.2.2/projects/rocfft/library/src/node_factory.cpp:21:
In file included from /public/home/zhangkewei/zr/rocm-libraries-rocm-7.2.2/projects/rocfft/library/src/include/node_factory.h:24:
In file included from /public/home/zhangkewei/zr/rocm-libraries-rocm-7.2.2/projects/rocfft/library/src/include/tree_node.h:42:
/public/home/zhangkewei/zr/rocm-libraries-rocm-7.2.2/projects/rocfft/library/src/include/function_pool.h:410:1: warning: void function is missing a return statement [-Wreturn-type]
}
^
/public/home/zhangkewei/zr/rocm-libraries-rocm-7.2.2/projects/rocfft/library/src/include/function_pool.h:433:1: warning: void function is missing a return statement [-Wreturn-type]
}
^
In file included from /public/home/zhangkewei/zr/rocm-libraries-rocm-7.2.2/projects/rocfft/library/src/node_factory.cpp:21:
In file included from /public/home/zhangkewei/zr/rocm-libraries-rocm-7.2.2/projects/rocfft/library/src/include/node_factory.h:24:
In file included from /public/home/zhangkewei/zr/rocm-libraries-rocm-7.2.2/projects/rocfft/library/src/include/tree_node.h:45:
In file included from /public/home/zhangkewei/zr/rocm-libraries-rocm-7.2.2/projects/rocfft/library/src/include/logging.h:26:
/public/home/zhangkewei/zr/rocm-libraries-rocm-7.2.2/projects/rocfft/library/src/include/rocfft_ostream.hpp:109:13: warning: void function is missing a return statement [-Wreturn-type]
            }
            ^
/public/home/zhangkewei/zr/rocm-libraries-rocm-7.2.2/projects/rocfft/library/src/include/rocfft_ostream.hpp:225:5: warning: void function is missing a return statement [-Wreturn-type]
    }
    ^
In file included from /public/home/zhangkewei/zr/rocm-libraries-rocm-7.2.2/projects/rocfft/library/src/node_factory.cpp:21:
In file included from /public/home/zhangkewei/zr/rocm-libraries-rocm-7.2.2/projects/rocfft/library/src/include/node_factory.h:24:
In file included from /public/home/zhangkewei/zr/rocm-libraries-rocm-7.2.2/projects/rocfft/library/src/include/tree_node.h:45:
/public/home/zhangkewei/zr/rocm-libraries-rocm-7.2.2/projects/rocfft/library/src/include/logging.h:173:5: warning: void function is missing a return statement [-Wreturn-type]
    }
    ^
/public/home/zhangkewei/zr/rocm-libraries-rocm-7.2.2/projects/rocfft/library/src/include/logging.h:298:1: warning: void function is missing a return statement [-Wreturn-type]
}
^
In file included from /public/home/zhangkewei/zr/rocm-libraries-rocm-7.2.2/projects/rocfft/library/src/node_factory.cpp:21:
In file included from /public/home/zhangkewei/zr/rocm-libraries-rocm-7.2.2/projects/rocfft/library/src/include/node_factory.h:24:
In file included from /public/home/zhangkewei/zr/rocm-libraries-rocm-7.2.2/projects/rocfft/library/src/include/tree_node.h:45:
In file included from /public/home/zhangkewei/zr/rocm-libraries-rocm-7.2.2/projects/rocfft/library/src/include/logging.h:26:
/public/home/zhangkewei/zr/rocm-libraries-rocm-7.2.2/projects/rocfft/library/src/include/rocfft_ostream.hpp:109:13: warning: void function is missing a return statement [-Wreturn-type]
            }
            ^
/public/home/zhangkewei/zr/rocm-libraries-rocm-7.2.2/projects/rocfft/library/src/include/rocfft_ostream.hpp:225:5: warning: void function is missing a return statement [-Wreturn-type]
    }
    ^
In file included from /public/home/zhangkewei/zr/rocm-libraries-rocm-7.2.2/projects/rocfft/library/src/node_factory.cpp:21:
In file included from /public/home/zhangkewei/zr/rocm-libraries-rocm-7.2.2/projects/rocfft/library/src/include/node_factory.h:24:
In file included from /public/home/zhangkewei/zr/rocm-libraries-rocm-7.2.2/projects/rocfft/library/src/include/tree_node.h:47:
/public/home/zhangkewei/zr/rocm-libraries-rocm-7.2.2/projects/rocfft/library/src/include/rtc_kernel.h:50:5: warning: void function is missing a return statement [-Wreturn-type]
    }
    ^
/public/home/zhangkewei/zr/rocm-libraries-rocm-7.2.2/projects/rocfft/library/src/include/rtc_kernel.h:54:5: warning: void function is missing a return statement [-Wreturn-type]
    }
    ^
/public/home/zhangkewei/zr/rocm-libraries-rocm-7.2.2/projects/rocfft/library/src/include/rtc_kernel.h:58:5: warning: void function is missing a return statement [-Wreturn-type]
    }
    ^
/public/home/zhangkewei/zr/rocm-libraries-rocm-7.2.2/projects/rocfft/library/src/include/rtc_kernel.h:62:5: warning: void function is missing a return statement [-Wreturn-type]
    }
    ^
/public/home/zhangkewei/zr/rocm-libraries-rocm-7.2.2/projects/rocfft/library/src/include/rtc_kernel.h:66:5: warning: void function is missing a return statement [-Wreturn-type]
    }
    ^
/public/home/zhangkewei/zr/rocm-libraries-rocm-7.2.2/projects/rocfft/library/src/include/rtc_kernel.h:70:5: warning: void function is missing a return statement [-Wreturn-type]
    }
    ^
/public/home/zhangkewei/zr/rocm-libraries-rocm-7.2.2/projects/rocfft/library/src/include/rtc_kernel.h:74:5: warning: void function is missing a return statement [-Wreturn-type]
    }
    ^
/public/home/zhangkewei/zr/rocm-libraries-rocm-7.2.2/projects/rocfft/library/src/include/rtc_kernel.h:102:5: warning: void function is missing a return statement [-Wreturn-type]
    }
    ^
In file included from /public/home/zhangkewei/zr/rocm-libraries-rocm-7.2.2/projects/rocfft/library/src/node_factory.cpp:21:
In file included from /public/home/zhangkewei/zr/rocm-libraries-rocm-7.2.2/projects/rocfft/library/src/include/node_factory.h:24:
In file included from /public/home/zhangkewei/zr/rocm-libraries-rocm-7.2.2/projects/rocfft/library/src/include/tree_node.h:45:
/public/home/zhangkewei/zr/rocm-libraries-rocm-7.2.2/projects/rocfft/library/src/include/logging.h:173:5: warning: void function is missing a return statement [-Wreturn-type]
    }
    ^
/public/home/zhangkewei/zr/rocm-libraries-rocm-7.2.2/projects/rocfft/library/src/include/logging.h:298:1: warning: void function is missing a return statement [-Wreturn-type]
}
^
In file included from /public/home/zhangkewei/zr/rocm-libraries-rocm-7.2.2/projects/rocfft/library/src/node_factory.cpp:21:
In file included from /public/home/zhangkewei/zr/rocm-libraries-rocm-7.2.2/projects/rocfft/library/src/include/node_factory.h:24:
In file included from /public/home/zhangkewei/zr/rocm-libraries-rocm-7.2.2/projects/rocfft/library/src/include/tree_node.h:47:
/public/home/zhangkewei/zr/rocm-libraries-rocm-7.2.2/projects/rocfft/library/src/include/rtc_kernel.h:50:5: warning: void function is missing a return statement [-Wreturn-type]
    }
    ^
/public/home/zhangkewei/zr/rocm-libraries-rocm-7.2.2/projects/rocfft/library/src/include/rtc_kernel.h:54:5: warning: void function is missing a return statement [-Wreturn-type]
    }
    ^
/public/home/zhangkewei/zr/rocm-libraries-rocm-7.2.2/projects/rocfft/library/src/include/rtc_kernel.h:58:5: warning: void function is missing a return statement [-Wreturn-type]
    }
    ^
/public/home/zhangkewei/zr/rocm-libraries-rocm-7.2.2/projects/rocfft/library/src/include/rtc_kernel.h:62:5: warning: void function is missing a return statement [-Wreturn-type]
    }
    ^
/public/home/zhangkewei/zr/rocm-libraries-rocm-7.2.2/projects/rocfft/library/src/include/rtc_kernel.h:66:5: warning: void function is missing a return statement [-Wreturn-type]
    }
    ^
/public/home/zhangkewei/zr/rocm-libraries-rocm-7.2.2/projects/rocfft/library/src/include/rtc_kernel.h:70:5: warning: void function is missing a return statement [-Wreturn-type]
    }
    ^
/public/home/zhangkewei/zr/rocm-libraries-rocm-7.2.2/projects/rocfft/library/src/include/rtc_kernel.h:74:5: warning: void function is missing a return statement [-Wreturn-type]
    }
    ^
/public/home/zhangkewei/zr/rocm-libraries-rocm-7.2.2/projects/rocfft/library/src/include/rtc_kernel.h:102:5: warning: void function is missing a return statement [-Wreturn-type]
    }
    ^
In file included from /public/home/zhangkewei/zr/rocm-libraries-rocm-7.2.2/projects/rocfft/library/src/node_factory.cpp:21:
In file included from /public/home/zhangkewei/zr/rocm-libraries-rocm-7.2.2/projects/rocfft/library/src/include/node_factory.h:24:
/public/home/zhangkewei/zr/rocm-libraries-rocm-7.2.2/projects/rocfft/library/src/include/tree_node.h:1236:5: warning: void function is missing a return statement [-Wreturn-type]
    }
    ^
/public/home/zhangkewei/zr/rocm-libraries-rocm-7.2.2/projects/rocfft/library/src/include/tree_node.h:1341:5: warning: void function is missing a return statement [-Wreturn-type]
    }
    ^
In file included from /public/home/zhangkewei/zr/rocm-libraries-rocm-7.2.2/projects/rocfft/library/src/node_factory.cpp:21:
In file included from /public/home/zhangkewei/zr/rocm-libraries-rocm-7.2.2/projects/rocfft/library/src/include/node_factory.h:24:
/public/home/zhangkewei/zr/rocm-libraries-rocm-7.2.2/projects/rocfft/library/src/include/tree_node.h:1236:5: warning: void function is missing a return statement [-Wreturn-type]
    }
    ^
/public/home/zhangkewei/zr/rocm-libraries-rocm-7.2.2/projects/rocfft/library/src/include/tree_node.h:1341:5: warning: void function is missing a return statement [-Wreturn-type]
    }
    ^
/public/home/zhangkewei/zr/rocm-libraries-rocm-7.2.2/projects/rocfft/library/src/node_factory.cpp:408:1: warning: void function is missing a return statement [-Wreturn-type]
}
^
/public/home/zhangkewei/zr/rocm-libraries-rocm-7.2.2/projects/rocfft/library/src/node_factory.cpp:408:1: warning: void function is missing a return statement [-Wreturn-type]
}
^
In file included from /public/home/zhangkewei/zr/rocm-libraries-rocm-7.2.2/projects/rocfft/library/src/node_factory.cpp:21:
In file included from /public/home/zhangkewei/zr/rocm-libraries-rocm-7.2.2/projects/rocfft/library/src/include/node_factory.h:24:
In file included from /public/home/zhangkewei/zr/rocm-libraries-rocm-7.2.2/projects/rocfft/library/src/include/tree_node.h:36:
/public/home/zhangkewei/zr/rocm-libraries-rocm-7.2.2/projects/rocfft/library/src/include/../device/kernels/callback.h:52:1: warning: void function is missing a return statement [-Wreturn-type]
}
^
/public/home/zhangkewei/zr/rocm-libraries-rocm-7.2.2/projects/rocfft/library/src/include/../device/kernels/callback.h:74:7: note: in instantiation of function template specialization 'store_cb_default<rocfft_complex<_Float16>>' requested here
    = store_cb_default<rocfft_complex<rocfft_fp16>>;
      ^
/public/home/zhangkewei/zr/rocm-libraries-rocm-7.2.2/projects/rocfft/library/src/include/../device/kernels/callback.h:52:1: warning: void function is missing a return statement [-Wreturn-type]
}
^
/public/home/zhangkewei/zr/rocm-libraries-rocm-7.2.2/projects/rocfft/library/src/include/../device/kernels/callback.h:91:57: note: in instantiation of function template specialization 'store_cb_default<rocfft_complex<float>>' requested here
static __device__ auto store_cb_default_complex_float = store_cb_default<rocfft_complex<float>>;
                                                        ^
/public/home/zhangkewei/zr/rocm-libraries-rocm-7.2.2/projects/rocfft/library/src/include/../device/kernels/callback.h:52:1: warning: void function is missing a return statement [-Wreturn-type]
}
^
/public/home/zhangkewei/zr/rocm-libraries-rocm-7.2.2/projects/rocfft/library/src/include/../device/kernels/callback.h:108:58: note: in instantiation of function template specialization 'store_cb_default<rocfft_complex<double>>' requested here
static __device__ auto store_cb_default_complex_double = store_cb_default<rocfft_complex<double>>;
                                                         ^
/public/home/zhangkewei/zr/rocm-libraries-rocm-7.2.2/projects/rocfft/library/src/include/../device/kernels/callback.h:52:1: warning: void function is missing a return statement [-Wreturn-type]
}
^
/public/home/zhangkewei/zr/rocm-libraries-rocm-7.2.2/projects/rocfft/library/src/include/../device/kernels/callback.h:119:48: note: in instantiation of function template specialization 'store_cb_default<_Float16>' requested here
static __device__ auto store_cb_default_half = store_cb_default<rocfft_fp16>;
                                               ^
/public/home/zhangkewei/zr/rocm-libraries-rocm-7.2.2/projects/rocfft/library/src/include/../device/kernels/callback.h:52:1: warning: void function is missing a return statement [-Wreturn-type]
}
^
/public/home/zhangkewei/zr/rocm-libraries-rocm-7.2.2/projects/rocfft/library/src/include/../device/kernels/callback.h:129:49: note: in instantiation of function template specialization 'store_cb_default<float>' requested here
static __device__ auto store_cb_default_float = store_cb_default<float>;
                                                ^
/public/home/zhangkewei/zr/rocm-libraries-rocm-7.2.2/projects/rocfft/library/src/include/../device/kernels/callback.h:52:1: warning: void function is missing a return statement [-Wreturn-type]
}
^
/public/home/zhangkewei/zr/rocm-libraries-rocm-7.2.2/projects/rocfft/library/src/include/../device/kernels/callback.h:140:50: note: in instantiation of function template specialization 'store_cb_default<double>' requested here
static __device__ auto store_cb_default_double = store_cb_default<double>;
                                                 ^
In file included from /public/home/zhangkewei/zr/rocm-libraries-rocm-7.2.2/projects/rocfft/library/src/node_factory.cpp:21:
In file included from /public/home/zhangkewei/zr/rocm-libraries-rocm-7.2.2/projects/rocfft/library/src/include/node_factory.h:24:
In file included from /public/home/zhangkewei/zr/rocm-libraries-rocm-7.2.2/projects/rocfft/library/src/include/tree_node.h:36:
/public/home/zhangkewei/zr/rocm-libraries-rocm-7.2.2/projects/rocfft/library/src/include/../device/kernels/callback.h:52:1: warning: void function is missing a return statement [-Wreturn-type]
}
^
/public/home/zhangkewei/zr/rocm-libraries-rocm-7.2.2/projects/rocfft/library/src/include/../device/kernels/callback.h:74:7: note: in instantiation of function template specialization 'store_cb_default<rocfft_complex<_Float16>>' requested here
    = store_cb_default<rocfft_complex<rocfft_fp16>>;
      ^
/public/home/zhangkewei/zr/rocm-libraries-rocm-7.2.2/projects/rocfft/library/src/include/../device/kernels/callback.h:52:1: warning: void function is missing a return statement [-Wreturn-type]
}
^
/public/home/zhangkewei/zr/rocm-libraries-rocm-7.2.2/projects/rocfft/library/src/include/../device/kernels/callback.h:91:57: note: in instantiation of function template specialization 'store_cb_default<rocfft_complex<float>>' requested here
static __device__ auto store_cb_default_complex_float = store_cb_default<rocfft_complex<float>>;
                                                        ^
/public/home/zhangkewei/zr/rocm-libraries-rocm-7.2.2/projects/rocfft/library/src/include/../device/kernels/callback.h:52:1: warning: void function is missing a return statement [-Wreturn-type]
}
^
/public/home/zhangkewei/zr/rocm-libraries-rocm-7.2.2/projects/rocfft/library/src/include/../device/kernels/callback.h:108:58: note: in instantiation of function template specialization 'store_cb_default<rocfft_complex<double>>' requested here
static __device__ auto store_cb_default_complex_double = store_cb_default<rocfft_complex<double>>;
                                                         ^
/public/home/zhangkewei/zr/rocm-libraries-rocm-7.2.2/projects/rocfft/library/src/include/../device/kernels/callback.h:52:1: warning: void function is missing a return statement [-Wreturn-type]
}
^
/public/home/zhangkewei/zr/rocm-libraries-rocm-7.2.2/projects/rocfft/library/src/include/../device/kernels/callback.h:119:48: note: in instantiation of function template specialization 'store_cb_default<_Float16>' requested here
static __device__ auto store_cb_default_half = store_cb_default<rocfft_fp16>;
                                               ^
/public/home/zhangkewei/zr/rocm-libraries-rocm-7.2.2/projects/rocfft/library/src/include/../device/kernels/callback.h:52:1: warning: void function is missing a return statement [-Wreturn-type]
}
^
/public/home/zhangkewei/zr/rocm-libraries-rocm-7.2.2/projects/rocfft/library/src/include/../device/kernels/callback.h:129:49: note: in instantiation of function template specialization 'store_cb_default<float>' requested here
static __device__ auto store_cb_default_float = store_cb_default<float>;
                                                ^
/public/home/zhangkewei/zr/rocm-libraries-rocm-7.2.2/projects/rocfft/library/src/include/../device/kernels/callback.h:52:1: warning: void function is missing a return statement [-Wreturn-type]
}
^
/public/home/zhangkewei/zr/rocm-libraries-rocm-7.2.2/projects/rocfft/library/src/include/../device/kernels/callback.h:140:50: note: in instantiation of function template specialization 'store_cb_default<double>' requested here
static __device__ auto store_cb_default_double = store_cb_default<double>;
                                                 ^
In file included from /public/home/zhangkewei/zr/rocm-libraries-rocm-7.2.2/projects/rocfft/library/src/node_factory.cpp:21:
In file included from /public/home/zhangkewei/zr/rocm-libraries-rocm-7.2.2/projects/rocfft/library/src/include/node_factory.h:24:
In file included from /public/home/zhangkewei/zr/rocm-libraries-rocm-7.2.2/projects/rocfft/library/src/include/tree_node.h:41:
In file included from /public/home/zhangkewei/zr/rocm-libraries-rocm-7.2.2/projects/rocfft/library/src/include/function_map_key.h:30:
/public/home/zhangkewei/zr/rocm-libraries-rocm-7.2.2/projects/rocfft/library/src/include/data_descriptor.h:201:5: warning: void function is missing a return statement [-Wreturn-type]
In file included from /public/home/zhangkewei/zr/rocm-libraries-rocm-7.2.2/projects/rocfft/library/src/node_factory.cpp:21:
In file included from /public/home/zhangkewei/zr/rocm-libraries-rocm-7.2.2/projects/rocfft/library/src/include/node_factory.h:24:
In file included from /public/home/zhangkewei/zr/rocm-libraries-rocm-7.2.2/projects/rocfft/library/src/include/tree_node.h:41:
In file included from /public/home/zhangkewei/zr/rocm-libraries-rocm-7.2.2/projects/rocfft/library/src/include/function_map_key.h:30:
/public/home/zhangkewei/zr/rocm-libraries-rocm-7.2.2/projects/rocfft/library/src/include/data_descriptor.h:201:5: warning: void function is missing a return statement [-Wreturn-type]
    }
    ^
/public/home/zhangkewei/zr/rocm-libraries-rocm-7.2.2/projects/rocfft/library/src/include/function_map_key.h:248:29: note: in instantiation of member function 'FieldParser<bool>::parse' requested here
        FieldParser<bool>().parse("use_3steps", ret.use_3steps_large_twd, current);
                            ^
    }
    ^
/public/home/zhangkewei/zr/rocm-libraries-rocm-7.2.2/projects/rocfft/library/src/include/function_map_key.h:248:29: note: in instantiation of member function 'FieldParser<bool>::parse' requested here
        FieldParser<bool>().parse("use_3steps", ret.use_3steps_large_twd, current);
                            ^
In file included from /public/home/zhangkewei/zr/rocm-libraries-rocm-7.2.2/projects/rocfft/library/src/node_factory.cpp:21:
In file included from /public/home/zhangkewei/zr/rocm-libraries-rocm-7.2.2/projects/rocfft/library/src/include/node_factory.h:24:
In file included from /public/home/zhangkewei/zr/rocm-libraries-rocm-7.2.2/projects/rocfft/library/src/include/tree_node.h:41:
In file included from /public/home/zhangkewei/zr/rocm-libraries-rocm-7.2.2/projects/rocfft/library/src/include/function_map_key.h:30:
/public/home/zhangkewei/zr/rocm-libraries-rocm-7.2.2/projects/rocfft/library/src/include/data_descriptor.h:201:5: warning: void function is missing a return statement [-Wreturn-type]
    }
    ^
/public/home/zhangkewei/zr/rocm-libraries-rocm-7.2.2/projects/rocfft/library/src/include/function_map_key.h:252:31: note: in instantiation of member function 'FieldParser<unsigned long>::parse' requested here
        FieldParser<size_t>().parse("tpb", tpb, current);
                              ^
In file included from /public/home/zhangkewei/zr/rocm-libraries-rocm-7.2.2/projects/rocfft/library/src/node_factory.cpp:21:
In file included from /public/home/zhangkewei/zr/rocm-libraries-rocm-7.2.2/projects/rocfft/library/src/include/node_factory.h:24:
In file included from /public/home/zhangkewei/zr/rocm-libraries-rocm-7.2.2/projects/rocfft/library/src/include/tree_node.h:41:
In file included from /public/home/zhangkewei/zr/rocm-libraries-rocm-7.2.2/projects/rocfft/library/src/include/function_map_key.h:30:
/public/home/zhangkewei/zr/rocm-libraries-rocm-7.2.2/projects/rocfft/library/src/include/data_descriptor.h:201:5: warning: void function is missing a return statement [-Wreturn-type]
    }
    ^
/public/home/zhangkewei/zr/rocm-libraries-rocm-7.2.2/projects/rocfft/library/src/include/function_map_key.h:254:28: note: in instantiation of member function 'FieldParser<int>::parse' requested here
        FieldParser<int>().parse("wgs", ret.workgroup_size, current);
                           ^
In file included from /public/home/zhangkewei/zr/rocm-libraries-rocm-7.2.2/projects/rocfft/library/src/node_factory.cpp:21:
In file included from /public/home/zhangkewei/zr/rocm-libraries-rocm-7.2.2/projects/rocfft/library/src/include/node_factory.h:24:
In file included from /public/home/zhangkewei/zr/rocm-libraries-rocm-7.2.2/projects/rocfft/library/src/include/tree_node.h:41:
In file included from /public/home/zhangkewei/zr/rocm-libraries-rocm-7.2.2/projects/rocfft/library/src/include/function_map_key.h:30:
/public/home/zhangkewei/zr/rocm-libraries-rocm-7.2.2/projects/rocfft/library/src/include/data_descriptor.h:217:5: warning: void function is missing a return statement [-Wreturn-type]
    }
    ^
/public/home/zhangkewei/zr/rocm-libraries-rocm-7.2.2/projects/rocfft/library/src/include/function_map_key.h:255:34: note: in instantiation of member function 'VectorFieldParser<int>::parse' requested here
        VectorFieldParser<int>().parse("tpt", tpt, current);
                                 ^
In file included from /public/home/zhangkewei/zr/rocm-libraries-rocm-7.2.2/projects/rocfft/library/src/node_factory.cpp:21:
In file included from /public/home/zhangkewei/zr/rocm-libraries-rocm-7.2.2/projects/rocfft/library/src/include/node_factory.h:24:
In file included from /public/home/zhangkewei/zr/rocm-libraries-rocm-7.2.2/projects/rocfft/library/src/include/tree_node.h:41:
In file included from /public/home/zhangkewei/zr/rocm-libraries-rocm-7.2.2/projects/rocfft/library/src/include/function_map_key.h:30:
/public/home/zhangkewei/zr/rocm-libraries-rocm-7.2.2/projects/rocfft/library/src/include/data_descriptor.h:188:5: warning: void function is missing a return statement [-Wreturn-type]
    }
    ^
/public/home/zhangkewei/zr/rocm-libraries-rocm-7.2.2/projects/rocfft/library/src/include/data_descriptor.h:216:29: note: in instantiation of member function 'StringToVector<int>::Get' requested here
        StringToVector<T>().Get(vec, current);
                            ^
/public/home/zhangkewei/zr/rocm-libraries-rocm-7.2.2/projects/rocfft/library/src/include/function_map_key.h:255:34: note: in instantiation of member function 'VectorFieldParser<int>::parse' requested here
        VectorFieldParser<int>().parse("tpt", tpt, current);
                                 ^
In file included from /public/home/zhangkewei/zr/rocm-libraries-rocm-7.2.2/projects/rocfft/library/src/node_factory.cpp:21:
In file included from /public/home/zhangkewei/zr/rocm-libraries-rocm-7.2.2/projects/rocfft/library/src/include/node_factory.h:24:
In file included from /public/home/zhangkewei/zr/rocm-libraries-rocm-7.2.2/projects/rocfft/library/src/include/tree_node.h:41:
In file included from /public/home/zhangkewei/zr/rocm-libraries-rocm-7.2.2/projects/rocfft/library/src/include/function_map_key.h:30:
/public/home/zhangkewei/zr/rocm-libraries-rocm-7.2.2/projects/rocfft/library/src/include/data_descriptor.h:201:5: warning: void function is missing a return statement [-Wreturn-type]
    }
    ^
/public/home/zhangkewei/zr/rocm-libraries-rocm-7.2.2/projects/rocfft/library/src/include/function_map_key.h:252:31: note: in instantiation of member function 'FieldParser<unsigned long>::parse' requested here
        FieldParser<size_t>().parse("tpb", tpb, current);
                              ^
In file included from /public/home/zhangkewei/zr/rocm-libraries-rocm-7.2.2/projects/rocfft/library/src/node_factory.cpp:21:
In file included from /public/home/zhangkewei/zr/rocm-libraries-rocm-7.2.2/projects/rocfft/library/src/include/node_factory.h:24:
In file included from /public/home/zhangkewei/zr/rocm-libraries-rocm-7.2.2/projects/rocfft/library/src/include/tree_node.h:41:
In file included from /public/home/zhangkewei/zr/rocm-libraries-rocm-7.2.2/projects/rocfft/library/src/include/function_map_key.h:30:
/public/home/zhangkewei/zr/rocm-libraries-rocm-7.2.2/projects/rocfft/library/src/include/data_descriptor.h:201:5: warning: void function is missing a return statement [-Wreturn-type]
    }
    ^
/public/home/zhangkewei/zr/rocm-libraries-rocm-7.2.2/projects/rocfft/library/src/include/function_map_key.h:254:28: note: in instantiation of member function 'FieldParser<int>::parse' requested here
        FieldParser<int>().parse("wgs", ret.workgroup_size, current);
                           ^
In file included from /public/home/zhangkewei/zr/rocm-libraries-rocm-7.2.2/projects/rocfft/library/src/node_factory.cpp:21:
In file included from /public/home/zhangkewei/zr/rocm-libraries-rocm-7.2.2/projects/rocfft/library/src/include/node_factory.h:24:
In file included from /public/home/zhangkewei/zr/rocm-libraries-rocm-7.2.2/projects/rocfft/library/src/include/tree_node.h:41:
In file included from /public/home/zhangkewei/zr/rocm-libraries-rocm-7.2.2/projects/rocfft/library/src/include/function_map_key.h:30:
/public/home/zhangkewei/zr/rocm-libraries-rocm-7.2.2/projects/rocfft/library/src/include/data_descriptor.h:217:5: warning: void function is missing a return statement [-Wreturn-type]
    }
    ^
/public/home/zhangkewei/zr/rocm-libraries-rocm-7.2.2/projects/rocfft/library/src/include/function_map_key.h:255:34: note: in instantiation of member function 'VectorFieldParser<int>::parse' requested here
        VectorFieldParser<int>().parse("tpt", tpt, current);
                                 ^
In file included from /public/home/zhangkewei/zr/rocm-libraries-rocm-7.2.2/projects/rocfft/library/src/node_factory.cpp:21:
In file included from /public/home/zhangkewei/zr/rocm-libraries-rocm-7.2.2/projects/rocfft/library/src/include/node_factory.h:24:
In file included from /public/home/zhangkewei/zr/rocm-libraries-rocm-7.2.2/projects/rocfft/library/src/include/tree_node.h:41:
In file included from /public/home/zhangkewei/zr/rocm-libraries-rocm-7.2.2/projects/rocfft/library/src/include/function_map_key.h:30:
/public/home/zhangkewei/zr/rocm-libraries-rocm-7.2.2/projects/rocfft/library/src/include/data_descriptor.h:188:5: warning: void function is missing a return statement [-Wreturn-type]
    }
    ^
/public/home/zhangkewei/zr/rocm-libraries-rocm-7.2.2/projects/rocfft/library/src/include/data_descriptor.h:216:29: note: in instantiation of member function 'StringToVector<int>::Get' requested here
        StringToVector<T>().Get(vec, current);
                            ^
/public/home/zhangkewei/zr/rocm-libraries-rocm-7.2.2/projects/rocfft/library/src/include/function_map_key.h:255:34: note: in instantiation of member function 'VectorFieldParser<int>::parse' requested here
        VectorFieldParser<int>().parse("tpt", tpt, current);
                                 ^
In file included from /public/home/zhangkewei/zr/rocm-libraries-rocm-7.2.2/projects/rocfft/library/src/node_factory.cpp:21:
In file included from /public/home/zhangkewei/zr/rocm-libraries-rocm-7.2.2/projects/rocfft/library/src/include/node_factory.h:24:
In file included from /public/home/zhangkewei/zr/rocm-libraries-rocm-7.2.2/projects/rocfft/library/src/include/tree_node.h:41:
In file included from /public/home/zhangkewei/zr/rocm-libraries-rocm-7.2.2/projects/rocfft/library/src/include/function_map_key.h:30:
/public/home/zhangkewei/zr/rocm-libraries-rocm-7.2.2/projects/rocfft/library/src/include/data_descriptor.h:217:5: warning: void function is missing a return statement [-Wreturn-type]
    }
    ^
/public/home/zhangkewei/zr/rocm-libraries-rocm-7.2.2/projects/rocfft/library/src/include/function_map_key.h:256:37: note: in instantiation of member function 'VectorFieldParser<unsigned long>::parse' requested here
        VectorFieldParser<size_t>().parse("factors", ret.factors, current);
                                    ^
In file included from /public/home/zhangkewei/zr/rocm-libraries-rocm-7.2.2/projects/rocfft/library/src/node_factory.cpp:21:
In file included from /public/home/zhangkewei/zr/rocm-libraries-rocm-7.2.2/projects/rocfft/library/src/include/node_factory.h:24:
In file included from /public/home/zhangkewei/zr/rocm-libraries-rocm-7.2.2/projects/rocfft/library/src/include/tree_node.h:41:
In file included from /public/home/zhangkewei/zr/rocm-libraries-rocm-7.2.2/projects/rocfft/library/src/include/function_map_key.h:30:
/public/home/zhangkewei/zr/rocm-libraries-rocm-7.2.2/projects/rocfft/library/src/include/data_descriptor.h:188:5: warning: void function is missing a return statement [-Wreturn-type]
    }
    ^
/public/home/zhangkewei/zr/rocm-libraries-rocm-7.2.2/projects/rocfft/library/src/include/data_descriptor.h:216:29: note: in instantiation of member function 'StringToVector<unsigned long>::Get' requested here
        StringToVector<T>().Get(vec, current);
                            ^
/public/home/zhangkewei/zr/rocm-libraries-rocm-7.2.2/projects/rocfft/library/src/include/function_map_key.h:256:37: note: in instantiation of member function 'VectorFieldParser<unsigned long>::parse' requested here
        VectorFieldParser<size_t>().parse("factors", ret.factors, current);
                                    ^
In file included from /public/home/zhangkewei/zr/rocm-libraries-rocm-7.2.2/projects/rocfft/library/src/node_factory.cpp:21:
In file included from /public/home/zhangkewei/zr/rocm-libraries-rocm-7.2.2/projects/rocfft/library/src/include/node_factory.h:24:
In file included from /public/home/zhangkewei/zr/rocm-libraries-rocm-7.2.2/projects/rocfft/library/src/include/tree_node.h:41:
In file included from /public/home/zhangkewei/zr/rocm-libraries-rocm-7.2.2/projects/rocfft/library/src/include/function_map_key.h:30:
/public/home/zhangkewei/zr/rocm-libraries-rocm-7.2.2/projects/rocfft/library/src/include/data_descriptor.h:201:5: warning: void function is missing a return statement [-Wreturn-type]
    }
    ^
/public/home/zhangkewei/zr/rocm-libraries-rocm-7.2.2/projects/rocfft/library/src/include/function_map_key.h:269:40: note: in instantiation of member function 'FieldParser<std::basic_string<char>>::parse' requested here
            FieldParser<std::string>().parse("ebtype", ebTypeStr, current);
                                       ^
In file included from /public/home/zhangkewei/zr/rocm-libraries-rocm-7.2.2/projects/rocfft/library/src/node_factory.cpp:21:
In file included from /public/home/zhangkewei/zr/rocm-libraries-rocm-7.2.2/projects/rocfft/library/src/include/node_factory.h:24:
In file included from /public/home/zhangkewei/zr/rocm-libraries-rocm-7.2.2/projects/rocfft/library/src/include/tree_node.h:41:
In file included from /public/home/zhangkewei/zr/rocm-libraries-rocm-7.2.2/projects/rocfft/library/src/include/function_map_key.h:30:
/public/home/zhangkewei/zr/rocm-libraries-rocm-7.2.2/projects/rocfft/library/src/include/data_descriptor.h:217:5: warning: void function is missing a return statement [-Wreturn-type]
    }
    ^
/public/home/zhangkewei/zr/rocm-libraries-rocm-7.2.2/projects/rocfft/library/src/include/function_map_key.h:256:37: note: in instantiation of member function 'VectorFieldParser<unsigned long>::parse' requested here
        VectorFieldParser<size_t>().parse("factors", ret.factors, current);
                                    ^
In file included from /public/home/zhangkewei/zr/rocm-libraries-rocm-7.2.2/projects/rocfft/library/src/node_factory.cpp:21:
In file included from /public/home/zhangkewei/zr/rocm-libraries-rocm-7.2.2/projects/rocfft/library/src/include/node_factory.h:24:
In file included from /public/home/zhangkewei/zr/rocm-libraries-rocm-7.2.2/projects/rocfft/library/src/include/tree_node.h:41:
In file included from /public/home/zhangkewei/zr/rocm-libraries-rocm-7.2.2/projects/rocfft/library/src/include/function_map_key.h:30:
/public/home/zhangkewei/zr/rocm-libraries-rocm-7.2.2/projects/rocfft/library/src/include/data_descriptor.h:188:5: warning: void function is missing a return statement [-Wreturn-type]
    }
    ^
/public/home/zhangkewei/zr/rocm-libraries-rocm-7.2.2/projects/rocfft/library/src/include/data_descriptor.h:216:29: note: in instantiation of member function 'StringToVector<unsigned long>::Get' requested here
        StringToVector<T>().Get(vec, current);
                            ^
/public/home/zhangkewei/zr/rocm-libraries-rocm-7.2.2/projects/rocfft/library/src/include/function_map_key.h:256:37: note: in instantiation of member function 'VectorFieldParser<unsigned long>::parse' requested here
        VectorFieldParser<size_t>().parse("factors", ret.factors, current);
                                    ^
In file included from /public/home/zhangkewei/zr/rocm-libraries-rocm-7.2.2/projects/rocfft/library/src/node_factory.cpp:21:
In file included from /public/home/zhangkewei/zr/rocm-libraries-rocm-7.2.2/projects/rocfft/library/src/include/node_factory.h:24:
In file included from /public/home/zhangkewei/zr/rocm-libraries-rocm-7.2.2/projects/rocfft/library/src/include/tree_node.h:41:
In file included from /public/home/zhangkewei/zr/rocm-libraries-rocm-7.2.2/projects/rocfft/library/src/include/function_map_key.h:30:
/public/home/zhangkewei/zr/rocm-libraries-rocm-7.2.2/projects/rocfft/library/src/include/data_descriptor.h:201:5: warning: void function is missing a return statement [-Wreturn-type]
    }
    ^
/public/home/zhangkewei/zr/rocm-libraries-rocm-7.2.2/projects/rocfft/library/src/include/function_map_key.h:269:40: note: in instantiation of member function 'FieldParser<std::basic_string<char>>::parse' requested here
            FieldParser<std::string>().parse("ebtype", ebTypeStr, current);
                                       ^
In file included from /public/home/zhangkewei/zr/rocm-libraries-rocm-7.2.2/projects/rocfft/library/src/node_factory.cpp:21:
In file included from /public/home/zhangkewei/zr/rocm-libraries-rocm-7.2.2/projects/rocfft/library/src/include/node_factory.h:24:
In file included from /public/home/zhangkewei/zr/rocm-libraries-rocm-7.2.2/projects/rocfft/library/src/include/tree_node.h:41:
In file included from /public/home/zhangkewei/zr/rocm-libraries-rocm-7.2.2/projects/rocfft/library/src/include/function_map_key.h:30:
/public/home/zhangkewei/zr/rocm-libraries-rocm-7.2.2/projects/rocfft/library/src/include/data_descriptor.h:201:5: warning: void function is missing a return statement [-Wreturn-type]
    }
    ^
/public/home/zhangkewei/zr/rocm-libraries-rocm-7.2.2/projects/rocfft/library/src/include/function_map_key.h:456:37: note: in instantiation of member function 'FieldParser<KernelConfig>::parse' requested here
        FieldParser<KernelConfig>().parse("kernelConfig", config, current);
                                    ^
In file included from /public/home/zhangkewei/zr/rocm-libraries-rocm-7.2.2/projects/rocfft/library/src/node_factory.cpp:21:
In file included from /public/home/zhangkewei/zr/rocm-libraries-rocm-7.2.2/projects/rocfft/library/src/include/node_factory.h:24:
In file included from /public/home/zhangkewei/zr/rocm-libraries-rocm-7.2.2/projects/rocfft/library/src/include/tree_node.h:41:
In file included from /public/home/zhangkewei/zr/rocm-libraries-rocm-7.2.2/projects/rocfft/library/src/include/function_map_key.h:30:
/public/home/zhangkewei/zr/rocm-libraries-rocm-7.2.2/projects/rocfft/library/src/include/data_descriptor.h:201:5: warning: void function is missing a return statement [-Wreturn-type]
    }
    ^
/public/home/zhangkewei/zr/rocm-libraries-rocm-7.2.2/projects/rocfft/library/src/include/function_map_key.h:456:37: note: in instantiation of member function 'FieldParser<KernelConfig>::parse' requested here
        FieldParser<KernelConfig>().parse("kernelConfig", config, current);
                                    ^
In file included from /public/home/zhangkewei/zr/rocm-libraries-rocm-7.2.2/projects/rocfft/library/src/node_factory.cpp:21:
In file included from /public/home/zhangkewei/zr/rocm-libraries-rocm-7.2.2/projects/rocfft/library/src/include/node_factory.h:24:
In file included from /public/home/zhangkewei/zr/rocm-libraries-rocm-7.2.2/projects/rocfft/library/src/include/tree_node.h:32:
/public/home/zhangkewei/zr/rocm-libraries-rocm-7.2.2/projects/rocfft/library/src/include/../../../shared/gpubuf.h:114:5: warning: void function is missing a return statement [-Wreturn-type]
    }
    ^
/public/home/zhangkewei/zr/rocm-libraries-rocm-7.2.2/projects/rocfft/library/src/include/../../../shared/gpubuf.h:67:9: note: in instantiation of member function 'gpubuf_t<unsigned long>::free' requested here
        free();
        ^
/public/home/zhangkewei/zr/rocm-libraries-rocm-7.2.2/projects/rocfft/library/src/include/tree_node.h:262:5: note: in instantiation of member function 'gpubuf_t<unsigned long>::~gpubuf_t' requested here
    TreeNode(TreeNode* p)
    ^
In file included from /public/home/zhangkewei/zr/rocm-libraries-rocm-7.2.2/projects/rocfft/library/src/node_factory.cpp:21:
In file included from /public/home/zhangkewei/zr/rocm-libraries-rocm-7.2.2/projects/rocfft/library/src/include/node_factory.h:24:
In file included from /public/home/zhangkewei/zr/rocm-libraries-rocm-7.2.2/projects/rocfft/library/src/include/tree_node.h:32:
/public/home/zhangkewei/zr/rocm-libraries-rocm-7.2.2/projects/rocfft/library/src/include/../../../shared/gpubuf.h:114:5: warning: void function is missing a return statement [-Wreturn-type]
    }
    ^
/public/home/zhangkewei/zr/rocm-libraries-rocm-7.2.2/projects/rocfft/library/src/include/../../../shared/gpubuf.h:67:9: note: in instantiation of member function 'gpubuf_t<unsigned long>::free' requested here
        free();
        ^
/public/home/zhangkewei/zr/rocm-libraries-rocm-7.2.2/projects/rocfft/library/src/include/tree_node.h:262:5: note: in instantiation of member function 'gpubuf_t<unsigned long>::~gpubuf_t' requested here
    TreeNode(TreeNode* p)
    ^
In file included from /public/home/zhangkewei/zr/rocm-libraries-rocm-7.2.2/projects/rocfft/library/src/node_factory.cpp:21:
In file included from /public/home/zhangkewei/zr/rocm-libraries-rocm-7.2.2/projects/rocfft/library/src/include/node_factory.h:24:
In file included from /public/home/zhangkewei/zr/rocm-libraries-rocm-7.2.2/projects/rocfft/library/src/include/tree_node.h:32:
/public/home/zhangkewei/zr/rocm-libraries-rocm-7.2.2/projects/rocfft/library/src/include/../../../shared/gpubuf.h:114:5: warning: void function is missing a return statement [-Wreturn-type]
    }
    ^
/public/home/zhangkewei/zr/rocm-libraries-rocm-7.2.2/projects/rocfft/library/src/include/../../../shared/gpubuf.h:67:9: note: in instantiation of member function 'gpubuf_t<>::free' requested here
        free();
        ^
/public/home/zhangkewei/zr/rocm-libraries-rocm-7.2.2/projects/rocfft/library/src/include/tree_node.h:846:5: note: in instantiation of member function 'gpubuf_t<>::~gpubuf_t' requested here
    InternalTempBuffer(int comm_rank)
    ^
In file included from /public/home/zhangkewei/zr/rocm-libraries-rocm-7.2.2/projects/rocfft/library/src/node_factory.cpp:21:
In file included from /public/home/zhangkewei/zr/rocm-libraries-rocm-7.2.2/projects/rocfft/library/src/include/node_factory.h:24:
In file included from /public/home/zhangkewei/zr/rocm-libraries-rocm-7.2.2/projects/rocfft/library/src/include/tree_node.h:33:
/public/home/zhangkewei/zr/rocm-libraries-rocm-7.2.2/projects/rocfft/library/src/include/../../../shared/hip_object_wrapper.h:50:5: warning: void function is missing a return statement [-Wreturn-type]
    }
    ^
/public/home/zhangkewei/zr/rocm-libraries-rocm-7.2.2/projects/rocfft/library/src/include/../../../shared/hip_object_wrapper.h:68:9: note: in instantiation of member function 'hip_object_wrapper_t<ihipStream_t *, &hipStreamCreate, &hipStreamDestroy>::free' requested here
        free();
        ^
/public/home/zhangkewei/zr/rocm-libraries-rocm-7.2.2/projects/rocfft/library/src/include/tree_node.h:1110:5: note: in instantiation of member function 'hip_object_wrapper_t<ihipStream_t *, &hipStreamCreate, &hipStreamDestroy>::~hip_object_wrapper_t' requested here
    CommPointToPoint(int               local_comm_rank,
    ^
In file included from /public/home/zhangkewei/zr/rocm-libraries-rocm-7.2.2/projects/rocfft/library/src/node_factory.cpp:21:
In file included from /public/home/zhangkewei/zr/rocm-libraries-rocm-7.2.2/projects/rocfft/library/src/include/node_factory.h:24:
In file included from /public/home/zhangkewei/zr/rocm-libraries-rocm-7.2.2/projects/rocfft/library/src/include/tree_node.h:33:
/public/home/zhangkewei/zr/rocm-libraries-rocm-7.2.2/projects/rocfft/library/src/include/../../../shared/hip_object_wrapper.h:50:5: warning: void function is missing a return statement [-Wreturn-type]
    }
    ^
/public/home/zhangkewei/zr/rocm-libraries-rocm-7.2.2/projects/rocfft/library/src/include/../../../shared/hip_object_wrapper.h:68:9: note: in instantiation of member function 'hip_object_wrapper_t<ihipEvent_t *, &hipEventCreate, &hipEventDestroy>::free' requested here
        free();
        ^
/public/home/zhangkewei/zr/rocm-libraries-rocm-7.2.2/projects/rocfft/library/src/include/tree_node.h:1110:5: note: in instantiation of member function 'hip_object_wrapper_t<ihipEvent_t *, &hipEventCreate, &hipEventDestroy>::~hip_object_wrapper_t' requested here
    CommPointToPoint(int               local_comm_rank,
    ^
In file included from /public/home/zhangkewei/zr/rocm-libraries-rocm-7.2.2/projects/rocfft/library/src/node_factory.cpp:21:
In file included from /public/home/zhangkewei/zr/rocm-libraries-rocm-7.2.2/projects/rocfft/library/src/include/node_factory.h:24:
In file included from /public/home/zhangkewei/zr/rocm-libraries-rocm-7.2.2/projects/rocfft/library/src/include/tree_node.h:32:
/public/home/zhangkewei/zr/rocm-libraries-rocm-7.2.2/projects/rocfft/library/src/include/../../../shared/gpubuf.h:114:5: warning: void function is missing a return statement [-Wreturn-type]
    }
    ^
/public/home/zhangkewei/zr/rocm-libraries-rocm-7.2.2/projects/rocfft/library/src/include/../../../shared/gpubuf.h:67:9: note: in instantiation of member function 'gpubuf_t<>::free' requested here
        free();
        ^
/public/home/zhangkewei/zr/rocm-libraries-rocm-7.2.2/projects/rocfft/library/src/include/tree_node.h:846:5: note: in instantiation of member function 'gpubuf_t<>::~gpubuf_t' requested here
    InternalTempBuffer(int comm_rank)
    ^
In file included from /public/home/zhangkewei/zr/rocm-libraries-rocm-7.2.2/projects/rocfft/library/src/node_factory.cpp:21:
In file included from /public/home/zhangkewei/zr/rocm-libraries-rocm-7.2.2/projects/rocfft/library/src/include/node_factory.h:24:
In file included from /public/home/zhangkewei/zr/rocm-libraries-rocm-7.2.2/projects/rocfft/library/src/include/tree_node.h:33:
/public/home/zhangkewei/zr/rocm-libraries-rocm-7.2.2/projects/rocfft/library/src/include/../../../shared/hip_object_wrapper.h:50:5: warning: void function is missing a return statement [-Wreturn-type]
    }
    ^
/public/home/zhangkewei/zr/rocm-libraries-rocm-7.2.2/projects/rocfft/library/src/include/../../../shared/hip_object_wrapper.h:68:9: note: in instantiation of member function 'hip_object_wrapper_t<ihipStream_t *, &hipStreamCreate, &hipStreamDestroy>::free' requested here
        free();
        ^
/public/home/zhangkewei/zr/rocm-libraries-rocm-7.2.2/projects/rocfft/library/src/include/tree_node.h:1110:5: note: in instantiation of member function 'hip_object_wrapper_t<ihipStream_t *, &hipStreamCreate, &hipStreamDestroy>::~hip_object_wrapper_t' requested here
    CommPointToPoint(int               local_comm_rank,
    ^
In file included from /public/home/zhangkewei/zr/rocm-libraries-rocm-7.2.2/projects/rocfft/library/src/node_factory.cpp:21:
In file included from /public/home/zhangkewei/zr/rocm-libraries-rocm-7.2.2/projects/rocfft/library/src/include/node_factory.h:24:
In file included from /public/home/zhangkewei/zr/rocm-libraries-rocm-7.2.2/projects/rocfft/library/src/include/tree_node.h:33:
/public/home/zhangkewei/zr/rocm-libraries-rocm-7.2.2/projects/rocfft/library/src/include/../../../shared/hip_object_wrapper.h:50:5: warning: void function is missing a return statement [-Wreturn-type]
    }
    ^
/public/home/zhangkewei/zr/rocm-libraries-rocm-7.2.2/projects/rocfft/library/src/include/../../../shared/hip_object_wrapper.h:68:9: note: in instantiation of member function 'hip_object_wrapper_t<ihipEvent_t *, &hipEventCreate, &hipEventDestroy>::free' requested here
        free();
        ^
/public/home/zhangkewei/zr/rocm-libraries-rocm-7.2.2/projects/rocfft/library/src/include/tree_node.h:1110:5: note: in instantiation of member function 'hip_object_wrapper_t<ihipEvent_t *, &hipEventCreate, &hipEventDestroy>::~hip_object_wrapper_t' requested here
    CommPointToPoint(int               local_comm_rank,
    ^
43 warnings generated when compiling for gfx936.
43 warnings generated when compiling for host.
