In file included from /public/home/zhangkewei/zr/rocm-libraries-rocm-7.2.2/projects/rocfft/library/src/rtc_stockham_gen.cpp:24:
In file included from /public/home/zhangkewei/zr/rocm-libraries-rocm-7.2.2/projects/rocfft/library/src/include/rtc_stockham_gen.h:30:
/public/home/zhangkewei/zr/rocm-libraries-rocm-7.2.2/projects/rocfft/library/src/include/rtc_kernel.h:50:5: warning: void function is missing a return statement [-Wreturn-type]
    }
    ^
/public/home/zhangkewei/zr/rocm-libraries-rocm-7.2.2/projects/rocfft/library/src/include/rtc_kernel.h:54:5: warning: void function is missing a return statement [-Wreturn-type]
    }
    ^
/public/home/zhangkewei/zr/rocm-libraries-rocm-7.2.2/projects/rocfft/library/src/include/rtc_kernel.h:58:5: warning: void function is missing a return statement [-Wreturn-type]
    }
    ^
/public/home/zhangkewei/zr/rocm-libraries-rocm-7.2.2/projects/rocfft/library/src/include/rtc_kernel.h:62:5: warning: void function is missing a return statement [-Wreturn-type]
    }
    ^
/public/home/zhangkewei/zr/rocm-libraries-rocm-7.2.2/projects/rocfft/library/src/include/rtc_kernel.h:66:5: warning: void function is missing a return statement [-Wreturn-type]
    }
    ^
/public/home/zhangkewei/zr/rocm-libraries-rocm-7.2.2/projects/rocfft/library/src/include/rtc_kernel.h:70:5: warning: void function is missing a return statement [-Wreturn-type]
    }
    ^
/public/home/zhangkewei/zr/rocm-libraries-rocm-7.2.2/projects/rocfft/library/src/include/rtc_kernel.h:74:5: warning: void function is missing a return statement [-Wreturn-type]
    }
    ^
In file included from /public/home/zhangkewei/zr/rocm-libraries-rocm-7.2.2/projects/rocfft/library/src/rtc_stockham_gen.cpp:24:
In file included from /public/home/zhangkewei/zr/rocm-libraries-rocm-7.2.2/projects/rocfft/library/src/include/rtc_stockham_gen.h:30:
/public/home/zhangkewei/zr/rocm-libraries-rocm-7.2.2/projects/rocfft/library/src/include/rtc_kernel.h:50:5: warning: void function is missing a return statement [-Wreturn-type]
    }
    ^
/public/home/zhangkewei/zr/rocm-libraries-rocm-7.2.2/projects/rocfft/library/src/include/rtc_kernel.h:54:5: warning: void function is missing a return statement [-Wreturn-type]
    }
    ^
/public/home/zhangkewei/zr/rocm-libraries-rocm-7.2.2/projects/rocfft/library/src/include/rtc_kernel.h:58:5: warning: void function is missing a return statement [-Wreturn-type]
    }
    ^
/public/home/zhangkewei/zr/rocm-libraries-rocm-7.2.2/projects/rocfft/library/src/include/rtc_kernel.h:62:5: warning: void function is missing a return statement [-Wreturn-type]
    }
    ^
/public/home/zhangkewei/zr/rocm-libraries-rocm-7.2.2/projects/rocfft/library/src/include/rtc_kernel.h:66:5: warning: void function is missing a return statement [-Wreturn-type]
    }
    ^
/public/home/zhangkewei/zr/rocm-libraries-rocm-7.2.2/projects/rocfft/library/src/include/rtc_kernel.h:70:5: warning: void function is missing a return statement [-Wreturn-type]
    }
    ^
/public/home/zhangkewei/zr/rocm-libraries-rocm-7.2.2/projects/rocfft/library/src/include/rtc_kernel.h:74:5: warning: void function is missing a return statement [-Wreturn-type]
    }
    ^
/public/home/zhangkewei/zr/rocm-libraries-rocm-7.2.2/projects/rocfft/library/src/include/rtc_kernel.h:102:5: warning: void function is missing a return statement [-Wreturn-type]
    }
    ^
/public/home/zhangkewei/zr/rocm-libraries-rocm-7.2.2/projects/rocfft/library/src/include/rtc_kernel.h:102:5: warning: void function is missing a return statement [-Wreturn-type]
    }
    ^
In file included from /public/home/zhangkewei/zr/rocm-libraries-rocm-7.2.2/projects/rocfft/library/src/rtc_stockham_gen.cpp:24:
In file included from /public/home/zhangkewei/zr/rocm-libraries-rocm-7.2.2/projects/rocfft/library/src/include/rtc_stockham_gen.h:30:
/public/home/zhangkewei/zr/rocm-libraries-rocm-7.2.2/projects/rocfft/library/src/include/rtc_kernel.h:50:5: warning: void function is missing a return statement [-Wreturn-type]
    }
    ^
/public/home/zhangkewei/zr/rocm-libraries-rocm-7.2.2/projects/rocfft/library/src/include/rtc_kernel.h:54:5: warning: void function is missing a return statement [-Wreturn-type]
    }
    ^
/public/home/zhangkewei/zr/rocm-libraries-rocm-7.2.2/projects/rocfft/library/src/include/rtc_kernel.h:58:5: warning: void function is missing a return statement [-Wreturn-type]
    }
    ^
/public/home/zhangkewei/zr/rocm-libraries-rocm-7.2.2/projects/rocfft/library/src/include/rtc_kernel.h:62:5: warning: void function is missing a return statement [-Wreturn-type]
    }
    ^
/public/home/zhangkewei/zr/rocm-libraries-rocm-7.2.2/projects/rocfft/library/src/include/rtc_kernel.h:66:5: warning: void function is missing a return statement [-Wreturn-type]
    }
    ^
/public/home/zhangkewei/zr/rocm-libraries-rocm-7.2.2/projects/rocfft/library/src/include/rtc_kernel.h:70:5: warning: void function is missing a return statement [-Wreturn-type]
    }
    ^
/public/home/zhangkewei/zr/rocm-libraries-rocm-7.2.2/projects/rocfft/library/src/include/rtc_kernel.h:74:5: warning: void function is missing a return statement [-Wreturn-type]
    }
    ^
/public/home/zhangkewei/zr/rocm-libraries-rocm-7.2.2/projects/rocfft/library/src/include/rtc_kernel.h:102:5: warning: void function is missing a return statement [-Wreturn-type]
    }
    ^
In file included from /public/home/zhangkewei/zr/rocm-libraries-rocm-7.2.2/projects/rocfft/library/src/rtc_stockham_gen.cpp:29:
/public/home/zhangkewei/zr/rocm-libraries-rocm-7.2.2/projects/rocfft/library/src/device/generator/bluestein_generator.h:736:5: warning: void function is missing a return statement [-Wreturn-type]
    }
    ^
/public/home/zhangkewei/zr/rocm-libraries-rocm-7.2.2/projects/rocfft/library/src/device/generator/bluestein_generator.h:750:5: warning: void function is missing a return statement [-Wreturn-type]
    }
    ^
In file included from /public/home/zhangkewei/zr/rocm-libraries-rocm-7.2.2/projects/rocfft/library/src/rtc_stockham_gen.cpp:29:
/public/home/zhangkewei/zr/rocm-libraries-rocm-7.2.2/projects/rocfft/library/src/device/generator/bluestein_generator.h:736:5: warning: void function is missing a return statement [-Wreturn-type]
    }
    ^
/public/home/zhangkewei/zr/rocm-libraries-rocm-7.2.2/projects/rocfft/library/src/device/generator/bluestein_generator.h:750:5: warning: void function is missing a return statement [-Wreturn-type]
    }
    ^
In file included from /public/home/zhangkewei/zr/rocm-libraries-rocm-7.2.2/projects/rocfft/library/src/rtc_stockham_gen.cpp:29:
/public/home/zhangkewei/zr/rocm-libraries-rocm-7.2.2/projects/rocfft/library/src/device/generator/bluestein_generator.h:736:5: warning: void function is missing a return statement [-Wreturn-type]
    }
    ^
/public/home/zhangkewei/zr/rocm-libraries-rocm-7.2.2/projects/rocfft/library/src/device/generator/bluestein_generator.h:750:5: warning: void function is missing a return statement [-Wreturn-type]
    }
    ^
In file included from /public/home/zhangkewei/zr/rocm-libraries-rocm-7.2.2/projects/rocfft/library/src/rtc_stockham_gen.cpp:32:
/public/home/zhangkewei/zr/rocm-libraries-rocm-7.2.2/projects/rocfft/library/src/device/generator/stockham_gen_base.h:770:5: warning: void function is missing a return statement [-Wreturn-type]
    }
    ^
In file included from /public/home/zhangkewei/zr/rocm-libraries-rocm-7.2.2/projects/rocfft/library/src/rtc_stockham_gen.cpp:32:
/public/home/zhangkewei/zr/rocm-libraries-rocm-7.2.2/projects/rocfft/library/src/device/generator/stockham_gen_base.h:770:5: warning: void function is missing a return statement [-Wreturn-type]
    }
    ^
In file included from /public/home/zhangkewei/zr/rocm-libraries-rocm-7.2.2/projects/rocfft/library/src/rtc_stockham_gen.cpp:32:
/public/home/zhangkewei/zr/rocm-libraries-rocm-7.2.2/projects/rocfft/library/src/device/generator/stockham_gen_base.h:770:5: warning: void function is missing a return statement [-Wreturn-type]
    }
    ^
In file included from /public/home/zhangkewei/zr/rocm-libraries-rocm-7.2.2/projects/rocfft/library/src/rtc_stockham_gen.cpp:39:
/public/home/zhangkewei/zr/rocm-libraries-rocm-7.2.2/projects/rocfft/library/src/device/generator/stockham_pp_gen_rr.h:444:5: warning: void function is missing a return statement [-Wreturn-type]
    }
    ^
In file included from /public/home/zhangkewei/zr/rocm-libraries-rocm-7.2.2/projects/rocfft/library/src/rtc_stockham_gen.cpp:39:
/public/home/zhangkewei/zr/rocm-libraries-rocm-7.2.2/projects/rocfft/library/src/device/generator/stockham_pp_gen_rr.h:444:5: warning: void function is missing a return statement [-Wreturn-type]
    }
    ^
In file included from /public/home/zhangkewei/zr/rocm-libraries-rocm-7.2.2/projects/rocfft/library/src/rtc_stockham_gen.cpp:39:
/public/home/zhangkewei/zr/rocm-libraries-rocm-7.2.2/projects/rocfft/library/src/device/generator/stockham_pp_gen_rr.h:444:5: warning: void function is missing a return statement [-Wreturn-type]
    }
    ^
In file included from /public/home/zhangkewei/zr/rocm-libraries-rocm-7.2.2/projects/rocfft/library/src/rtc_stockham_gen.cpp:43:
/public/home/zhangkewei/zr/rocm-libraries-rocm-7.2.2/projects/rocfft/library/src/device/kernel-generator-embed.h:90:1: warning: void function is missing a return statement [-Wreturn-type]
}
^
In file included from /public/home/zhangkewei/zr/rocm-libraries-rocm-7.2.2/projects/rocfft/library/src/rtc_stockham_gen.cpp:43:
/public/home/zhangkewei/zr/rocm-libraries-rocm-7.2.2/projects/rocfft/library/src/device/kernel-generator-embed.h:90:1: warning: void function is missing a return statement [-Wreturn-type]
}
^
In file included from /public/home/zhangkewei/zr/rocm-libraries-rocm-7.2.2/projects/rocfft/library/src/rtc_stockham_gen.cpp:43:
/public/home/zhangkewei/zr/rocm-libraries-rocm-7.2.2/projects/rocfft/library/src/device/kernel-generator-embed.h:90:1: warning: void function is missing a return statement [-Wreturn-type]
}
^
In file included from /public/home/zhangkewei/zr/rocm-libraries-rocm-7.2.2/projects/rocfft/library/src/rtc_stockham_gen.cpp:24:
In file included from /public/home/zhangkewei/zr/rocm-libraries-rocm-7.2.2/projects/rocfft/library/src/include/rtc_stockham_gen.h:30:
In file included from /public/home/zhangkewei/zr/rocm-libraries-rocm-7.2.2/projects/rocfft/library/src/include/rtc_kernel.h:34:
/public/home/zhangkewei/zr/rocm-libraries-rocm-7.2.2/projects/rocfft/library/src/include/../device/kernels/callback.h:52:1: warning: void function is missing a return statement [-Wreturn-type]
}
^
/public/home/zhangkewei/zr/rocm-libraries-rocm-7.2.2/projects/rocfft/library/src/include/../device/kernels/callback.h:74:7: note: in instantiation of function template specialization 'store_cb_default<rocfft_complex<_Float16>>' requested here
    = store_cb_default<rocfft_complex<rocfft_fp16>>;
      ^
In file included from /public/home/zhangkewei/zr/rocm-libraries-rocm-7.2.2/projects/rocfft/library/src/rtc_stockham_gen.cpp:24:
In file included from /public/home/zhangkewei/zr/rocm-libraries-rocm-7.2.2/projects/rocfft/library/src/include/rtc_stockham_gen.h:30:
In file included from /public/home/zhangkewei/zr/rocm-libraries-rocm-7.2.2/projects/rocfft/library/src/include/rtc_kernel.h:34:
/public/home/zhangkewei/zr/rocm-libraries-rocm-7.2.2/projects/rocfft/library/src/include/../device/kernels/callback.h:52:1: warning: void function is missing a return statement [-Wreturn-type]
}
^
/public/home/zhangkewei/zr/rocm-libraries-rocm-7.2.2/projects/rocfft/library/src/include/../device/kernels/callback.h:74:7: note: in instantiation of function template specialization 'store_cb_default<rocfft_complex<_Float16>>' requested here
    = store_cb_default<rocfft_complex<rocfft_fp16>>;
      ^
/public/home/zhangkewei/zr/rocm-libraries-rocm-7.2.2/projects/rocfft/library/src/include/../device/kernels/callback.h:52:1: warning: void function is missing a return statement [-Wreturn-type]
}
^
/public/home/zhangkewei/zr/rocm-libraries-rocm-7.2.2/projects/rocfft/library/src/include/../device/kernels/callback.h:91:57: note: in instantiation of function template specialization 'store_cb_default<rocfft_complex<float>>' requested here
static __device__ auto store_cb_default_complex_float = store_cb_default<rocfft_complex<float>>;
                                                        ^
/public/home/zhangkewei/zr/rocm-libraries-rocm-7.2.2/projects/rocfft/library/src/include/../device/kernels/callback.h:52:1: warning: void function is missing a return statement [-Wreturn-type]
}
^
/public/home/zhangkewei/zr/rocm-libraries-rocm-7.2.2/projects/rocfft/library/src/include/../device/kernels/callback.h:108:58: note: in instantiation of function template specialization 'store_cb_default<rocfft_complex<double>>' requested here
static __device__ auto store_cb_default_complex_double = store_cb_default<rocfft_complex<double>>;
                                                         ^
/public/home/zhangkewei/zr/rocm-libraries-rocm-7.2.2/projects/rocfft/library/src/include/../device/kernels/callback.h:52:1: warning: void function is missing a return statement [-Wreturn-type]
}
^
/public/home/zhangkewei/zr/rocm-libraries-rocm-7.2.2/projects/rocfft/library/src/include/../device/kernels/callback.h:119:48: note: in instantiation of function template specialization 'store_cb_default<_Float16>' requested here
static __device__ auto store_cb_default_half = store_cb_default<rocfft_fp16>;
                                               ^
/public/home/zhangkewei/zr/rocm-libraries-rocm-7.2.2/projects/rocfft/library/src/include/../device/kernels/callback.h:52:1: warning: void function is missing a return statement [-Wreturn-type]
}
^
/public/home/zhangkewei/zr/rocm-libraries-rocm-7.2.2/projects/rocfft/library/src/include/../device/kernels/callback.h:129:49: note: in instantiation of function template specialization 'store_cb_default<float>' requested here
static __device__ auto store_cb_default_float = store_cb_default<float>;
                                                ^
/public/home/zhangkewei/zr/rocm-libraries-rocm-7.2.2/projects/rocfft/library/src/include/../device/kernels/callback.h:52:1: warning: void function is missing a return statement [-Wreturn-type]
}
^
/public/home/zhangkewei/zr/rocm-libraries-rocm-7.2.2/projects/rocfft/library/src/include/../device/kernels/callback.h:140:50: note: in instantiation of function template specialization 'store_cb_default<double>' requested here
/public/home/zhangkewei/zr/rocm-libraries-rocm-7.2.2/projects/rocfft/library/src/include/../device/kernels/callback.h:52:1: warning: void function is missing a return statement [-Wreturn-type]
}
^
/public/home/zhangkewei/zr/rocm-libraries-rocm-7.2.2/projects/rocfft/library/src/include/../device/kernels/callback.h:91:57: note: in instantiation of function template specialization 'store_cb_default<rocfft_complex<float>>' requested here
static __device__ auto store_cb_default_complex_float = store_cb_default<rocfft_complex<float>>;
                                                        ^
/public/home/zhangkewei/zr/rocm-libraries-rocm-7.2.2/projects/rocfft/library/src/include/../device/kernels/callback.h:52:1: warning: void function is missing a return statement [-Wreturn-type]
}
^
/public/home/zhangkewei/zr/rocm-libraries-rocm-7.2.2/projects/rocfft/library/src/include/../device/kernels/callback.h:108:58: note: in instantiation of function template specialization 'store_cb_default<rocfft_complex<double>>' requested here
static __device__ auto store_cb_default_complex_double = store_cb_default<rocfft_complex<double>>;
                                                         ^
/public/home/zhangkewei/zr/rocm-libraries-rocm-7.2.2/projects/rocfft/library/src/include/../device/kernels/callback.h:52:1: warning: void function is missing a return statement [-Wreturn-type]
}
^
/public/home/zhangkewei/zr/rocm-libraries-rocm-7.2.2/projects/rocfft/library/src/include/../device/kernels/callback.h:119:48: note: in instantiation of function template specialization 'store_cb_default<_Float16>' requested here
static __device__ auto store_cb_default_half = store_cb_default<rocfft_fp16>;
                                               ^
/public/home/zhangkewei/zr/rocm-libraries-rocm-7.2.2/projects/rocfft/library/src/include/../device/kernels/callback.h:52:1: warning: void function is missing a return statement [-Wreturn-type]
}
^
/public/home/zhangkewei/zr/rocm-libraries-rocm-7.2.2/projects/rocfft/library/src/include/../device/kernels/callback.h:129:49: note: in instantiation of function template specialization 'store_cb_default<float>' requested here
static __device__ auto store_cb_default_float = store_cb_default<float>;
                                                ^
static __device__ auto store_cb_default_double = store_cb_default<double>;
                                                 ^
/public/home/zhangkewei/zr/rocm-libraries-rocm-7.2.2/projects/rocfft/library/src/include/../device/kernels/callback.h:52:1: warning: void function is missing a return statement [-Wreturn-type]
}
^
/public/home/zhangkewei/zr/rocm-libraries-rocm-7.2.2/projects/rocfft/library/src/include/../device/kernels/callback.h:140:50: note: in instantiation of function template specialization 'store_cb_default<double>' requested here
static __device__ auto store_cb_default_double = store_cb_default<double>;
                                                 ^
In file included from /public/home/zhangkewei/zr/rocm-libraries-rocm-7.2.2/projects/rocfft/library/src/rtc_stockham_gen.cpp:24:
In file included from /public/home/zhangkewei/zr/rocm-libraries-rocm-7.2.2/projects/rocfft/library/src/include/rtc_stockham_gen.h:30:
In file included from /public/home/zhangkewei/zr/rocm-libraries-rocm-7.2.2/projects/rocfft/library/src/include/rtc_kernel.h:34:
/public/home/zhangkewei/zr/rocm-libraries-rocm-7.2.2/projects/rocfft/library/src/include/../device/kernels/callback.h:52:1: warning: void function is missing a return statement [-Wreturn-type]
}
^
/public/home/zhangkewei/zr/rocm-libraries-rocm-7.2.2/projects/rocfft/library/src/include/../device/kernels/callback.h:74:7: note: in instantiation of function template specialization 'store_cb_default<rocfft_complex<_Float16>>' requested here
    = store_cb_default<rocfft_complex<rocfft_fp16>>;
      ^
/public/home/zhangkewei/zr/rocm-libraries-rocm-7.2.2/projects/rocfft/library/src/include/../device/kernels/callback.h:52:1: warning: void function is missing a return statement [-Wreturn-type]
}
^
/public/home/zhangkewei/zr/rocm-libraries-rocm-7.2.2/projects/rocfft/library/src/include/../device/kernels/callback.h:91:57: note: in instantiation of function template specialization 'store_cb_default<rocfft_complex<float>>' requested here
static __device__ auto store_cb_default_complex_float = store_cb_default<rocfft_complex<float>>;
                                                        ^
/public/home/zhangkewei/zr/rocm-libraries-rocm-7.2.2/projects/rocfft/library/src/include/../device/kernels/callback.h:52:1: warning: void function is missing a return statement [-Wreturn-type]
}
^
/public/home/zhangkewei/zr/rocm-libraries-rocm-7.2.2/projects/rocfft/library/src/include/../device/kernels/callback.h:108:58: note: in instantiation of function template specialization 'store_cb_default<rocfft_complex<double>>' requested here
static __device__ auto store_cb_default_complex_double = store_cb_default<rocfft_complex<double>>;
                                                         ^
/public/home/zhangkewei/zr/rocm-libraries-rocm-7.2.2/projects/rocfft/library/src/include/../device/kernels/callback.h:52:1: warning: void function is missing a return statement [-Wreturn-type]
}
^
/public/home/zhangkewei/zr/rocm-libraries-rocm-7.2.2/projects/rocfft/library/src/include/../device/kernels/callback.h:119:48: note: in instantiation of function template specialization 'store_cb_default<_Float16>' requested here
static __device__ auto store_cb_default_half = store_cb_default<rocfft_fp16>;
                                               ^
/public/home/zhangkewei/zr/rocm-libraries-rocm-7.2.2/projects/rocfft/library/src/include/../device/kernels/callback.h:52:1: warning: void function is missing a return statement [-Wreturn-type]
}
^
/public/home/zhangkewei/zr/rocm-libraries-rocm-7.2.2/projects/rocfft/library/src/include/../device/kernels/callback.h:129:49: note: in instantiation of function template specialization 'store_cb_default<float>' requested here
static __device__ auto store_cb_default_float = store_cb_default<float>;
                                                ^
/public/home/zhangkewei/zr/rocm-libraries-rocm-7.2.2/projects/rocfft/library/src/include/../device/kernels/callback.h:52:1: warning: void function is missing a return statement [-Wreturn-type]
}
^
/public/home/zhangkewei/zr/rocm-libraries-rocm-7.2.2/projects/rocfft/library/src/include/../device/kernels/callback.h:140:50: note: in instantiation of function template specialization 'store_cb_default<double>' requested here
static __device__ auto store_cb_default_double = store_cb_default<double>;
                                                 ^
19 warnings generated when compiling for gfx926.
19 warnings generated when compiling for gfx928.
19 warnings generated when compiling for gfx906.
In file included from /public/home/zhangkewei/zr/rocm-libraries-rocm-7.2.2/projects/rocfft/library/src/rtc_stockham_gen.cpp:24:
In file included from /public/home/zhangkewei/zr/rocm-libraries-rocm-7.2.2/projects/rocfft/library/src/include/rtc_stockham_gen.h:30:
/public/home/zhangkewei/zr/rocm-libraries-rocm-7.2.2/projects/rocfft/library/src/include/rtc_kernel.h:50:5: warning: void function is missing a return statement [-Wreturn-type]
    }
    ^
/public/home/zhangkewei/zr/rocm-libraries-rocm-7.2.2/projects/rocfft/library/src/include/rtc_kernel.h:54:5: warning: void function is missing a return statement [-Wreturn-type]
    }
    ^
/public/home/zhangkewei/zr/rocm-libraries-rocm-7.2.2/projects/rocfft/library/src/include/rtc_kernel.h:58:5: warning: void function is missing a return statement [-Wreturn-type]
    }
    ^
/public/home/zhangkewei/zr/rocm-libraries-rocm-7.2.2/projects/rocfft/library/src/include/rtc_kernel.h:62:5: warning: void function is missing a return statement [-Wreturn-type]
    }
    ^
/public/home/zhangkewei/zr/rocm-libraries-rocm-7.2.2/projects/rocfft/library/src/include/rtc_kernel.h:66:5: warning: void function is missing a return statement [-Wreturn-type]
    }
    ^
/public/home/zhangkewei/zr/rocm-libraries-rocm-7.2.2/projects/rocfft/library/src/include/rtc_kernel.h:70:5: warning: void function is missing a return statement [-Wreturn-type]
    }
    ^
/public/home/zhangkewei/zr/rocm-libraries-rocm-7.2.2/projects/rocfft/library/src/include/rtc_kernel.h:74:5: warning: void function is missing a return statement [-Wreturn-type]
    }
    ^
/public/home/zhangkewei/zr/rocm-libraries-rocm-7.2.2/projects/rocfft/library/src/include/rtc_kernel.h:102:5: warning: void function is missing a return statement [-Wreturn-type]
    }
    ^
In file included from /public/home/zhangkewei/zr/rocm-libraries-rocm-7.2.2/projects/rocfft/library/src/rtc_stockham_gen.cpp:29:
/public/home/zhangkewei/zr/rocm-libraries-rocm-7.2.2/projects/rocfft/library/src/device/generator/bluestein_generator.h:736:5: warning: void function is missing a return statement [-Wreturn-type]
    }
    ^
/public/home/zhangkewei/zr/rocm-libraries-rocm-7.2.2/projects/rocfft/library/src/device/generator/bluestein_generator.h:750:5: warning: void function is missing a return statement [-Wreturn-type]
    }
    ^
In file included from /public/home/zhangkewei/zr/rocm-libraries-rocm-7.2.2/projects/rocfft/library/src/rtc_stockham_gen.cpp:32:
/public/home/zhangkewei/zr/rocm-libraries-rocm-7.2.2/projects/rocfft/library/src/device/generator/stockham_gen_base.h:770:5: warning: void function is missing a return statement [-Wreturn-type]
    }
    ^
In file included from /public/home/zhangkewei/zr/rocm-libraries-rocm-7.2.2/projects/rocfft/library/src/rtc_stockham_gen.cpp:39:
/public/home/zhangkewei/zr/rocm-libraries-rocm-7.2.2/projects/rocfft/library/src/device/generator/stockham_pp_gen_rr.h:444:5: warning: void function is missing a return statement [-Wreturn-type]
    }
    ^
In file included from /public/home/zhangkewei/zr/rocm-libraries-rocm-7.2.2/projects/rocfft/library/src/rtc_stockham_gen.cpp:43:
/public/home/zhangkewei/zr/rocm-libraries-rocm-7.2.2/projects/rocfft/library/src/device/kernel-generator-embed.h:90:1: warning: void function is missing a return statement [-Wreturn-type]
}
^
In file included from /public/home/zhangkewei/zr/rocm-libraries-rocm-7.2.2/projects/rocfft/library/src/rtc_stockham_gen.cpp:24:
In file included from /public/home/zhangkewei/zr/rocm-libraries-rocm-7.2.2/projects/rocfft/library/src/include/rtc_stockham_gen.h:30:
In file included from /public/home/zhangkewei/zr/rocm-libraries-rocm-7.2.2/projects/rocfft/library/src/include/rtc_kernel.h:34:
/public/home/zhangkewei/zr/rocm-libraries-rocm-7.2.2/projects/rocfft/library/src/include/../device/kernels/callback.h:52:1: warning: void function is missing a return statement [-Wreturn-type]
}
^
/public/home/zhangkewei/zr/rocm-libraries-rocm-7.2.2/projects/rocfft/library/src/include/../device/kernels/callback.h:74:7: note: in instantiation of function template specialization 'store_cb_default<rocfft_complex<_Float16>>' requested here
    = store_cb_default<rocfft_complex<rocfft_fp16>>;
      ^
/public/home/zhangkewei/zr/rocm-libraries-rocm-7.2.2/projects/rocfft/library/src/include/../device/kernels/callback.h:52:1: warning: void function is missing a return statement [-Wreturn-type]
}
^
/public/home/zhangkewei/zr/rocm-libraries-rocm-7.2.2/projects/rocfft/library/src/include/../device/kernels/callback.h:91:57: note: in instantiation of function template specialization 'store_cb_default<rocfft_complex<float>>' requested here
static __device__ auto store_cb_default_complex_float = store_cb_default<rocfft_complex<float>>;
                                                        ^
/public/home/zhangkewei/zr/rocm-libraries-rocm-7.2.2/projects/rocfft/library/src/include/../device/kernels/callback.h:52:1: warning: void function is missing a return statement [-Wreturn-type]
}
^
/public/home/zhangkewei/zr/rocm-libraries-rocm-7.2.2/projects/rocfft/library/src/include/../device/kernels/callback.h:108:58: note: in instantiation of function template specialization 'store_cb_default<rocfft_complex<double>>' requested here
static __device__ auto store_cb_default_complex_double = store_cb_default<rocfft_complex<double>>;
                                                         ^
/public/home/zhangkewei/zr/rocm-libraries-rocm-7.2.2/projects/rocfft/library/src/include/../device/kernels/callback.h:52:1: warning: void function is missing a return statement [-Wreturn-type]
}
^
/public/home/zhangkewei/zr/rocm-libraries-rocm-7.2.2/projects/rocfft/library/src/include/../device/kernels/callback.h:119:48: note: in instantiation of function template specialization 'store_cb_default<_Float16>' requested here
static __device__ auto store_cb_default_half = store_cb_default<rocfft_fp16>;
                                               ^
/public/home/zhangkewei/zr/rocm-libraries-rocm-7.2.2/projects/rocfft/library/src/include/../device/kernels/callback.h:52:1: warning: void function is missing a return statement [-Wreturn-type]
}
^
/public/home/zhangkewei/zr/rocm-libraries-rocm-7.2.2/projects/rocfft/library/src/include/../device/kernels/callback.h:129:49: note: in instantiation of function template specialization 'store_cb_default<float>' requested here
static __device__ auto store_cb_default_float = store_cb_default<float>;
                                                ^
/public/home/zhangkewei/zr/rocm-libraries-rocm-7.2.2/projects/rocfft/library/src/include/../device/kernels/callback.h:52:1: warning: void function is missing a return statement [-Wreturn-type]
}
^
/public/home/zhangkewei/zr/rocm-libraries-rocm-7.2.2/projects/rocfft/library/src/include/../device/kernels/callback.h:140:50: note: in instantiation of function template specialization 'store_cb_default<double>' requested here
static __device__ auto store_cb_default_double = store_cb_default<double>;
                                                 ^
19 warnings generated when compiling for gfx936.
In file included from /public/home/zhangkewei/zr/rocm-libraries-rocm-7.2.2/projects/rocfft/library/src/rtc_stockham_gen.cpp:24:
In file included from /public/home/zhangkewei/zr/rocm-libraries-rocm-7.2.2/projects/rocfft/library/src/include/rtc_stockham_gen.h:30:
/public/home/zhangkewei/zr/rocm-libraries-rocm-7.2.2/projects/rocfft/library/src/include/rtc_kernel.h:50:5: warning: void function is missing a return statement [-Wreturn-type]
    }
    ^
/public/home/zhangkewei/zr/rocm-libraries-rocm-7.2.2/projects/rocfft/library/src/include/rtc_kernel.h:54:5: warning: void function is missing a return statement [-Wreturn-type]
    }
    ^
/public/home/zhangkewei/zr/rocm-libraries-rocm-7.2.2/projects/rocfft/library/src/include/rtc_kernel.h:58:5: warning: void function is missing a return statement [-Wreturn-type]
    }
    ^
/public/home/zhangkewei/zr/rocm-libraries-rocm-7.2.2/projects/rocfft/library/src/include/rtc_kernel.h:62:5: warning: void function is missing a return statement [-Wreturn-type]
    }
    ^
/public/home/zhangkewei/zr/rocm-libraries-rocm-7.2.2/projects/rocfft/library/src/include/rtc_kernel.h:66:5: warning: void function is missing a return statement [-Wreturn-type]
    }
    ^
/public/home/zhangkewei/zr/rocm-libraries-rocm-7.2.2/projects/rocfft/library/src/include/rtc_kernel.h:70:5: warning: void function is missing a return statement [-Wreturn-type]
    }
    ^
/public/home/zhangkewei/zr/rocm-libraries-rocm-7.2.2/projects/rocfft/library/src/include/rtc_kernel.h:74:5: warning: void function is missing a return statement [-Wreturn-type]
    }
    ^
/public/home/zhangkewei/zr/rocm-libraries-rocm-7.2.2/projects/rocfft/library/src/include/rtc_kernel.h:102:5: warning: void function is missing a return statement [-Wreturn-type]
    }
    ^
In file included from /public/home/zhangkewei/zr/rocm-libraries-rocm-7.2.2/projects/rocfft/library/src/rtc_stockham_gen.cpp:29:
/public/home/zhangkewei/zr/rocm-libraries-rocm-7.2.2/projects/rocfft/library/src/device/generator/bluestein_generator.h:736:5: warning: void function is missing a return statement [-Wreturn-type]
    }
    ^
/public/home/zhangkewei/zr/rocm-libraries-rocm-7.2.2/projects/rocfft/library/src/device/generator/bluestein_generator.h:750:5: warning: void function is missing a return statement [-Wreturn-type]
    }
    ^
In file included from /public/home/zhangkewei/zr/rocm-libraries-rocm-7.2.2/projects/rocfft/library/src/rtc_stockham_gen.cpp:32:
/public/home/zhangkewei/zr/rocm-libraries-rocm-7.2.2/projects/rocfft/library/src/device/generator/stockham_gen_base.h:770:5: warning: void function is missing a return statement [-Wreturn-type]
    }
    ^
In file included from /public/home/zhangkewei/zr/rocm-libraries-rocm-7.2.2/projects/rocfft/library/src/rtc_stockham_gen.cpp:39:
/public/home/zhangkewei/zr/rocm-libraries-rocm-7.2.2/projects/rocfft/library/src/device/generator/stockham_pp_gen_rr.h:444:5: warning: void function is missing a return statement [-Wreturn-type]
    }
    ^
In file included from /public/home/zhangkewei/zr/rocm-libraries-rocm-7.2.2/projects/rocfft/library/src/rtc_stockham_gen.cpp:43:
/public/home/zhangkewei/zr/rocm-libraries-rocm-7.2.2/projects/rocfft/library/src/device/kernel-generator-embed.h:90:1: warning: void function is missing a return statement [-Wreturn-type]
}
^
In file included from /public/home/zhangkewei/zr/rocm-libraries-rocm-7.2.2/projects/rocfft/library/src/rtc_stockham_gen.cpp:24:
In file included from /public/home/zhangkewei/zr/rocm-libraries-rocm-7.2.2/projects/rocfft/library/src/include/rtc_stockham_gen.h:30:
In file included from /public/home/zhangkewei/zr/rocm-libraries-rocm-7.2.2/projects/rocfft/library/src/include/rtc_kernel.h:34:
/public/home/zhangkewei/zr/rocm-libraries-rocm-7.2.2/projects/rocfft/library/src/include/../device/kernels/callback.h:52:1: warning: void function is missing a return statement [-Wreturn-type]
}
^
/public/home/zhangkewei/zr/rocm-libraries-rocm-7.2.2/projects/rocfft/library/src/include/../device/kernels/callback.h:74:7: note: in instantiation of function template specialization 'store_cb_default<rocfft_complex<_Float16>>' requested here
    = store_cb_default<rocfft_complex<rocfft_fp16>>;
      ^
/public/home/zhangkewei/zr/rocm-libraries-rocm-7.2.2/projects/rocfft/library/src/include/../device/kernels/callback.h:52:1: warning: void function is missing a return statement [-Wreturn-type]
}
^
/public/home/zhangkewei/zr/rocm-libraries-rocm-7.2.2/projects/rocfft/library/src/include/../device/kernels/callback.h:91:57: note: in instantiation of function template specialization 'store_cb_default<rocfft_complex<float>>' requested here
static __device__ auto store_cb_default_complex_float = store_cb_default<rocfft_complex<float>>;
                                                        ^
/public/home/zhangkewei/zr/rocm-libraries-rocm-7.2.2/projects/rocfft/library/src/include/../device/kernels/callback.h:52:1: warning: void function is missing a return statement [-Wreturn-type]
}
^
/public/home/zhangkewei/zr/rocm-libraries-rocm-7.2.2/projects/rocfft/library/src/include/../device/kernels/callback.h:108:58: note: in instantiation of function template specialization 'store_cb_default<rocfft_complex<double>>' requested here
static __device__ auto store_cb_default_complex_double = store_cb_default<rocfft_complex<double>>;
                                                         ^
/public/home/zhangkewei/zr/rocm-libraries-rocm-7.2.2/projects/rocfft/library/src/include/../device/kernels/callback.h:52:1: warning: void function is missing a return statement [-Wreturn-type]
}
^
/public/home/zhangkewei/zr/rocm-libraries-rocm-7.2.2/projects/rocfft/library/src/include/../device/kernels/callback.h:119:48: note: in instantiation of function template specialization 'store_cb_default<_Float16>' requested here
static __device__ auto store_cb_default_half = store_cb_default<rocfft_fp16>;
                                               ^
/public/home/zhangkewei/zr/rocm-libraries-rocm-7.2.2/projects/rocfft/library/src/include/../device/kernels/callback.h:52:1: warning: void function is missing a return statement [-Wreturn-type]
}
^
/public/home/zhangkewei/zr/rocm-libraries-rocm-7.2.2/projects/rocfft/library/src/include/../device/kernels/callback.h:129:49: note: in instantiation of function template specialization 'store_cb_default<float>' requested here
static __device__ auto store_cb_default_float = store_cb_default<float>;
                                                ^
/public/home/zhangkewei/zr/rocm-libraries-rocm-7.2.2/projects/rocfft/library/src/include/../device/kernels/callback.h:52:1: warning: void function is missing a return statement [-Wreturn-type]
}
^
/public/home/zhangkewei/zr/rocm-libraries-rocm-7.2.2/projects/rocfft/library/src/include/../device/kernels/callback.h:140:50: note: in instantiation of function template specialization 'store_cb_default<double>' requested here
static __device__ auto store_cb_default_double = store_cb_default<double>;
                                                 ^
19 warnings generated when compiling for host.
In file included from /public/home/zhangkewei/zr/rocm-libraries-rocm-7.2.2/projects/rocfft/library/src/rtc_transpose_gen.cpp:21:
In file included from /public/home/zhangkewei/zr/rocm-libraries-rocm-7.2.2/projects/rocfft/library/src/include/rtc_transpose_gen.h:26:
/public/home/zhangkewei/zr/rocm-libraries-rocm-7.2.2/projects/rocfft/library/src/include/rtc_kernel.h:50:5: warning: void function is missing a return statement [-Wreturn-type]
    }
    ^
/public/home/zhangkewei/zr/rocm-libraries-rocm-7.2.2/projects/rocfft/library/src/include/rtc_kernel.h:54:5: warning: void function is missing a return statement [-Wreturn-type]
    }
    ^
/public/home/zhangkewei/zr/rocm-libraries-rocm-7.2.2/projects/rocfft/library/src/include/rtc_kernel.h:58:5: warning: void function is missing a return statement [-Wreturn-type]
    }
    ^
/public/home/zhangkewei/zr/rocm-libraries-rocm-7.2.2/projects/rocfft/library/src/include/rtc_kernel.h:62:5: warning: void function is missing a return statement [-Wreturn-type]
    }
    ^
/public/home/zhangkewei/zr/rocm-libraries-rocm-7.2.2/projects/rocfft/library/src/include/rtc_kernel.h:66:5: warning: void function is missing a return statement [-Wreturn-type]
    }
    ^
/public/home/zhangkewei/zr/rocm-libraries-rocm-7.2.2/projects/rocfft/library/src/include/rtc_kernel.h:70:5: warning: void function is missing a return statement [-Wreturn-type]
    }
    ^
/public/home/zhangkewei/zr/rocm-libraries-rocm-7.2.2/projects/rocfft/library/src/include/rtc_kernel.h:74:5In file included from /public/home/zhangkewei/zr/rocm-libraries-rocm-7.2.2/projects/rocfft/library/src/rtc_transpose_gen.cpp:21:
In file included from /public/home/zhangkewei/zr/rocm-libraries-rocm-7.2.2/projects/rocfft/library/src/include/rtc_transpose_gen.h:26:
/public/home/zhangkewei/zr/rocm-libraries-rocm-7.2.2/projects/rocfft/library/src/include/rtc_kernel.h:50:5: warning: void function is missing a return statement [-Wreturn-type]
    }
    ^
/public/home/zhangkewei/zr/rocm-libraries-rocm-7.2.2/projects/rocfft/library/src/include/rtc_kernel.h:54:5: warning: void function is missing a return statement [-Wreturn-type]
    }
    ^
/public/home/zhangkewei/zr/rocm-libraries-rocm-7.2.2/projects/rocfft/library/src/include/rtc_kernel.h:58:5: warning: void function is missing a return statement [-Wreturn-type]
    }
    ^
/public/home/zhangkewei/zr/rocm-libraries-rocm-7.2.2/projects/rocfft/library/src/include/rtc_kernel.h:62:5: warning: void function is missing a return statement [-Wreturn-type]
    }
    ^
/public/home/zhangkewei/zr/rocm-libraries-rocm-7.2.2/projects/rocfft/library/src/include/rtc_kernel.h:66:5: warning: void function is missing a return statement [-Wreturn-type]
    }
    ^
/public/home/zhangkewei/zr/rocm-libraries-rocm-7.2.2/projects/rocfft/library/src/include/rtc_kernel.h:70:5: warning: void function is missing a return statement [-Wreturn-type]
    }
    ^
/public/home/zhangkewei/zr/rocm-libraries-rocm-7.2.2/projects/rocfft/library/src/include/rtc_kernel.h:74:5: warning: void function is missing a return statement [-Wreturn-type]
    }
    ^
: warning: void function is missing a return statement [-Wreturn-type]
    }
    ^
/public/home/zhangkewei/zr/rocm-libraries-rocm-7.2.2/projects/rocfft/library/src/include/rtc_kernel.h:102:5: warning: void function is missing a return statement [-Wreturn-type]
    }
    ^
/public/home/zhangkewei/zr/rocm-libraries-rocm-7.2.2/projects/rocfft/library/src/include/rtc_kernel.h:102:5: warning: void function is missing a return statement [-Wreturn-type]
    }
    ^
In file included from /public/home/zhangkewei/zr/rocm-libraries-rocm-7.2.2/projects/rocfft/library/src/rtc_transpose_gen.cpp:21:
In file included from /public/home/zhangkewei/zr/rocm-libraries-rocm-7.2.2/projects/rocfft/library/src/include/rtc_transpose_gen.h:26:
/public/home/zhangkewei/zr/rocm-libraries-rocm-7.2.2/projects/rocfft/library/src/include/rtc_kernel.h:50:5: warning: void function is missing a return statement [-Wreturn-type]
    }
    ^
/public/home/zhangkewei/zr/rocm-libraries-rocm-7.2.2/projects/rocfft/library/src/include/rtc_kernel.h:54:5: warning: void function is missing a return statement [-Wreturn-type]
    }
    ^
/public/home/zhangkewei/zr/rocm-libraries-rocm-7.2.2/projects/rocfft/library/src/include/rtc_kernel.h:58:5: warning: void function is missing a return statement [-Wreturn-type]
    }
    ^
/public/home/zhangkewei/zr/rocm-libraries-rocm-7.2.2/projects/rocfft/library/src/include/rtc_kernel.h:62:5: warning: void function is missing a return statement [-Wreturn-type]
    }
    ^
/public/home/zhangkewei/zr/rocm-libraries-rocm-7.2.2/projects/rocfft/library/src/include/rtc_kernel.h:66:5: warning: void function is missing a return statement [-Wreturn-type]
    }
    ^
/public/home/zhangkewei/zr/rocm-libraries-rocm-7.2.2/projects/rocfft/library/src/include/rtc_kernel.h:70:5: warning: void function is missing a return statement [-Wreturn-type]
    }
    ^
/public/home/zhangkewei/zr/rocm-libraries-rocm-7.2.2/projects/rocfft/library/src/include/rtc_kernel.h:74:5: warning: void function is missing a return statement [-Wreturn-type]
    }
    ^
/public/home/zhangkewei/zr/rocm-libraries-rocm-7.2.2/projects/rocfft/library/src/include/rtc_kernel.h:102:5: warning: void function is missing a return statement [-Wreturn-type]
    }
    ^
In file included from /public/home/zhangkewei/zr/rocm-libraries-rocm-7.2.2/projects/rocfft/library/src/rtc_transpose_gen.cpp:26:
/public/home/zhangkewei/zr/rocm-libraries-rocm-7.2.2/projects/rocfft/library/src/device/kernel-generator-embed.h:90:1: warning: void function is missing a return statement [-Wreturn-type]
}
^
In file included from /public/home/zhangkewei/zr/rocm-libraries-rocm-7.2.2/projects/rocfft/library/src/rtc_transpose_gen.cpp:26:
/public/home/zhangkewei/zr/rocm-libraries-rocm-7.2.2/projects/rocfft/library/src/device/kernel-generator-embed.h:90:1: warning: void function is missing a return statement [-Wreturn-type]
}
^
In file included from /public/home/zhangkewei/zr/rocm-libraries-rocm-7.2.2/projects/rocfft/library/src/rtc_transpose_gen.cpp:26:
/public/home/zhangkewei/zr/rocm-libraries-rocm-7.2.2/projects/rocfft/library/src/device/kernel-generator-embed.h:90:1: warning: void function is missing a return statement [-Wreturn-type]
}
^
In file included from /public/home/zhangkewei/zr/rocm-libraries-rocm-7.2.2/projects/rocfft/library/src/rtc_transpose_gen.cpp:21:
In file included from /public/home/zhangkewei/zr/rocm-libraries-rocm-7.2.2/projects/rocfft/library/src/include/rtc_transpose_gen.h:26:
In file included from /public/home/zhangkewei/zr/rocm-libraries-rocm-7.2.2/projects/rocfft/library/src/include/rtc_kernel.h:34:
/public/home/zhangkewei/zr/rocm-libraries-rocm-7.2.2/projects/rocfft/library/src/include/../device/kernels/callback.h:52:1: warning: void function is missing a return statement [-Wreturn-type]
}
^
/public/home/zhangkewei/zr/rocm-libraries-rocm-7.2.2/projects/rocfft/library/src/include/../device/kernels/callback.h:74:7: note: in instantiation of function template specialization 'store_cb_default<rocfft_complex<_Float16>>' requested here
    = store_cb_default<rocfft_complex<rocfft_fp16>>;
      ^
/public/home/zhangkewei/zr/rocm-libraries-rocm-7.2.2/projects/rocfft/library/src/include/../device/kernels/callback.h:52:1: warning: void function is missing a return statement [-Wreturn-type]
}
^
/public/home/zhangkewei/zr/rocm-libraries-rocm-7.2.2/projects/rocfft/library/src/include/../device/kernels/callback.h:91:57: note: in instantiation of function template specialization 'store_cb_default<rocfft_complex<float>>' requested here
static __device__ auto store_cb_default_complex_float = store_cb_default<rocfft_complex<float>>;
                                                        ^
In file included from /public/home/zhangkewei/zr/rocm-libraries-rocm-7.2.2/projects/rocfft/library/src/rtc_transpose_gen.cpp:21:
In file included from /public/home/zhangkewei/zr/rocm-libraries-rocm-7.2.2/projects/rocfft/library/src/include/rtc_transpose_gen.h:26:
In file included from /public/home/zhangkewei/zr/rocm-libraries-rocm-7.2.2/projects/rocfft/library/src/include/rtc_kernel.h:34:
/public/home/zhangkewei/zr/rocm-libraries-rocm-7.2.2/projects/rocfft/library/src/include/../device/kernels/callback.h:52:1: warning: void function is missing a return statement [-Wreturn-type]
}
^
/public/home/zhangkewei/zr/rocm-libraries-rocm-7.2.2/projects/rocfft/library/src/include/../device/kernels/callback.h:74:7: note: in instantiation of function template specialization 'store_cb_default<rocfft_complex<_Float16>>' requested here
    = store_cb_default<rocfft_complex<rocfft_fp16>>;
      ^
/public/home/zhangkewei/zr/rocm-libraries-rocm-7.2.2/projects/rocfft/library/src/include/../device/kernels/callback.h:52:1: warning: void function is missing a return statement [-Wreturn-type]
}
^
/public/home/zhangkewei/zr/rocm-libraries-rocm-7.2.2/projects/rocfft/library/src/include/../device/kernels/callback.h:91:57: note: in instantiation of function template specialization 'store_cb_default<rocfft_complex<float>>' requested here
static __device__ auto store_cb_default_complex_float = store_cb_default<rocfft_complex<float>>;
                                                        ^
/public/home/zhangkewei/zr/rocm-libraries-rocm-7.2.2/projects/rocfft/library/src/include/../device/kernels/callback.h:52:1: warning: void function is missing a return statement [-Wreturn-type]
}
^
/public/home/zhangkewei/zr/rocm-libraries-rocm-7.2.2/projects/rocfft/library/src/include/../device/kernels/callback.h:108:58: note: in instantiation of function template specialization 'store_cb_default<rocfft_complex<double>>' requested here
static __device__ auto store_cb_default_complex_double = store_cb_default<rocfft_complex<double>>;
                                                         ^
/public/home/zhangkewei/zr/rocm-libraries-rocm-7.2.2/projects/rocfft/library/src/include/../device/kernels/callback.h:52:1: warning: void function is missing a return statement [-Wreturn-type]
}
^
/public/home/zhangkewei/zr/rocm-libraries-rocm-7.2.2/projects/rocfft/library/src/include/../device/kernels/callback.h:119:48: note: in instantiation of function template specialization 'store_cb_default<_Float16>' requested here
static __device__ auto store_cb_default_half = store_cb_default<rocfft_fp16>;
                                               ^
/public/home/zhangkewei/zr/rocm-libraries-rocm-7.2.2/projects/rocfft/library/src/include/../device/kernels/callback.h:52:1: warning: void function is missing a return statement [-Wreturn-type]
}
^
/public/home/zhangkewei/zr/rocm-libraries-rocm-7.2.2/projects/rocfft/library/src/include/../device/kernels/callback.h:129:49: note: in instantiation of function template specialization 'store_cb_default<float>' requested here
static __device__ auto store_cb_default_float = store_cb_default<float>;
                                                ^
/public/home/zhangkewei/zr/rocm-libraries-rocm-7.2.2/projects/rocfft/library/src/include/../device/kernels/callback.h:52:1: warning: void function is missing a return statement [-Wreturn-type]
}
^
/public/home/zhangkewei/zr/rocm-libraries-rocm-7.2.2/projects/rocfft/library/src/include/../device/kernels/callback.h:140:50: note: in instantiation of function template specialization 'store_cb_default<double>' requested here
static __device__ auto store_cb_default_double = store_cb_default<double>;
                                                 ^
/public/home/zhangkewei/zr/rocm-libraries-rocm-7.2.2/projects/rocfft/library/src/include/../device/kernels/callback.h:52:1: warning: void function is missing a return statement [-Wreturn-type]
}
^
/public/home/zhangkewei/zr/rocm-libraries-rocm-7.2.2/projects/rocfft/library/src/include/../device/kernels/callback.h:108:58: note: in instantiation of function template specialization 'store_cb_default<rocfft_complex<double>>' requested here
static __device__ auto store_cb_default_complex_double = store_cb_default<rocfft_complex<double>>;
                                                         ^
/public/home/zhangkewei/zr/rocm-libraries-rocm-7.2.2/projects/rocfft/library/src/include/../device/kernels/callback.h:52:1: warning: void function is missing a return statement [-Wreturn-type]
}
^
/public/home/zhangkewei/zr/rocm-libraries-rocm-7.2.2/projects/rocfft/library/src/include/../device/kernels/callback.h:119:48: note: in instantiation of function template specialization 'store_cb_default<_Float16>' requested here
static __device__ auto store_cb_default_half = store_cb_default<rocfft_fp16>;
                                               ^
/public/home/zhangkewei/zr/rocm-libraries-rocm-7.2.2/projects/rocfft/library/src/include/../device/kernels/callback.h:52:1: warning: void function is missing a return statement [-Wreturn-type]
}
^
/public/home/zhangkewei/zr/rocm-libraries-rocm-7.2.2/projects/rocfft/library/src/include/../device/kernels/callback.h:129:49: note: in instantiation of function template specialization 'store_cb_default<float>' requested here
static __device__ auto store_cb_default_float = store_cb_default<float>;
                                                ^
/public/home/zhangkewei/zr/rocm-libraries-rocm-7.2.2/projects/rocfft/library/src/include/../device/kernels/callback.h:52:1: warning: void function is missing a return statement [-Wreturn-type]
}
^
/public/home/zhangkewei/zr/rocm-libraries-rocm-7.2.2/projects/rocfft/library/src/include/../device/kernels/callback.h:140:50: note: in instantiation of function template specialization 'store_cb_default<double>' requested here
static __device__ auto store_cb_default_double = store_cb_default<double>;
                                                 ^
In file included from /public/home/zhangkewei/zr/rocm-libraries-rocm-7.2.2/projects/rocfft/library/src/rtc_transpose_gen.cpp:21:
In file included from /public/home/zhangkewei/zr/rocm-libraries-rocm-7.2.2/projects/rocfft/library/src/include/rtc_transpose_gen.h:26:
In file included from /public/home/zhangkewei/zr/rocm-libraries-rocm-7.2.2/projects/rocfft/library/src/include/rtc_kernel.h:34:
/public/home/zhangkewei/zr/rocm-libraries-rocm-7.2.2/projects/rocfft/library/src/include/../device/kernels/callback.h:52:1: warning: void function is missing a return statement [-Wreturn-type]
}
^
/public/home/zhangkewei/zr/rocm-libraries-rocm-7.2.2/projects/rocfft/library/src/include/../device/kernels/callback.h:74:7: note: in instantiation of function template specialization 'store_cb_default<rocfft_complex<_Float16>>' requested here
    = store_cb_default<rocfft_complex<rocfft_fp16>>;
      ^
/public/home/zhangkewei/zr/rocm-libraries-rocm-7.2.2/projects/rocfft/library/src/include/../device/kernels/callback.h:52:1: warning: void function is missing a return statement [-Wreturn-type]
}
^
/public/home/zhangkewei/zr/rocm-libraries-rocm-7.2.2/projects/rocfft/library/src/include/../device/kernels/callback.h:91:57: note: in instantiation of function template specialization 'store_cb_default<rocfft_complex<float>>' requested here
static __device__ auto store_cb_default_complex_float = store_cb_default<rocfft_complex<float>>;
                                                        ^
/public/home/zhangkewei/zr/rocm-libraries-rocm-7.2.2/projects/rocfft/library/src/include/../device/kernels/callback.h:52:1: warning: void function is missing a return statement [-Wreturn-type]
}
^
/public/home/zhangkewei/zr/rocm-libraries-rocm-7.2.2/projects/rocfft/library/src/include/../device/kernels/callback.h:108:58: note: in instantiation of function template specialization 'store_cb_default<rocfft_complex<double>>' requested here
static __device__ auto store_cb_default_complex_double = store_cb_default<rocfft_complex<double>>;
                                                         ^
/public/home/zhangkewei/zr/rocm-libraries-rocm-7.2.2/projects/rocfft/library/src/include/../device/kernels/callback.h:52:1: warning: void function is missing a return statement [-Wreturn-type]
}
^
/public/home/zhangkewei/zr/rocm-libraries-rocm-7.2.2/projects/rocfft/library/src/include/../device/kernels/callback.h:119:48: note: in instantiation of function template specialization 'store_cb_default<_Float16>' requested here
static __device__ auto store_cb_default_half = store_cb_default<rocfft_fp16>;
                                               ^
/public/home/zhangkewei/zr/rocm-libraries-rocm-7.2.2/projects/rocfft/library/src/include/../device/kernels/callback.h:52:1: warning: void function is missing a return statement [-Wreturn-type]
}
^
/public/home/zhangkewei/zr/rocm-libraries-rocm-7.2.2/projects/rocfft/library/src/include/../device/kernels/callback.h:129:49: note: in instantiation of function template specialization 'store_cb_default<float>' requested here
static __device__ auto store_cb_default_float = store_cb_default<float>;
                                                ^
/public/home/zhangkewei/zr/rocm-libraries-rocm-7.2.2/projects/rocfft/library/src/include/../device/kernels/callback.h:52:1: warning: void function is missing a return statement [-Wreturn-type]
}
^
/public/home/zhangkewei/zr/rocm-libraries-rocm-7.2.2/projects/rocfft/library/src/include/../device/kernels/callback.h:140:50: note: in instantiation of function template specialization 'store_cb_default<double>' requested here
static __device__ auto store_cb_default_double = store_cb_default<double>;
                                                 ^
15 warnings generated when compiling for gfx926.
15 warnings generated when compiling for gfx928.
15 warnings generated when compiling for gfx906.
In file included from /public/home/zhangkewei/zr/rocm-libraries-rocm-7.2.2/projects/rocfft/library/src/rtc_transpose_gen.cpp:21:
In file included from /public/home/zhangkewei/zr/rocm-libraries-rocm-7.2.2/projects/rocfft/library/src/include/rtc_transpose_gen.h:26:
/public/home/zhangkewei/zr/rocm-libraries-rocm-7.2.2/projects/rocfft/library/src/include/rtc_kernel.h:50:5: warning: void function is missing a return statement [-Wreturn-type]
    }
    ^
/public/home/zhangkewei/zr/rocm-libraries-rocm-7.2.2/projects/rocfft/library/src/include/rtc_kernel.h:54:5: warning: void function is missing a return statement [-Wreturn-type]
    }
    ^
/public/home/zhangkewei/zr/rocm-libraries-rocm-7.2.2/projects/rocfft/library/src/include/rtc_kernel.h:58:5: warning: void function is missing a return statement [-Wreturn-type]
    }
    ^
/public/home/zhangkewei/zr/rocm-libraries-rocm-7.2.2/projects/rocfft/library/src/include/rtc_kernel.h:62:5: warning: void function is missing a return statement [-Wreturn-type]
    }
    ^
/public/home/zhangkewei/zr/rocm-libraries-rocm-7.2.2/projects/rocfft/library/src/include/rtc_kernel.h:66:5: warning: void function is missing a return statement [-Wreturn-type]
    }
    ^
/public/home/zhangkewei/zr/rocm-libraries-rocm-7.2.2/projects/rocfft/library/src/include/rtc_kernel.h:70:5: warning: void function is missing a return statement [-Wreturn-type]
    }
    ^
/public/home/zhangkewei/zr/rocm-libraries-rocm-7.2.2/projects/rocfft/library/src/include/rtc_kernel.h:74:5: warning: void function is missing a return statement [-Wreturn-type]
    }
    ^
/public/home/zhangkewei/zr/rocm-libraries-rocm-7.2.2/projects/rocfft/library/src/include/rtc_kernel.h:102:5: warning: void function is missing a return statement [-Wreturn-type]
    }
    ^
In file included from /public/home/zhangkewei/zr/rocm-libraries-rocm-7.2.2/projects/rocfft/library/src/rtc_transpose_gen.cpp:26:
/public/home/zhangkewei/zr/rocm-libraries-rocm-7.2.2/projects/rocfft/library/src/device/kernel-generator-embed.h:90:1: warning: void function is missing a return statement [-Wreturn-type]
}
^
In file included from /public/home/zhangkewei/zr/rocm-libraries-rocm-7.2.2/projects/rocfft/library/src/rtc_transpose_gen.cpp:21:
In file included from /public/home/zhangkewei/zr/rocm-libraries-rocm-7.2.2/projects/rocfft/library/src/include/rtc_transpose_gen.h:26:
In file included from /public/home/zhangkewei/zr/rocm-libraries-rocm-7.2.2/projects/rocfft/library/src/include/rtc_kernel.h:34:
/public/home/zhangkewei/zr/rocm-libraries-rocm-7.2.2/projects/rocfft/library/src/include/../device/kernels/callback.h:52:1: warning: void function is missing a return statement [-Wreturn-type]
}
^
/public/home/zhangkewei/zr/rocm-libraries-rocm-7.2.2/projects/rocfft/library/src/include/../device/kernels/callback.h:74:7: note: in instantiation of function template specialization 'store_cb_default<rocfft_complex<_Float16>>' requested here
    = store_cb_default<rocfft_complex<rocfft_fp16>>;
      ^
/public/home/zhangkewei/zr/rocm-libraries-rocm-7.2.2/projects/rocfft/library/src/include/../device/kernels/callback.h:52:1: warning: void function is missing a return statement [-Wreturn-type]
}
^
/public/home/zhangkewei/zr/rocm-libraries-rocm-7.2.2/projects/rocfft/library/src/include/../device/kernels/callback.h:91:57: note: in instantiation of function template specialization 'store_cb_default<rocfft_complex<float>>' requested here
static __device__ auto store_cb_default_complex_float = store_cb_default<rocfft_complex<float>>;
                                                        ^
/public/home/zhangkewei/zr/rocm-libraries-rocm-7.2.2/projects/rocfft/library/src/include/../device/kernels/callback.h:52:1: warning: void function is missing a return statement [-Wreturn-type]
}
^
/public/home/zhangkewei/zr/rocm-libraries-rocm-7.2.2/projects/rocfft/library/src/include/../device/kernels/callback.h:108:58: note: in instantiation of function template specialization 'store_cb_default<rocfft_complex<double>>' requested here
static __device__ auto store_cb_default_complex_double = store_cb_default<rocfft_complex<double>>;
                                                         ^
/public/home/zhangkewei/zr/rocm-libraries-rocm-7.2.2/projects/rocfft/library/src/include/../device/kernels/callback.h:52:1: warning: void function is missing a return statement [-Wreturn-type]
}
^
/public/home/zhangkewei/zr/rocm-libraries-rocm-7.2.2/projects/rocfft/library/src/include/../device/kernels/callback.h:119:48: note: in instantiation of function template specialization 'store_cb_default<_Float16>' requested here
static __device__ auto store_cb_default_half = store_cb_default<rocfft_fp16>;
                                               ^
/public/home/zhangkewei/zr/rocm-libraries-rocm-7.2.2/projects/rocfft/library/src/include/../device/kernels/callback.h:52:1: warning: void function is missing a return statement [-Wreturn-type]
}
^
/public/home/zhangkewei/zr/rocm-libraries-rocm-7.2.2/projects/rocfft/library/src/include/../device/kernels/callback.h:129:49: note: in instantiation of function template specialization 'store_cb_default<float>' requested here
static __device__ auto store_cb_default_float = store_cb_default<float>;
                                                ^
/public/home/zhangkewei/zr/rocm-libraries-rocm-7.2.2/projects/rocfft/library/src/include/../device/kernels/callback.h:52:1: warning: void function is missing a return statement [-Wreturn-type]
}
^
/public/home/zhangkewei/zr/rocm-libraries-rocm-7.2.2/projects/rocfft/library/src/include/../device/kernels/callback.h:140:50: note: in instantiation of function template specialization 'store_cb_default<double>' requested here
static __device__ auto store_cb_default_double = store_cb_default<double>;
                                                 ^
15 warnings generated when compiling for gfx936.
In file included from /public/home/zhangkewei/zr/rocm-libraries-rocm-7.2.2/projects/rocfft/library/src/rtc_transpose_gen.cpp:21:
In file included from /public/home/zhangkewei/zr/rocm-libraries-rocm-7.2.2/projects/rocfft/library/src/include/rtc_transpose_gen.h:26:
/public/home/zhangkewei/zr/rocm-libraries-rocm-7.2.2/projects/rocfft/library/src/include/rtc_kernel.h:50:5: warning: void function is missing a return statement [-Wreturn-type]
    }
    ^
/public/home/zhangkewei/zr/rocm-libraries-rocm-7.2.2/projects/rocfft/library/src/include/rtc_kernel.h:54:5: warning: void function is missing a return statement [-Wreturn-type]
    }
    ^
/public/home/zhangkewei/zr/rocm-libraries-rocm-7.2.2/projects/rocfft/library/src/include/rtc_kernel.h:58:5: warning: void function is missing a return statement [-Wreturn-type]
    }
    ^
/public/home/zhangkewei/zr/rocm-libraries-rocm-7.2.2/projects/rocfft/library/src/include/rtc_kernel.h:62:5: warning: void function is missing a return statement [-Wreturn-type]
    }
    ^
/public/home/zhangkewei/zr/rocm-libraries-rocm-7.2.2/projects/rocfft/library/src/include/rtc_kernel.h:66:5: warning: void function is missing a return statement [-Wreturn-type]
    }
    ^
/public/home/zhangkewei/zr/rocm-libraries-rocm-7.2.2/projects/rocfft/library/src/include/rtc_kernel.h:70:5: warning: void function is missing a return statement [-Wreturn-type]
    }
    ^
/public/home/zhangkewei/zr/rocm-libraries-rocm-7.2.2/projects/rocfft/library/src/include/rtc_kernel.h:74:5: warning: void function is missing a return statement [-Wreturn-type]
    }
    ^
/public/home/zhangkewei/zr/rocm-libraries-rocm-7.2.2/projects/rocfft/library/src/include/rtc_kernel.h:102:5: warning: void function is missing a return statement [-Wreturn-type]
    }
    ^
In file included from /public/home/zhangkewei/zr/rocm-libraries-rocm-7.2.2/projects/rocfft/library/src/rtc_transpose_gen.cpp:26:
/public/home/zhangkewei/zr/rocm-libraries-rocm-7.2.2/projects/rocfft/library/src/device/kernel-generator-embed.h:90:1: warning: void function is missing a return statement [-Wreturn-type]
}
^
In file included from /public/home/zhangkewei/zr/rocm-libraries-rocm-7.2.2/projects/rocfft/library/src/rtc_transpose_gen.cpp:21:
In file included from /public/home/zhangkewei/zr/rocm-libraries-rocm-7.2.2/projects/rocfft/library/src/include/rtc_transpose_gen.h:26:
In file included from /public/home/zhangkewei/zr/rocm-libraries-rocm-7.2.2/projects/rocfft/library/src/include/rtc_kernel.h:34:
/public/home/zhangkewei/zr/rocm-libraries-rocm-7.2.2/projects/rocfft/library/src/include/../device/kernels/callback.h:52:1: warning: void function is missing a return statement [-Wreturn-type]
}
^
/public/home/zhangkewei/zr/rocm-libraries-rocm-7.2.2/projects/rocfft/library/src/include/../device/kernels/callback.h:74:7: note: in instantiation of function template specialization 'store_cb_default<rocfft_complex<_Float16>>' requested here
    = store_cb_default<rocfft_complex<rocfft_fp16>>;
      ^
/public/home/zhangkewei/zr/rocm-libraries-rocm-7.2.2/projects/rocfft/library/src/include/../device/kernels/callback.h:52:1: warning: void function is missing a return statement [-Wreturn-type]
}
^
/public/home/zhangkewei/zr/rocm-libraries-rocm-7.2.2/projects/rocfft/library/src/include/../device/kernels/callback.h:91:57: note: in instantiation of function template specialization 'store_cb_default<rocfft_complex<float>>' requested here
static __device__ auto store_cb_default_complex_float = store_cb_default<rocfft_complex<float>>;
                                                        ^
/public/home/zhangkewei/zr/rocm-libraries-rocm-7.2.2/projects/rocfft/library/src/include/../device/kernels/callback.h:52:1: warning: void function is missing a return statement [-Wreturn-type]
}
^
/public/home/zhangkewei/zr/rocm-libraries-rocm-7.2.2/projects/rocfft/library/src/include/../device/kernels/callback.h:108:58: note: in instantiation of function template specialization 'store_cb_default<rocfft_complex<double>>' requested here
static __device__ auto store_cb_default_complex_double = store_cb_default<rocfft_complex<double>>;
                                                         ^
/public/home/zhangkewei/zr/rocm-libraries-rocm-7.2.2/projects/rocfft/library/src/include/../device/kernels/callback.h:52:1: warning: void function is missing a return statement [-Wreturn-type]
}
^
/public/home/zhangkewei/zr/rocm-libraries-rocm-7.2.2/projects/rocfft/library/src/include/../device/kernels/callback.h:119:48: note: in instantiation of function template specialization 'store_cb_default<_Float16>' requested here
static __device__ auto store_cb_default_half = store_cb_default<rocfft_fp16>;
                                               ^
/public/home/zhangkewei/zr/rocm-libraries-rocm-7.2.2/projects/rocfft/library/src/include/../device/kernels/callback.h:52:1: warning: void function is missing a return statement [-Wreturn-type]
}
^
/public/home/zhangkewei/zr/rocm-libraries-rocm-7.2.2/projects/rocfft/library/src/include/../device/kernels/callback.h:129:49: note: in instantiation of function template specialization 'store_cb_default<float>' requested here
static __device__ auto store_cb_default_float = store_cb_default<float>;
                                                ^
/public/home/zhangkewei/zr/rocm-libraries-rocm-7.2.2/projects/rocfft/library/src/include/../device/kernels/callback.h:52:1: warning: void function is missing a return statement [-Wreturn-type]
}
^
/public/home/zhangkewei/zr/rocm-libraries-rocm-7.2.2/projects/rocfft/library/src/include/../device/kernels/callback.h:140:50: note: in instantiation of function template specialization 'store_cb_default<double>' requested here
static __device__ auto store_cb_default_double = store_cb_default<double>;
                                                 ^
15 warnings generated when compiling for host.
In file included from /public/home/zhangkewei/zr/rocm-libraries-rocm-7.2.2/projects/rocfft/library/src/rtc_transpose_kernel.cpp:25:
In file included from /public/home/zhangkewei/zr/rocm-libraries-rocm-7.2.2/projects/rocfft/library/src/include/kernel_launch.h:28:
In file included from /public/home/zhangkewei/zr/rocm-libraries-rocm-7.2.2/projects/rocfft/library/src/include/tree_node.h:41:
In file included from /public/home/zhangkewei/zr/rocm-libraries-rocm-7.2.2/projects/rocfft/library/src/include/function_map_key.h:30:
/public/home/zhangkewei/zr/rocm-libraries-rocm-7.2.2/projects/rocfft/library/src/include/data_descriptor.h:145:5: warning: void function is missing a return statement [-Wreturn-type]
    }
    ^
/public/home/zhangkewei/zr/rocm-libraries-rocm-7.2.2/projects/rocfft/library/src/include/data_descriptor.h:154:5: warning: void function is missing a return statement [-Wreturn-type]
    }
    ^
In file included from /public/home/zhangkewei/zr/rocm-libraries-rocm-7.2.2/projects/rocfft/library/src/rtc_transpose_kernel.cpp:25:
In file included from /public/home/zhangkewei/zr/rocm-libraries-rocm-7.2.2/projects/rocfft/library/src/include/kernel_launch.h:28:
In file included from /public/home/zhangkewei/zr/rocm-libraries-rocm-7.2.2/projects/rocfft/library/src/include/tree_node.h:41:
In file included from /public/home/zhangkewei/zr/rocm-libraries-rocm-7.2.2/projects/rocfft/library/src/include/function_map_key.h:30:
/public/home/zhangkewei/zr/rocm-libraries-rocm-7.2.2/projects/rocfft/library/src/include/data_descriptor.h:145:5: warning: void function is missing a return statement [-Wreturn-type]
    }
    ^
/public/home/zhangkewei/zr/rocm-libraries-rocm-7.2.2/projects/rocfft/library/src/include/data_descriptor.h:154:5: warning: void function is missing a return statement [-Wreturn-type]
    }
    ^
/public/home/zhangkewei/zr/rocm-libraries-rocm-7.2.2/projects/rocfft/library/src/include/data_descriptor.h:163:5: warning: void function is missing a return statement [-Wreturn-type]
    }
    ^
/public/home/zhangkewei/zr/rocm-libraries-rocm-7.2.2/projects/rocfft/library/src/include/data_descriptor.h:172:5: warning: void function is missing a return statement [-Wreturn-type]
    }
    ^
/public/home/zhangkewei/zr/rocm-libraries-rocm-7.2.2/projects/rocfft/library/src/include/data_descriptor.h:163:5: warning: void function is missing a return statement [-Wreturn-type]
    }
    ^
/public/home/zhangkewei/zr/rocm-libraries-rocm-7.2.2/projects/rocfft/library/src/include/data_descriptor.h:172:5: warning: void function is missing a return statement [-Wreturn-type]
    }
    ^
In file included from /public/home/zhangkewei/zr/rocm-libraries-rocm-7.2.2/projects/rocfft/library/src/rtc_transpose_kernel.cpp:25:
In file included from /public/home/zhangkewei/zr/rocm-libraries-rocm-7.2.2/projects/rocfft/library/src/include/kernel_launch.h:28:
In file included from /public/home/zhangkewei/zr/rocm-libraries-rocm-7.2.2/projects/rocfft/library/src/include/tree_node.h:41:
In file included from /public/home/zhangkewei/zr/rocm-libraries-rocm-7.2.2/projects/rocfft/library/src/include/function_map_key.h:30:
/public/home/zhangkewei/zr/rocm-libraries-rocm-7.2.2/projects/rocfft/library/src/include/data_descriptor.h:145:5: warning: void function is missing a return statement [-Wreturn-type]
    }
    ^
/public/home/zhangkewei/zr/rocm-libraries-rocm-7.2.2/projects/rocfft/library/src/include/data_descriptor.h:154:5: warning: void function is missing a return statement [-Wreturn-type]
    }
    ^
/public/home/zhangkewei/zr/rocm-libraries-rocm-7.2.2/projects/rocfft/library/src/include/data_descriptor.h:163:5: warning: void function is missing a return statement [-Wreturn-type]
    }
    ^
/public/home/zhangkewei/zr/rocm-libraries-rocm-7.2.2/projects/rocfft/library/src/include/data_descriptor.h:172:5: warning: void function is missing a return statement [-Wreturn-type]
    }
    ^
In file included from /public/home/zhangkewei/zr/rocm-libraries-rocm-7.2.2/projects/rocfft/library/src/rtc_transpose_kernel.cpp:25:
In file included from /public/home/zhangkewei/zr/rocm-libraries-rocm-7.2.2/projects/rocfft/library/src/include/kernel_launch.h:28:
In file included from /public/home/zhangkewei/zr/rocm-libraries-rocm-7.2.2/projects/rocfft/library/src/include/tree_node.h:41:
/public/home/zhangkewei/zr/rocm-libraries-rocm-7.2.2/projects/rocfft/library/src/include/function_map_key.h:284:5: warning: void function is missing a return statement [-Wreturn-type]
    }
    ^
In file included from /public/home/zhangkewei/zr/rocm-libraries-rocm-7.2.2/projects/rocfft/library/src/rtc_transpose_kernel.cpp:25:
In file included from /public/home/zhangkewei/zr/rocm-libraries-rocm-7.2.2/projects/rocfft/library/src/include/kernel_launch.h:28:
In file included from /public/home/zhangkewei/zr/rocm-libraries-rocm-7.2.2/projects/rocfft/library/src/include/tree_node.h:41:
/public/home/zhangkewei/zr/rocm-libraries-rocm-7.2.2/projects/rocfft/library/src/include/function_map_key.h:284:5: warning: void function is missing a return statement [-Wreturn-type]
    }
    ^
In file included from /public/home/zhangkewei/zr/rocm-libraries-rocm-7.2.2/projects/rocfft/library/src/rtc_transpose_kernel.cpp:25:
In file included from /public/home/zhangkewei/zr/rocm-libraries-rocm-7.2.2/projects/rocfft/library/src/include/kernel_launch.h:28:
In file included from /public/home/zhangkewei/zr/rocm-libraries-rocm-7.2.2/projects/rocfft/library/src/include/tree_node.h:41:
/public/home/zhangkewei/zr/rocm-libraries-rocm-7.2.2/projects/rocfft/library/src/include/function_map_key.h:284:5: warning: void function is missing a return statement [-Wreturn-type]
    }
    ^
/public/home/zhangkewei/zr/rocm-libraries-rocm-7.2.2/projects/rocfft/library/src/include/function_map_key.h:420:1: warning: void function is missing a return statement [-Wreturn-type]
}
^
/public/home/zhangkewei/zr/rocm-libraries-rocm-7.2.2/projects/rocfft/library/src/include/function_map_key.h:420:1: warning: void function is missing a return statement [-Wreturn-type]
}
^
/public/home/zhangkewei/zr/rocm-libraries-rocm-7.2.2/projects/rocfft/library/src/include/function_map_key.h:463:5: warning: void function is missing a return statement [-Wreturn-type]
/public/home/zhangkewei/zr/rocm-libraries-rocm-7.2.2/projects/rocfft/library/src/include/function_map_key.h:463:5: warning: void function is missing a return statement [-Wreturn-type]
    }
    ^
    }
    ^
/public/home/zhangkewei/zr/rocm-libraries-rocm-7.2.2/projects/rocfft/library/src/include/function_map_key.h:420:1: warning: void function is missing a return statement [-Wreturn-type]
}
^
/public/home/zhangkewei/zr/rocm-libraries-rocm-7.2.2/projects/rocfft/library/src/include/function_map_key.h:463:5: warning: void function is missing a return statement [-Wreturn-type]
    }
    ^
In file included from /public/home/zhangkewei/zr/rocm-libraries-rocm-7.2.2/projects/rocfft/library/src/rtc_transpose_kernel.cpp:25:
In file included from /public/home/zhangkewei/zr/rocm-libraries-rocm-7.2.2/projects/rocfft/library/src/include/kernel_launch.h:28:
In file included from /public/home/zhangkewei/zr/rocm-libraries-rocm-7.2.2/projects/rocfft/library/src/include/tree_node.h:42:
/public/home/zhangkewei/zr/rocm-libraries-rocm-7.2.2/projects/rocfft/library/src/include/function_pool.h:410:1: warning: void function is missing a return statement [-Wreturn-type]
}
^
In file included from /public/home/zhangkewei/zr/rocm-libraries-rocm-7.2.2/projects/rocfft/library/src/rtc_transpose_kernel.cpp:25:
In file included from /public/home/zhangkewei/zr/rocm-libraries-rocm-7.2.2/projects/rocfft/library/src/include/kernel_launch.h:28:
In file included from /public/home/zhangkewei/zr/rocm-libraries-rocm-7.2.2/projects/rocfft/library/src/include/tree_node.h:42:
/public/home/zhangkewei/zr/rocm-libraries-rocm-7.2.2/projects/rocfft/library/src/include/function_pool.h:410:1: warning: void function is missing a return statement [-Wreturn-type]
}
^
/public/home/zhangkewei/zr/rocm-libraries-rocm-7.2.2/projects/rocfft/library/src/include/function_pool.h:433:1: warning: void function is missing a return statement [-Wreturn-type]
}
^
/public/home/zhangkewei/zr/rocm-libraries-rocm-7.2.2/projects/rocfft/library/src/include/function_pool.h:433:1: warning: void function is missing a return statement [-Wreturn-type]
}
^
In file included from /public/home/zhangkewei/zr/rocm-libraries-rocm-7.2.2/projects/rocfft/library/src/rtc_transpose_kernel.cpp:25:
In file included from /public/home/zhangkewei/zr/rocm-libraries-rocm-7.2.2/projects/rocfft/library/src/include/kernel_launch.h:28:
In file included from /public/home/zhangkewei/zr/rocm-libraries-rocm-7.2.2/projects/rocfft/library/src/include/tree_node.h:42:
/public/home/zhangkewei/zr/rocm-libraries-rocm-7.2.2/projects/rocfft/library/src/include/function_pool.h:410:1: warning: void function is missing a return statement [-Wreturn-type]
}
^
/public/home/zhangkewei/zr/rocm-libraries-rocm-7.2.2/projects/rocfft/library/src/include/function_pool.h:433:1: warning: void function is missing a return statement [-Wreturn-type]
}
^
In file included from /public/home/zhangkewei/zr/rocm-libraries-rocm-7.2.2/projects/rocfft/library/src/rtc_transpose_kernel.cpp:25:
In file included from /public/home/zhangkewei/zr/rocm-libraries-rocm-7.2.2/projects/rocfft/library/src/include/kernel_launch.h:28:
In file included from /public/home/zhangkewei/zr/rocm-libraries-rocm-7.2.2/projects/rocfft/library/src/include/tree_node.h:45:
In file included from /public/home/zhangkewei/zr/rocm-libraries-rocm-7.2.2/projects/rocfft/library/src/include/logging.h:26:
/public/home/zhangkewei/zr/rocm-libraries-rocm-7.2.2/projects/rocfft/library/src/include/rocfft_ostream.hpp:109:13: warning: void function is missing a return statement [-Wreturn-type]
            }
            ^
In file included from /public/home/zhangkewei/zr/rocm-libraries-rocm-7.2.2/projects/rocfft/library/src/rtc_transpose_kernel.cpp:25:
In file included from /public/home/zhangkewei/zr/rocm-libraries-rocm-7.2.2/projects/rocfft/library/src/include/kernel_launch.h:28:
In file included from /public/home/zhangkewei/zr/rocm-libraries-rocm-7.2.2/projects/rocfft/library/src/include/tree_node.h:45:
In file included from /public/home/zhangkewei/zr/rocm-libraries-rocm-7.2.2/projects/rocfft/library/src/include/logging.h:26:
/public/home/zhangkewei/zr/rocm-libraries-rocm-7.2.2/projects/rocfft/library/src/include/rocfft_ostream.hpp:109:13: warning: void function is missing a return statement [-Wreturn-type]
            }
            ^
/public/home/zhangkewei/zr/rocm-libraries-rocm-7.2.2/projects/rocfft/library/src/include/rocfft_ostream.hpp:225:5: warning: void function is missing a return statement [-Wreturn-type]
    }
    ^
/public/home/zhangkewei/zr/rocm-libraries-rocm-7.2.2/projects/rocfft/library/src/include/rocfft_ostream.hpp:225:5: warning: void function is missing a return statement [-Wreturn-type]
    }
    ^
In file included from /public/home/zhangkewei/zr/rocm-libraries-rocm-7.2.2/projects/rocfft/library/src/rtc_transpose_kernel.cpp:25:
In file included from /public/home/zhangkewei/zr/rocm-libraries-rocm-7.2.2/projects/rocfft/library/src/include/kernel_launch.h:28:
In file included from /public/home/zhangkewei/zr/rocm-libraries-rocm-7.2.2/projects/rocfft/library/src/include/tree_node.h:45:
In file included from /public/home/zhangkewei/zr/rocm-libraries-rocm-7.2.2/projects/rocfft/library/src/include/logging.h:26:
/public/home/zhangkewei/zr/rocm-libraries-rocm-7.2.2/projects/rocfft/library/src/include/rocfft_ostream.hpp:109:13: warning: void function is missing a return statement [-Wreturn-type]
            }
            ^
/public/home/zhangkewei/zr/rocm-libraries-rocm-7.2.2/projects/rocfft/library/src/include/rocfft_ostream.hpp:225:5: warning: void function is missing a return statement [-Wreturn-type]
    }
    ^
In file included from /public/home/zhangkewei/zr/rocm-libraries-rocm-7.2.2/projects/rocfft/library/src/rtc_transpose_kernel.cpp:25:
In file included from /public/home/zhangkewei/zr/rocm-libraries-rocm-7.2.2/projects/rocfft/library/src/include/kernel_launch.h:28:
In file included from /public/home/zhangkewei/zr/rocm-libraries-rocm-7.2.2/projects/rocfft/library/src/include/tree_node.h:45:
/public/home/zhangkewei/zr/rocm-libraries-rocm-7.2.2/projects/rocfft/library/src/include/logging.h:173:5: warning: void function is missing a return statement [-Wreturn-type]
    }
    ^
In file included from /public/home/zhangkewei/zr/rocm-libraries-rocm-7.2.2/projects/rocfft/library/src/rtc_transpose_kernel.cpp:25:
In file included from /public/home/zhangkewei/zr/rocm-libraries-rocm-7.2.2/projects/rocfft/library/src/include/kernel_launch.h:28:
In file included from /public/home/zhangkewei/zr/rocm-libraries-rocm-7.2.2/projects/rocfft/library/src/include/tree_node.h:45:
/public/home/zhangkewei/zr/rocm-libraries-rocm-7.2.2/projects/rocfft/library/src/include/logging.h:173:5: warning: void function is missing a return statement [-Wreturn-type]
    }
    ^
/public/home/zhangkewei/zr/rocm-libraries-rocm-7.2.2/projects/rocfft/library/src/include/logging.h:298:1: warning: void function is missing a return statement [-Wreturn-type]
}
^
/public/home/zhangkewei/zr/rocm-libraries-rocm-7.2.2/projects/rocfft/library/src/include/logging.h:298:1: warning: void function is missing a return statement [-Wreturn-type]
}
^
In file included from /public/home/zhangkewei/zr/rocm-libraries-rocm-7.2.2/projects/rocfft/library/src/rtc_transpose_kernel.cpp:25:
In file included from /public/home/zhangkewei/zr/rocm-libraries-rocm-7.2.2/projects/rocfft/library/src/include/kernel_launch.h:28:
In file included from /public/home/zhangkewei/zr/rocm-libraries-rocm-7.2.2/projects/rocfft/library/src/include/tree_node.h:47:
/public/home/zhangkewei/zr/rocm-libraries-rocm-7.2.2/projects/rocfft/library/src/include/rtc_kernel.h:50:5: warning: void function is missing a return statement [-Wreturn-type]
    }
    ^
/public/home/zhangkewei/zr/rocm-libraries-rocm-7.2.2/projects/rocfft/library/src/include/rtc_kernel.h:54:5: warning: void function is missing a return statement [-Wreturn-type]
    }
    ^
In file included from /public/home/zhangkewei/zr/rocm-libraries-rocm-7.2.2/projects/rocfft/library/src/rtc_transpose_kernel.cpp:25:
In file included from /public/home/zhangkewei/zr/rocm-libraries-rocm-7.2.2/projects/rocfft/library/src/include/kernel_launch.h:28:
In file included from /public/home/zhangkewei/zr/rocm-libraries-rocm-7.2.2/projects/rocfft/library/src/include/tree_node.h:47:
/public/home/zhangkewei/zr/rocm-libraries-rocm-7.2.2/projects/rocfft/library/src/include/rtc_kernel.h:50:5: warning: void function is missing a return statement [-Wreturn-type]
    }
    ^
/public/home/zhangkewei/zr/rocm-libraries-rocm-7.2.2/projects/rocfft/library/src/include/rtc_kernel.h:54:5: warning: void function is missing a return statement [-Wreturn-type]
    }
    ^
/public/home/zhangkewei/zr/rocm-libraries-rocm-7.2.2/projects/rocfft/library/src/include/rtc_kernel.h:58:5: warning: void function is missing a return statement [-Wreturn-type]
    }
    ^
/public/home/zhangkewei/zr/rocm-libraries-rocm-7.2.2/projects/rocfft/library/src/include/rtc_kernel.h:62:5: warning: void function is missing a return statement [-Wreturn-type]
    }
    ^
/public/home/zhangkewei/zr/rocm-libraries-rocm-7.2.2/projects/rocfft/library/src/include/rtc_kernel.h:66:5: warning: void function is missing a return statement [-Wreturn-type]
    }
    ^
/public/home/zhangkewei/zr/rocm-libraries-rocm-7.2.2/projects/rocfft/library/src/include/rtc_kernel.h:70:5: warning: void function is missing a return statement [-Wreturn-type]
    }
    ^
/public/home/zhangkewei/zr/rocm-libraries-rocm-7.2.2/projects/rocfft/library/src/include/rtc_kernel.h:58:5: warning: void function is missing a return statement [-Wreturn-type]
    }
    ^
/public/home/zhangkewei/zr/rocm-libraries-rocm-7.2.2/projects/rocfft/library/src/include/rtc_kernel.h:62:5: warning: void function is missing a return statement [-Wreturn-type]
    }
    ^
/public/home/zhangkewei/zr/rocm-libraries-rocm-7.2.2/projects/rocfft/library/src/include/rtc_kernel.h:66:5: warning: void function is missing a return statement [-Wreturn-type]
    }
    ^
/public/home/zhangkewei/zr/rocm-libraries-rocm-7.2.2/projects/rocfft/library/src/include/rtc_kernel.h:70:5: warning: void function is missing a return statement [-Wreturn-type]
    }
    ^
/public/home/zhangkewei/zr/rocm-libraries-rocm-7.2.2/projects/rocfft/library/src/include/rtc_kernel.h:74:5: warning: void function is missing a return statement [-Wreturn-type]
    }
    ^
/public/home/zhangkewei/zr/rocm-libraries-rocm-7.2.2/projects/rocfft/library/src/include/rtc_kernel.h:74:5: warning: void function is missing a return statement [-Wreturn-type]
    }
    ^
/public/home/zhangkewei/zr/rocm-libraries-rocm-7.2.2/projects/rocfft/library/src/include/rtc_kernel.h:102:5: warning: void function is missing a return statement [-Wreturn-type]
    }
    ^
/public/home/zhangkewei/zr/rocm-libraries-rocm-7.2.2/projects/rocfft/library/src/include/rtc_kernel.h:102:5: warning: void function is missing a return statement [-Wreturn-type]
    }
    ^
In file included from /public/home/zhangkewei/zr/rocm-libraries-rocm-7.2.2/projects/rocfft/library/src/rtc_transpose_kernel.cpp:25:
In file included from /public/home/zhangkewei/zr/rocm-libraries-rocm-7.2.2/projects/rocfft/library/src/include/kernel_launch.h:28:
In file included from /public/home/zhangkewei/zr/rocm-libraries-rocm-7.2.2/projects/rocfft/library/src/include/tree_node.h:45:
/public/home/zhangkewei/zr/rocm-libraries-rocm-7.2.2/projects/rocfft/library/src/include/logging.h:173:5: warning: void function is missing a return statement [-Wreturn-type]
    }
    ^
/public/home/zhangkewei/zr/rocm-libraries-rocm-7.2.2/projects/rocfft/library/src/include/logging.h:298:1: warning: void function is missing a return statement [-Wreturn-type]
}
^
In file included from /public/home/zhangkewei/zr/rocm-libraries-rocm-7.2.2/projects/rocfft/library/src/rtc_transpose_kernel.cpp:25:
In file included from /public/home/zhangkewei/zr/rocm-libraries-rocm-7.2.2/projects/rocfft/library/src/include/kernel_launch.h:28:
In file included from /public/home/zhangkewei/zr/rocm-libraries-rocm-7.2.2/projects/rocfft/library/src/include/tree_node.h:47:
/public/home/zhangkewei/zr/rocm-libraries-rocm-7.2.2/projects/rocfft/library/src/include/rtc_kernel.h:50:5: warning: void function is missing a return statement [-Wreturn-type]
    }
    ^
/public/home/zhangkewei/zr/rocm-libraries-rocm-7.2.2/projects/rocfft/library/src/include/rtc_kernel.h:54:5: warning: void function is missing a return statement [-Wreturn-type]
    }
    ^
/public/home/zhangkewei/zr/rocm-libraries-rocm-7.2.2/projects/rocfft/library/src/include/rtc_kernel.h:58:5: warning: void function is missing a return statement [-Wreturn-type]
    }
    ^
/public/home/zhangkewei/zr/rocm-libraries-rocm-7.2.2/projects/rocfft/library/src/include/rtc_kernel.h:62:5: warning: void function is missing a return statement [-Wreturn-type]
    }
    ^
/public/home/zhangkewei/zr/rocm-libraries-rocm-7.2.2/projects/rocfft/library/src/include/rtc_kernel.h:66:5: warning: void function is missing a return statement [-Wreturn-type]
    }
    ^
/public/home/zhangkewei/zr/rocm-libraries-rocm-7.2.2/projects/rocfft/library/src/include/rtc_kernel.h:70:5: warning: void function is missing a return statement [-Wreturn-type]
    }
    ^
/public/home/zhangkewei/zr/rocm-libraries-rocm-7.2.2/projects/rocfft/library/src/include/rtc_kernel.h:74:5: warning: void function is missing a return statement [-Wreturn-type]
    }
    ^
/public/home/zhangkewei/zr/rocm-libraries-rocm-7.2.2/projects/rocfft/library/src/include/rtc_kernel.h:102:5: warning: void function is missing a return statement [-Wreturn-type]
    }
    ^
In file included from /public/home/zhangkewei/zr/rocm-libraries-rocm-7.2.2/projects/rocfft/library/src/rtc_transpose_kernel.cpp:25:
In file included from /public/home/zhangkewei/zr/rocm-libraries-rocm-7.2.2/projects/rocfft/library/src/include/kernel_launch.h:28:
/public/home/zhangkewei/zr/rocm-libraries-rocm-7.2.2/projects/rocfft/library/src/include/tree_node.h:1236:5: warning: void function is missing a return statement [-Wreturn-type]
    }
    ^
In file included from /public/home/zhangkewei/zr/rocm-libraries-rocm-7.2.2/projects/rocfft/library/src/rtc_transpose_kernel.cpp:25:
In file included from /public/home/zhangkewei/zr/rocm-libraries-rocm-7.2.2/projects/rocfft/library/src/include/kernel_launch.h:28:
/public/home/zhangkewei/zr/rocm-libraries-rocm-7.2.2/projects/rocfft/library/src/include/tree_node.h:1236:5: warning: void function is missing a return statement [-Wreturn-type]
    }
    ^
/public/home/zhangkewei/zr/rocm-libraries-rocm-7.2.2/projects/rocfft/library/src/include/tree_node.h:1341:5: warning: void function is missing a return statement [-Wreturn-type]
    }
    ^
/public/home/zhangkewei/zr/rocm-libraries-rocm-7.2.2/projects/rocfft/library/src/include/tree_node.h:1341:5: warning: void function is missing a return statement [-Wreturn-type]
    }
    ^
In file included from /public/home/zhangkewei/zr/rocm-libraries-rocm-7.2.2/projects/rocfft/library/src/rtc_transpose_kernel.cpp:25:
In file included from /public/home/zhangkewei/zr/rocm-libraries-rocm-7.2.2/projects/rocfft/library/src/include/kernel_launch.h:28:
/public/home/zhangkewei/zr/rocm-libraries-rocm-7.2.2/projects/rocfft/library/src/include/tree_node.h:1236:5: warning: void function is missing a return statement [-Wreturn-type]
    }
    ^
/public/home/zhangkewei/zr/rocm-libraries-rocm-7.2.2/projects/rocfft/library/src/include/tree_node.h:1341:5: warning: void function is missing a return statement [-Wreturn-type]
    }
    ^
In file included from /public/home/zhangkewei/zr/rocm-libraries-rocm-7.2.2/projects/rocfft/library/src/rtc_transpose_kernel.cpp:25:
In file included from /public/home/zhangkewei/zr/rocm-libraries-rocm-7.2.2/projects/rocfft/library/src/include/kernel_launch.h:26:
/public/home/zhangkewei/zr/rocm-libraries-rocm-7.2.2/projects/rocfft/library/src/include/../device/kernels/callback.h:52:1: warning: void function is missing a return statement [-Wreturn-type]
}
^
/public/home/zhangkewei/zr/rocm-libraries-rocm-7.2.2/projects/rocfft/library/src/include/../device/kernels/callback.h:74:7: note: in instantiation of function template specialization 'store_cb_default<rocfft_complex<_Float16>>' requested here
    = store_cb_default<rocfft_complex<rocfft_fp16>>;
      ^
/public/home/zhangkewei/zr/rocm-libraries-rocm-7.2.2/projects/rocfft/library/src/include/../device/kernels/callback.h:52:1: warning: void function is missing a return statement [-Wreturn-type]
}
^
/public/home/zhangkewei/zr/rocm-libraries-rocm-7.2.2/projects/rocfft/library/src/include/../device/kernels/callback.h:91:57: note: in instantiation of function template specialization 'store_cb_default<rocfft_complex<float>>' requested here
static __device__ auto store_cb_default_complex_float = store_cb_default<rocfft_complex<float>>;
                                                        ^
In file included from /public/home/zhangkewei/zr/rocm-libraries-rocm-7.2.2/projects/rocfft/library/src/rtc_transpose_kernel.cpp:25:
In file included from /public/home/zhangkewei/zr/rocm-libraries-rocm-7.2.2/projects/rocfft/library/src/include/kernel_launch.h:26:
/public/home/zhangkewei/zr/rocm-libraries-rocm-7.2.2/projects/rocfft/library/src/include/../device/kernels/callback.h:52:1: warning: void function is missing a return statement [-Wreturn-type]
}
^
/public/home/zhangkewei/zr/rocm-libraries-rocm-7.2.2/projects/rocfft/library/src/include/../device/kernels/callback.h:74:7: note: in instantiation of function template specialization 'store_cb_default<rocfft_complex<_Float16>>' requested here
    = store_cb_default<rocfft_complex<rocfft_fp16>>;
      ^
/public/home/zhangkewei/zr/rocm-libraries-rocm-7.2.2/projects/rocfft/library/src/include/../device/kernels/callback.h:52:1: warning: void function is missing a return statement [-Wreturn-type]
}
^
/public/home/zhangkewei/zr/rocm-libraries-rocm-7.2.2/projects/rocfft/library/src/include/../device/kernels/callback.h:91:57: note: in instantiation of function template specialization 'store_cb_default<rocfft_complex<float>>' requested here
static __device__ auto store_cb_default_complex_float = store_cb_default<rocfft_complex<float>>;
                                                        ^
/public/home/zhangkewei/zr/rocm-libraries-rocm-7.2.2/projects/rocfft/library/src/include/../device/kernels/callback.h:52:1: warning: void function is missing a return statement [-Wreturn-type]
}
^
/public/home/zhangkewei/zr/rocm-libraries-rocm-7.2.2/projects/rocfft/library/src/include/../device/kernels/callback.h:108:58: note: in instantiation of function template specialization 'store_cb_default<rocfft_complex<double>>' requested here
static __device__ auto store_cb_default_complex_double = store_cb_default<rocfft_complex<double>>;
                                                         ^
/public/home/zhangkewei/zr/rocm-libraries-rocm-7.2.2/projects/rocfft/library/src/include/../device/kernels/callback.h:52:1: warning: void function is missing a return statement [-Wreturn-type]
}
^
/public/home/zhangkewei/zr/rocm-libraries-rocm-7.2.2/projects/rocfft/library/src/include/../device/kernels/callback.h:119:48: note: in instantiation of function template specialization 'store_cb_default<_Float16>' requested here
static __device__ auto store_cb_default_half = store_cb_default<rocfft_fp16>;
                                               ^
/public/home/zhangkewei/zr/rocm-libraries-rocm-7.2.2/projects/rocfft/library/src/include/../device/kernels/callback.h:52:1: warning: void function is missing a return statement [-Wreturn-type]
}
^
/public/home/zhangkewei/zr/rocm-libraries-rocm-7.2.2/projects/rocfft/library/src/include/../device/kernels/callback.h:129:49: note: in instantiation of function template specialization 'store_cb_default<float>' requested here
static __device__ auto store_cb_default_float = store_cb_default<float>;
                                                ^
/public/home/zhangkewei/zr/rocm-libraries-rocm-7.2.2/projects/rocfft/library/src/include/../device/kernels/callback.h:52:1: warning: void function is missing a return statement [-Wreturn-type]
}
^
/public/home/zhangkewei/zr/rocm-libraries-rocm-7.2.2/projects/rocfft/library/src/include/../device/kernels/callback.h:140:50: note: in instantiation of function template specialization 'store_cb_default<double>' requested here
static __device__ auto store_cb_default_double = store_cb_default<double>;
                                                 ^
/public/home/zhangkewei/zr/rocm-libraries-rocm-7.2.2/projects/rocfft/library/src/include/../device/kernels/callback.h:52:1: warning: void function is missing a return statement [-Wreturn-type]
}
^
/public/home/zhangkewei/zr/rocm-libraries-rocm-7.2.2/projects/rocfft/library/src/include/../device/kernels/callback.h:108:58: note: in instantiation of function template specialization 'store_cb_default<rocfft_complex<double>>' requested here
static __device__ auto store_cb_default_complex_double = store_cb_default<rocfft_complex<double>>;
                                                         ^
/public/home/zhangkewei/zr/rocm-libraries-rocm-7.2.2/projects/rocfft/library/src/include/../device/kernels/callback.h:52:1: warning: void function is missing a return statement [-Wreturn-type]
}
^
/public/home/zhangkewei/zr/rocm-libraries-rocm-7.2.2/projects/rocfft/library/src/include/../device/kernels/callback.h:119:48: note: in instantiation of function template specialization 'store_cb_default<_Float16>' requested here
static __device__ auto store_cb_default_half = store_cb_default<rocfft_fp16>;
                                               ^
/public/home/zhangkewei/zr/rocm-libraries-rocm-7.2.2/projects/rocfft/library/src/include/../device/kernels/callback.h:52:1: warning: void function is missing a return statement [-Wreturn-type]
}
^
/public/home/zhangkewei/zr/rocm-libraries-rocm-7.2.2/projects/rocfft/library/src/include/../device/kernels/callback.h:129:49: note: in instantiation of function template specialization 'store_cb_default<float>' requested here
static __device__ auto store_cb_default_float = store_cb_default<float>;
                                                ^
/public/home/zhangkewei/zr/rocm-libraries-rocm-7.2.2/projects/rocfft/library/src/include/../device/kernels/callback.h:52:1: warning: void function is missing a return statement [-Wreturn-type]
}
^
/public/home/zhangkewei/zr/rocm-libraries-rocm-7.2.2/projects/rocfft/library/src/include/../device/kernels/callback.h:140:50: note: in instantiation of function template specialization 'store_cb_default<double>' requested here
static __device__ auto store_cb_default_double = store_cb_default<double>;
                                                 ^
In file included from /public/home/zhangkewei/zr/rocm-libraries-rocm-7.2.2/projects/rocfft/library/src/rtc_transpose_kernel.cpp:25:
In file included from /public/home/zhangkewei/zr/rocm-libraries-rocm-7.2.2/projects/rocfft/library/src/include/kernel_launch.h:26:
/public/home/zhangkewei/zr/rocm-libraries-rocm-7.2.2/projects/rocfft/library/src/include/../device/kernels/callback.h:52:1: warning: void function is missing a return statement [-Wreturn-type]
}
^
/public/home/zhangkewei/zr/rocm-libraries-rocm-7.2.2/projects/rocfft/library/src/include/../device/kernels/callback.h:74:7: note: in instantiation of function template specialization 'store_cb_default<rocfft_complex<_Float16>>' requested here
    = store_cb_default<rocfft_complex<rocfft_fp16>>;
      ^
/public/home/zhangkewei/zr/rocm-libraries-rocm-7.2.2/projects/rocfft/library/src/include/../device/kernels/callback.h:52:1: warning: void function is missing a return statement [-Wreturn-type]
}
^
/public/home/zhangkewei/zr/rocm-libraries-rocm-7.2.2/projects/rocfft/library/src/include/../device/kernels/callback.h:91:57: note: in instantiation of function template specialization 'store_cb_default<rocfft_complex<float>>' requested here
static __device__ auto store_cb_default_complex_float = store_cb_default<rocfft_complex<float>>;
                                                        ^
/public/home/zhangkewei/zr/rocm-libraries-rocm-7.2.2/projects/rocfft/library/src/include/../device/kernels/callback.h:52:1: warning: void function is missing a return statement [-Wreturn-type]
}
^
/public/home/zhangkewei/zr/rocm-libraries-rocm-7.2.2/projects/rocfft/library/src/include/../device/kernels/callback.h:108:58: note: in instantiation of function template specialization 'store_cb_default<rocfft_complex<double>>' requested here
static __device__ auto store_cb_default_complex_double = store_cb_default<rocfft_complex<double>>;
                                                         ^
/public/home/zhangkewei/zr/rocm-libraries-rocm-7.2.2/projects/rocfft/library/src/include/../device/kernels/callback.h:52:1: warning: void function is missing a return statement [-Wreturn-type]
}
^
/public/home/zhangkewei/zr/rocm-libraries-rocm-7.2.2/projects/rocfft/library/src/include/../device/kernels/callback.h:119:48: note: in instantiation of function template specialization 'store_cb_default<_Float16>' requested here
static __device__ auto store_cb_default_half = store_cb_default<rocfft_fp16>;
                                               ^
/public/home/zhangkewei/zr/rocm-libraries-rocm-7.2.2/projects/rocfft/library/src/include/../device/kernels/callback.h:52:1: warning: void function is missing a return statement [-Wreturn-type]
}
^
/public/home/zhangkewei/zr/rocm-libraries-rocm-7.2.2/projects/rocfft/library/src/include/../device/kernels/callback.h:129:49: note: in instantiation of function template specialization 'store_cb_default<float>' requested here
static __device__ auto store_cb_default_float = store_cb_default<float>;
                                                ^
/public/home/zhangkewei/zr/rocm-libraries-rocm-7.2.2/projects/rocfft/library/src/include/../device/kernels/callback.h:52:1: warning: void function is missing a return statement [-Wreturn-type]
}
^
/public/home/zhangkewei/zr/rocm-libraries-rocm-7.2.2/projects/rocfft/library/src/include/../device/kernels/callback.h:140:50: note: in instantiation of function template specialization 'store_cb_default<double>' requested here
static __device__ auto store_cb_default_double = store_cb_default<double>;
                                                 ^
In file included from /public/home/zhangkewei/zr/rocm-libraries-rocm-7.2.2/projects/rocfft/library/src/rtc_transpose_kernel.cpp:25:
In file included from /public/home/zhangkewei/zr/rocm-libraries-rocm-7.2.2/projects/rocfft/library/src/include/kernel_launch.h:28:
In file included from /public/home/zhangkewei/zr/rocm-libraries-rocm-7.2.2/projects/rocfft/library/src/include/tree_node.h:41:
In file included from /public/home/zhangkewei/zr/rocm-libraries-rocm-7.2.2/projects/rocfft/library/src/include/function_map_key.h:30:
/public/home/zhangkewei/zr/rocm-libraries-rocm-7.2.2/projects/rocfft/library/src/include/data_descriptor.h:201:5: warning: void function is missing a return statement [-Wreturn-type]
    }
    ^
/public/home/zhangkewei/zr/rocm-libraries-rocm-7.2.2/projects/rocfft/library/src/include/function_map_key.h:248:29: note: in instantiation of member function 'FieldParser<bool>::parse' requested here
        FieldParser<bool>().parse("use_3steps", ret.use_3steps_large_twd, current);
                            ^
In file included from /public/home/zhangkewei/zr/rocm-libraries-rocm-7.2.2/projects/rocfft/library/src/rtc_transpose_kernel.cpp:25:
In file included from /public/home/zhangkewei/zr/rocm-libraries-rocm-7.2.2/projects/rocfft/library/src/include/kernel_launch.h:28:
In file included from /public/home/zhangkewei/zr/rocm-libraries-rocm-7.2.2/projects/rocfft/library/src/include/tree_node.h:41:
In file included from /public/home/zhangkewei/zr/rocm-libraries-rocm-7.2.2/projects/rocfft/library/src/include/function_map_key.h:30:
/public/home/zhangkewei/zr/rocm-libraries-rocm-7.2.2/projects/rocfft/library/src/include/data_descriptor.h:201:5: warning: void function is missing a return statement [-Wreturn-type]
    }
    ^
/public/home/zhangkewei/zr/rocm-libraries-rocm-7.2.2/projects/rocfft/library/src/include/function_map_key.h:248:29: note: in instantiation of member function 'FieldParser<bool>::parse' requested here
        FieldParser<bool>().parse("use_3steps", ret.use_3steps_large_twd, current);
                            ^
In file included from /public/home/zhangkewei/zr/rocm-libraries-rocm-7.2.2/projects/rocfft/library/src/rtc_transpose_kernel.cpp:25:
In file included from /public/home/zhangkewei/zr/rocm-libraries-rocm-7.2.2/projects/rocfft/library/src/include/kernel_launch.h:28:
In file included from /public/home/zhangkewei/zr/rocm-libraries-rocm-7.2.2/projects/rocfft/library/src/include/tree_node.h:41:
In file included from /public/home/zhangkewei/zr/rocm-libraries-rocm-7.2.2/projects/rocfft/library/src/include/function_map_key.h:30:
/public/home/zhangkewei/zr/rocm-libraries-rocm-7.2.2/projects/rocfft/library/src/include/data_descriptor.h:201:5: warning: void function is missing a return statement [-Wreturn-type]
    }
    ^
/public/home/zhangkewei/zr/rocm-libraries-rocm-7.2.2/projects/rocfft/library/src/include/function_map_key.h:248:29: note: in instantiation of member function 'FieldParser<bool>::parse' requested here
        FieldParser<bool>().parse("use_3steps", ret.use_3steps_large_twd, current);
                            ^
In file included from /public/home/zhangkewei/zr/rocm-libraries-rocm-7.2.2/projects/rocfft/library/src/rtc_transpose_kernel.cpp:25:
In file included from /public/home/zhangkewei/zr/rocm-libraries-rocm-7.2.2/projects/rocfft/library/src/include/kernel_launch.h:28:
In file included from /public/home/zhangkewei/zr/rocm-libraries-rocm-7.2.2/projects/rocfft/library/src/include/tree_node.h:41:
In file included from /public/home/zhangkewei/zr/rocm-libraries-rocm-7.2.2/projects/rocfft/library/src/include/function_map_key.h:30:
/public/home/zhangkewei/zr/rocm-libraries-rocm-7.2.2/projects/rocfft/library/src/include/data_descriptor.h:201:5: warning: void function is missing a return statement [-Wreturn-type]
    }
    ^
/public/home/zhangkewei/zr/rocm-libraries-rocm-7.2.2/projects/rocfft/library/src/include/function_map_key.h:252:31: note: in instantiation of member function 'FieldParser<unsigned long>::parse' requested here
        FieldParser<size_t>().parse("tpb", tpb, current);
                              ^
In file included from /public/home/zhangkewei/zr/rocm-libraries-rocm-7.2.2/projects/rocfft/library/src/rtc_transpose_kernel.cpp:25:
In file included from /public/home/zhangkewei/zr/rocm-libraries-rocm-7.2.2/projects/rocfft/library/src/include/kernel_launch.h:28:
In file included from /public/home/zhangkewei/zr/rocm-libraries-rocm-7.2.2/projects/rocfft/library/src/include/tree_node.h:41:
In file included from /public/home/zhangkewei/zr/rocm-libraries-rocm-7.2.2/projects/rocfft/library/src/include/function_map_key.h:30:
/public/home/zhangkewei/zr/rocm-libraries-rocm-7.2.2/projects/rocfft/library/src/include/data_descriptor.h:201:5: warning: void function is missing a return statement [-Wreturn-type]
    }
    ^
/public/home/zhangkewei/zr/rocm-libraries-rocm-7.2.2/projects/rocfft/library/src/include/function_map_key.h:254:28: note: in instantiation of member function 'FieldParser<int>::parse' requested here
        FieldParser<int>().parse("wgs", ret.workgroup_size, current);
                           ^
In file included from /public/home/zhangkewei/zr/rocm-libraries-rocm-7.2.2/projects/rocfft/library/src/rtc_transpose_kernel.cpp:25:
In file included from /public/home/zhangkewei/zr/rocm-libraries-rocm-7.2.2/projects/rocfft/library/src/include/kernel_launch.h:28:
In file included from /public/home/zhangkewei/zr/rocm-libraries-rocm-7.2.2/projects/rocfft/library/src/include/tree_node.h:41:
In file included from /public/home/zhangkewei/zr/rocm-libraries-rocm-7.2.2/projects/rocfft/library/src/include/function_map_key.h:30:
/public/home/zhangkewei/zr/rocm-libraries-rocm-7.2.2/projects/rocfft/library/src/include/data_descriptor.h:201:5: warning: void function is missing a return statement [-Wreturn-type]
    }
    ^
/public/home/zhangkewei/zr/rocm-libraries-rocm-7.2.2/projects/rocfft/library/src/include/function_map_key.h:252:31: note: in instantiation of member function 'FieldParser<unsigned long>::parse' requested here
        FieldParser<size_t>().parse("tpb", tpb, current);
                              ^
In file included from /public/home/zhangkewei/zr/rocm-libraries-rocm-7.2.2/projects/rocfft/library/src/rtc_transpose_kernel.cpp:25:
In file included from /public/home/zhangkewei/zr/rocm-libraries-rocm-7.2.2/projects/rocfft/library/src/include/kernel_launch.h:28:
In file included from /public/home/zhangkewei/zr/rocm-libraries-rocm-7.2.2/projects/rocfft/library/src/include/tree_node.h:41:
In file included from /public/home/zhangkewei/zr/rocm-libraries-rocm-7.2.2/projects/rocfft/library/src/include/function_map_key.h:30:
/public/home/zhangkewei/zr/rocm-libraries-rocm-7.2.2/projects/rocfft/library/src/include/data_descriptor.h:201:5: warning: void function is missing a return statement [-Wreturn-type]
    }
    ^
/public/home/zhangkewei/zr/rocm-libraries-rocm-7.2.2/projects/rocfft/library/src/include/function_map_key.h:254:28: note: in instantiation of member function 'FieldParser<int>::parse' requested here
        FieldParser<int>().parse("wgs", ret.workgroup_size, current);
                           ^
In file included from /public/home/zhangkewei/zr/rocm-libraries-rocm-7.2.2/projects/rocfft/library/src/rtc_transpose_kernel.cpp:25:
In file included from /public/home/zhangkewei/zr/rocm-libraries-rocm-7.2.2/projects/rocfft/library/src/include/kernel_launch.h:28:
In file included from /public/home/zhangkewei/zr/rocm-libraries-rocm-7.2.2/projects/rocfft/library/src/include/tree_node.h:41:
In file included from /public/home/zhangkewei/zr/rocm-libraries-rocm-7.2.2/projects/rocfft/library/src/include/function_map_key.h:30:
/public/home/zhangkewei/zr/rocm-libraries-rocm-7.2.2/projects/rocfft/library/src/include/data_descriptor.h:217:5: warning: void function is missing a return statement [-Wreturn-type]
    }
    ^
/public/home/zhangkewei/zr/rocm-libraries-rocm-7.2.2/projects/rocfft/library/src/include/function_map_key.h:255:34: note: in instantiation of member function 'VectorFieldParser<int>::parse' requested here
        VectorFieldParser<int>().parse("tpt", tpt, current);
                                 ^
In file included from /public/home/zhangkewei/zr/rocm-libraries-rocm-7.2.2/projects/rocfft/library/src/rtc_transpose_kernel.cpp:25:
In file included from /public/home/zhangkewei/zr/rocm-libraries-rocm-7.2.2/projects/rocfft/library/src/include/kernel_launch.h:28:
In file included from /public/home/zhangkewei/zr/rocm-libraries-rocm-7.2.2/projects/rocfft/library/src/include/tree_node.h:41:
In file included from /public/home/zhangkewei/zr/rocm-libraries-rocm-7.2.2/projects/rocfft/library/src/include/function_map_key.h:30:
/public/home/zhangkewei/zr/rocm-libraries-rocm-7.2.2/projects/rocfft/library/src/include/data_descriptor.h:188:5: warning: void function is missing a return statement [-Wreturn-type]
    }
    ^
/public/home/zhangkewei/zr/rocm-libraries-rocm-7.2.2/projects/rocfft/library/src/include/data_descriptor.h:216:29: note: in instantiation of member function 'StringToVector<int>::Get' requested here
        StringToVector<T>().Get(vec, current);
                            ^
/public/home/zhangkewei/zr/rocm-libraries-rocm-7.2.2/projects/rocfft/library/src/include/function_map_key.h:255:34: note: in instantiation of member function 'VectorFieldParser<int>::parse' requested here
        VectorFieldParser<int>().parse("tpt", tpt, current);
                                 ^
In file included from /public/home/zhangkewei/zr/rocm-libraries-rocm-7.2.2/projects/rocfft/library/src/rtc_transpose_kernel.cpp:25:
In file included from /public/home/zhangkewei/zr/rocm-libraries-rocm-7.2.2/projects/rocfft/library/src/include/kernel_launch.h:28:
In file included from /public/home/zhangkewei/zr/rocm-libraries-rocm-7.2.2/projects/rocfft/library/src/include/tree_node.h:41:
In file included from /public/home/zhangkewei/zr/rocm-libraries-rocm-7.2.2/projects/rocfft/library/src/include/function_map_key.h:30:
/public/home/zhangkewei/zr/rocm-libraries-rocm-7.2.2/projects/rocfft/library/src/include/data_descriptor.h:217:5: warning: void function is missing a return statement [-Wreturn-type]
    }
    ^
/public/home/zhangkewei/zr/rocm-libraries-rocm-7.2.2/projects/rocfft/library/src/include/function_map_key.h:255:34: note: in instantiation of member function 'VectorFieldParser<int>::parse' requested here
        VectorFieldParser<int>().parse("tpt", tpt, current);
                                 ^
In file included from /public/home/zhangkewei/zr/rocm-libraries-rocm-7.2.2/projects/rocfft/library/src/rtc_transpose_kernel.cpp:25:
In file included from /public/home/zhangkewei/zr/rocm-libraries-rocm-7.2.2/projects/rocfft/library/src/include/kernel_launch.h:28:
In file included from /public/home/zhangkewei/zr/rocm-libraries-rocm-7.2.2/projects/rocfft/library/src/include/tree_node.h:41:
In file included from /public/home/zhangkewei/zr/rocm-libraries-rocm-7.2.2/projects/rocfft/library/src/include/function_map_key.h:30:
/public/home/zhangkewei/zr/rocm-libraries-rocm-7.2.2/projects/rocfft/library/src/include/data_descriptor.h:188:5: warning: void function is missing a return statement [-Wreturn-type]
    }
    ^
/public/home/zhangkewei/zr/rocm-libraries-rocm-7.2.2/projects/rocfft/library/src/include/data_descriptor.h:216:29: note: in instantiation of member function 'StringToVector<int>::Get' requested here
        StringToVector<T>().Get(vec, current);
                            ^
/public/home/zhangkewei/zr/rocm-libraries-rocm-7.2.2/projects/rocfft/library/src/include/function_map_key.h:255:34: note: in instantiation of member function 'VectorFieldParser<int>::parse' requested here
        VectorFieldParser<int>().parse("tpt", tpt, current);
                                 ^
In file included from /public/home/zhangkewei/zr/rocm-libraries-rocm-7.2.2/projects/rocfft/library/src/rtc_transpose_kernel.cpp:25:
In file included from /public/home/zhangkewei/zr/rocm-libraries-rocm-7.2.2/projects/rocfft/library/src/include/kernel_launch.h:28:
In file included from /public/home/zhangkewei/zr/rocm-libraries-rocm-7.2.2/projects/rocfft/library/src/include/tree_node.h:41:
In file included from /public/home/zhangkewei/zr/rocm-libraries-rocm-7.2.2/projects/rocfft/library/src/include/function_map_key.h:30:
/public/home/zhangkewei/zr/rocm-libraries-rocm-7.2.2/projects/rocfft/library/src/include/data_descriptor.h:217:5: warning: void function is missing a return statement [-Wreturn-type]
    }
    ^
/public/home/zhangkewei/zr/rocm-libraries-rocm-7.2.2/projects/rocfft/library/src/include/function_map_key.h:256:37: note: in instantiation of member function 'VectorFieldParser<unsigned long>::parse' requested here
        VectorFieldParser<size_t>().parse("factors", ret.factors, current);
                                    ^
In file included from /public/home/zhangkewei/zr/rocm-libraries-rocm-7.2.2/projects/rocfft/library/src/rtc_transpose_kernel.cpp:25:
In file included from /public/home/zhangkewei/zr/rocm-libraries-rocm-7.2.2/projects/rocfft/library/src/include/kernel_launch.h:28:
In file included from /public/home/zhangkewei/zr/rocm-libraries-rocm-7.2.2/projects/rocfft/library/src/include/tree_node.h:41:
In file included from /public/home/zhangkewei/zr/rocm-libraries-rocm-7.2.2/projects/rocfft/library/src/include/function_map_key.h:30:
/public/home/zhangkewei/zr/rocm-libraries-rocm-7.2.2/projects/rocfft/library/src/include/data_descriptor.h:188:5: warning: void function is missing a return statement [-Wreturn-type]
    }
    ^
/public/home/zhangkewei/zr/rocm-libraries-rocm-7.2.2/projects/rocfft/library/src/include/data_descriptor.h:216:29: note: in instantiation of member function 'StringToVector<unsigned long>::Get' requested here
        StringToVector<T>().Get(vec, current);
                            ^
/public/home/zhangkewei/zr/rocm-libraries-rocm-7.2.2/projects/rocfft/library/src/include/function_map_key.h:256:37: note: in instantiation of member function 'VectorFieldParser<unsigned long>::parse' requested here
        VectorFieldParser<size_t>().parse("factors", ret.factors, current);
                                    ^
In file included from /public/home/zhangkewei/zr/rocm-libraries-rocm-7.2.2/projects/rocfft/library/src/rtc_transpose_kernel.cpp:25:
In file included from /public/home/zhangkewei/zr/rocm-libraries-rocm-7.2.2/projects/rocfft/library/src/include/kernel_launch.h:28:
In file included from /public/home/zhangkewei/zr/rocm-libraries-rocm-7.2.2/projects/rocfft/library/src/include/tree_node.h:41:
In file included from /public/home/zhangkewei/zr/rocm-libraries-rocm-7.2.2/projects/rocfft/library/src/include/function_map_key.h:30:
/public/home/zhangkewei/zr/rocm-libraries-rocm-7.2.2/projects/rocfft/library/src/include/data_descriptor.h:201:5: warning: void function is missing a return statement [-Wreturn-type]
    }
    ^
/public/home/zhangkewei/zr/rocm-libraries-rocm-7.2.2/projects/rocfft/library/src/include/function_map_key.h:269:40: note: in instantiation of member function 'FieldParser<std::basic_string<char>>::parse' requested here
            FieldParser<std::string>().parse("ebtype", ebTypeStr, current);
                                       ^
In file included from /public/home/zhangkewei/zr/rocm-libraries-rocm-7.2.2/projects/rocfft/library/src/rtc_transpose_kernel.cpp:25:
In file included from /public/home/zhangkewei/zr/rocm-libraries-rocm-7.2.2/projects/rocfft/library/src/include/kernel_launch.h:28:
In file included from /public/home/zhangkewei/zr/rocm-libraries-rocm-7.2.2/projects/rocfft/library/src/include/tree_node.h:41:
In file included from /public/home/zhangkewei/zr/rocm-libraries-rocm-7.2.2/projects/rocfft/library/src/include/function_map_key.h:30:
/public/home/zhangkewei/zr/rocm-libraries-rocm-7.2.2/projects/rocfft/library/src/include/data_descriptor.h:217:5: warning: void function is missing a return statement [-Wreturn-type]
    }
    ^
/public/home/zhangkewei/zr/rocm-libraries-rocm-7.2.2/projects/rocfft/library/src/include/function_map_key.h:256:37: note: in instantiation of member function 'VectorFieldParser<unsigned long>::parse' requested here
        VectorFieldParser<size_t>().parse("factors", ret.factors, current);
                                    ^
In file included from /public/home/zhangkewei/zr/rocm-libraries-rocm-7.2.2/projects/rocfft/library/src/rtc_transpose_kernel.cpp:25:
In file included from /public/home/zhangkewei/zr/rocm-libraries-rocm-7.2.2/projects/rocfft/library/src/include/kernel_launch.h:28:
In file included from /public/home/zhangkewei/zr/rocm-libraries-rocm-7.2.2/projects/rocfft/library/src/include/tree_node.h:41:
In file included from /public/home/zhangkewei/zr/rocm-libraries-rocm-7.2.2/projects/rocfft/library/src/include/function_map_key.h:30:
/public/home/zhangkewei/zr/rocm-libraries-rocm-7.2.2/projects/rocfft/library/src/include/data_descriptor.h:188:5: warning: void function is missing a return statement [-Wreturn-type]
    }
    ^
/public/home/zhangkewei/zr/rocm-libraries-rocm-7.2.2/projects/rocfft/library/src/include/data_descriptor.h:216:29: note: in instantiation of member function 'StringToVector<unsigned long>::Get' requested here
        StringToVector<T>().Get(vec, current);
                            ^
/public/home/zhangkewei/zr/rocm-libraries-rocm-7.2.2/projects/rocfft/library/src/include/function_map_key.h:256:37: note: in instantiation of member function 'VectorFieldParser<unsigned long>::parse' requested here
        VectorFieldParser<size_t>().parse("factors", ret.factors, current);
                                    ^
In file included from /public/home/zhangkewei/zr/rocm-libraries-rocm-7.2.2/projects/rocfft/library/src/rtc_transpose_kernel.cpp:25:
In file included from /public/home/zhangkewei/zr/rocm-libraries-rocm-7.2.2/projects/rocfft/library/src/include/kernel_launch.h:28:
In file included from /public/home/zhangkewei/zr/rocm-libraries-rocm-7.2.2/projects/rocfft/library/src/include/tree_node.h:41:
In file included from /public/home/zhangkewei/zr/rocm-libraries-rocm-7.2.2/projects/rocfft/library/src/include/function_map_key.h:30:
/public/home/zhangkewei/zr/rocm-libraries-rocm-7.2.2/projects/rocfft/library/src/include/data_descriptor.h:201:5: warning: void function is missing a return statement [-Wreturn-type]
    }
    ^
/public/home/zhangkewei/zr/rocm-libraries-rocm-7.2.2/projects/rocfft/library/src/include/function_map_key.h:269:40: note: in instantiation of member function 'FieldParser<std::basic_string<char>>::parse' requested here
            FieldParser<std::string>().parse("ebtype", ebTypeStr, current);
                                       ^
In file included from /public/home/zhangkewei/zr/rocm-libraries-rocm-7.2.2/projects/rocfft/library/src/rtc_transpose_kernel.cpp:25:
In file included from /public/home/zhangkewei/zr/rocm-libraries-rocm-7.2.2/projects/rocfft/library/src/include/kernel_launch.h:28:
In file included from /public/home/zhangkewei/zr/rocm-libraries-rocm-7.2.2/projects/rocfft/library/src/include/tree_node.h:41:
In file included from /public/home/zhangkewei/zr/rocm-libraries-rocm-7.2.2/projects/rocfft/library/src/include/function_map_key.h:30:
/public/home/zhangkewei/zr/rocm-libraries-rocm-7.2.2/projects/rocfft/library/src/include/data_descriptor.h:201:5: warning: void function is missing a return statement [-Wreturn-type]
    }
    ^
/public/home/zhangkewei/zr/rocm-libraries-rocm-7.2.2/projects/rocfft/library/src/include/function_map_key.h:456:37: note: in instantiation of member function 'FieldParser<KernelConfig>::parse' requested here
        FieldParser<KernelConfig>().parse("kernelConfig", config, current);
                                    ^
In file included from /public/home/zhangkewei/zr/rocm-libraries-rocm-7.2.2/projects/rocfft/library/src/rtc_transpose_kernel.cpp:25:
In file included from /public/home/zhangkewei/zr/rocm-libraries-rocm-7.2.2/projects/rocfft/library/src/include/kernel_launch.h:28:
In file included from /public/home/zhangkewei/zr/rocm-libraries-rocm-7.2.2/projects/rocfft/library/src/include/tree_node.h:41:
In file included from /public/home/zhangkewei/zr/rocm-libraries-rocm-7.2.2/projects/rocfft/library/src/include/function_map_key.h:30:
/public/home/zhangkewei/zr/rocm-libraries-rocm-7.2.2/projects/rocfft/library/src/include/data_descriptor.h:201:5: warning: void function is missing a return statement [-Wreturn-type]
    }
    ^
/public/home/zhangkewei/zr/rocm-libraries-rocm-7.2.2/projects/rocfft/library/src/include/function_map_key.h:456:37: note: in instantiation of member function 'FieldParser<KernelConfig>::parse' requested here
        FieldParser<KernelConfig>().parse("kernelConfig", config, current);
                                    ^
In file included from /public/home/zhangkewei/zr/rocm-libraries-rocm-7.2.2/projects/rocfft/library/src/rtc_transpose_kernel.cpp:25:
In file included from /public/home/zhangkewei/zr/rocm-libraries-rocm-7.2.2/projects/rocfft/library/src/include/kernel_launch.h:28:
In file included from /public/home/zhangkewei/zr/rocm-libraries-rocm-7.2.2/projects/rocfft/library/src/include/tree_node.h:41:
In file included from /public/home/zhangkewei/zr/rocm-libraries-rocm-7.2.2/projects/rocfft/library/src/include/function_map_key.h:30:
/public/home/zhangkewei/zr/rocm-libraries-rocm-7.2.2/projects/rocfft/library/src/include/data_descriptor.h:201:5: warning: void function is missing a return statement [-Wreturn-type]
    }
    ^
/public/home/zhangkewei/zr/rocm-libraries-rocm-7.2.2/projects/rocfft/library/src/include/function_map_key.h:252:31: note: in instantiation of member function 'FieldParser<unsigned long>::parse' requested here
        FieldParser<size_t>().parse("tpb", tpb, current);
                              ^
In file included from /public/home/zhangkewei/zr/rocm-libraries-rocm-7.2.2/projects/rocfft/library/src/rtc_transpose_kernel.cpp:25:
In file included from /public/home/zhangkewei/zr/rocm-libraries-rocm-7.2.2/projects/rocfft/library/src/include/kernel_launch.h:28:
In file included from /public/home/zhangkewei/zr/rocm-libraries-rocm-7.2.2/projects/rocfft/library/src/include/tree_node.h:41:
In file included from /public/home/zhangkewei/zr/rocm-libraries-rocm-7.2.2/projects/rocfft/library/src/include/function_map_key.h:30:
/public/home/zhangkewei/zr/rocm-libraries-rocm-7.2.2/projects/rocfft/library/src/include/data_descriptor.h:201:5: warning: void function is missing a return statement [-Wreturn-type]
    }
    ^
/public/home/zhangkewei/zr/rocm-libraries-rocm-7.2.2/projects/rocfft/library/src/include/function_map_key.h:254:28: note: in instantiation of member function 'FieldParser<int>::parse' requested here
        FieldParser<int>().parse("wgs", ret.workgroup_size, current);
                           ^
In file included from /public/home/zhangkewei/zr/rocm-libraries-rocm-7.2.2/projects/rocfft/library/src/rtc_transpose_kernel.cpp:25:
In file included from /public/home/zhangkewei/zr/rocm-libraries-rocm-7.2.2/projects/rocfft/library/src/include/kernel_launch.h:28:
In file included from /public/home/zhangkewei/zr/rocm-libraries-rocm-7.2.2/projects/rocfft/library/src/include/tree_node.h:41:
In file included from /public/home/zhangkewei/zr/rocm-libraries-rocm-7.2.2/projects/rocfft/library/src/include/function_map_key.h:30:
/public/home/zhangkewei/zr/rocm-libraries-rocm-7.2.2/projects/rocfft/library/src/include/data_descriptor.h:217:5: warning: void function is missing a return statement [-Wreturn-type]
    }
    ^
/public/home/zhangkewei/zr/rocm-libraries-rocm-7.2.2/projects/rocfft/library/src/include/function_map_key.h:255:34: note: in instantiation of member function 'VectorFieldParser<int>::parse' requested here
        VectorFieldParser<int>().parse("tpt", tpt, current);
                                 ^
In file included from /public/home/zhangkewei/zr/rocm-libraries-rocm-7.2.2/projects/rocfft/library/src/rtc_transpose_kernel.cpp:25:
In file included from /public/home/zhangkewei/zr/rocm-libraries-rocm-7.2.2/projects/rocfft/library/src/include/kernel_launch.h:28:
In file included from /public/home/zhangkewei/zr/rocm-libraries-rocm-7.2.2/projects/rocfft/library/src/include/tree_node.h:41:
In file included from /public/home/zhangkewei/zr/rocm-libraries-rocm-7.2.2/projects/rocfft/library/src/include/function_map_key.h:30:
/public/home/zhangkewei/zr/rocm-libraries-rocm-7.2.2/projects/rocfft/library/src/include/data_descriptor.h:188:5: warning: void function is missing a return statement [-Wreturn-type]
    }
    ^
/public/home/zhangkewei/zr/rocm-libraries-rocm-7.2.2/projects/rocfft/library/src/include/data_descriptor.h:216:29: note: in instantiation of member function 'StringToVector<int>::Get' requested here
        StringToVector<T>().Get(vec, current);
                            ^
/public/home/zhangkewei/zr/rocm-libraries-rocm-7.2.2/projects/rocfft/library/src/include/function_map_key.h:255:34: note: in instantiation of member function 'VectorFieldParser<int>::parse' requested here
        VectorFieldParser<int>().parse("tpt", tpt, current);
                                 ^
In file included from /public/home/zhangkewei/zr/rocm-libraries-rocm-7.2.2/projects/rocfft/library/src/rtc_transpose_kernel.cpp:25:
In file included from /public/home/zhangkewei/zr/rocm-libraries-rocm-7.2.2/projects/rocfft/library/src/include/kernel_launch.h:28:
In file included from /public/home/zhangkewei/zr/rocm-libraries-rocm-7.2.2/projects/rocfft/library/src/include/tree_node.h:41:
In file included from /public/home/zhangkewei/zr/rocm-libraries-rocm-7.2.2/projects/rocfft/library/src/include/function_map_key.h:30:
/public/home/zhangkewei/zr/rocm-libraries-rocm-7.2.2/projects/rocfft/library/src/include/data_descriptor.h:217:5: warning: void function is missing a return statement [-Wreturn-type]
    }
    ^
/public/home/zhangkewei/zr/rocm-libraries-rocm-7.2.2/projects/rocfft/library/src/include/function_map_key.h:256:37: note: in instantiation of member function 'VectorFieldParser<unsigned long>::parse' requested here
        VectorFieldParser<size_t>().parse("factors", ret.factors, current);
                                    ^
In file included from /public/home/zhangkewei/zr/rocm-libraries-rocm-7.2.2/projects/rocfft/library/src/rtc_transpose_kernel.cpp:25:
In file included from /public/home/zhangkewei/zr/rocm-libraries-rocm-7.2.2/projects/rocfft/library/src/include/kernel_launch.h:28:
In file included from /public/home/zhangkewei/zr/rocm-libraries-rocm-7.2.2/projects/rocfft/library/src/include/tree_node.h:41:
In file included from /public/home/zhangkewei/zr/rocm-libraries-rocm-7.2.2/projects/rocfft/library/src/include/function_map_key.h:30:
/public/home/zhangkewei/zr/rocm-libraries-rocm-7.2.2/projects/rocfft/library/src/include/data_descriptor.h:188:5: warning: void function is missing a return statement [-Wreturn-type]
    }
    ^
/public/home/zhangkewei/zr/rocm-libraries-rocm-7.2.2/projects/rocfft/library/src/include/data_descriptor.h:216:29: note: in instantiation of member function 'StringToVector<unsigned long>::Get' requested here
        StringToVector<T>().Get(vec, current);
                            ^
/public/home/zhangkewei/zr/rocm-libraries-rocm-7.2.2/projects/rocfft/library/src/include/function_map_key.h:256:37: note: in instantiation of member function 'VectorFieldParser<unsigned long>::parse' requested here
        VectorFieldParser<size_t>().parse("factors", ret.factors, current);
                                    ^
In file included from /public/home/zhangkewei/zr/rocm-libraries-rocm-7.2.2/projects/rocfft/library/src/rtc_transpose_kernel.cpp:25:
In file included from /public/home/zhangkewei/zr/rocm-libraries-rocm-7.2.2/projects/rocfft/library/src/include/kernel_launch.h:28:
In file included from /public/home/zhangkewei/zr/rocm-libraries-rocm-7.2.2/projects/rocfft/library/src/include/tree_node.h:41:
In file included from /public/home/zhangkewei/zr/rocm-libraries-rocm-7.2.2/projects/rocfft/library/src/include/function_map_key.h:30:
/public/home/zhangkewei/zr/rocm-libraries-rocm-7.2.2/projects/rocfft/library/src/include/data_descriptor.h:201:5: warning: void function is missing a return statement [-Wreturn-type]
    }
    ^
/public/home/zhangkewei/zr/rocm-libraries-rocm-7.2.2/projects/rocfft/library/src/include/function_map_key.h:269:40: note: in instantiation of member function 'FieldParser<std::basic_string<char>>::parse' requested here
            FieldParser<std::string>().parse("ebtype", ebTypeStr, current);
                                       ^
In file included from /public/home/zhangkewei/zr/rocm-libraries-rocm-7.2.2/projects/rocfft/library/src/rtc_transpose_kernel.cpp:25:
In file included from /public/home/zhangkewei/zr/rocm-libraries-rocm-7.2.2/projects/rocfft/library/src/include/kernel_launch.h:28:
In file included from /public/home/zhangkewei/zr/rocm-libraries-rocm-7.2.2/projects/rocfft/library/src/include/tree_node.h:41:
In file included from /public/home/zhangkewei/zr/rocm-libraries-rocm-7.2.2/projects/rocfft/library/src/include/function_map_key.h:30:
/public/home/zhangkewei/zr/rocm-libraries-rocm-7.2.2/projects/rocfft/library/src/include/data_descriptor.h:201:5: warning: void function is missing a return statement [-Wreturn-type]
    }
    ^
/public/home/zhangkewei/zr/rocm-libraries-rocm-7.2.2/projects/rocfft/library/src/include/function_map_key.h:456:37: note: in instantiation of member function 'FieldParser<KernelConfig>::parse' requested here
        FieldParser<KernelConfig>().parse("kernelConfig", config, current);
                                    ^
In file included from /public/home/zhangkewei/zr/rocm-libraries-rocm-7.2.2/projects/rocfft/library/src/rtc_transpose_kernel.cpp:25:
In file included from /public/home/zhangkewei/zr/rocm-libraries-rocm-7.2.2/projects/rocfft/library/src/include/kernel_launch.h:28:
In file included from /public/home/zhangkewei/zr/rocm-libraries-rocm-7.2.2/projects/rocfft/library/src/include/tree_node.h:32:
/public/home/zhangkewei/zr/rocm-libraries-rocm-7.2.2/projects/rocfft/library/src/include/../../../shared/gpubuf.h:114:5: warning: void function is missing a return statement [-Wreturn-type]
    }
    ^
/public/home/zhangkewei/zr/rocm-libraries-rocm-7.2.2/projects/rocfft/library/src/include/../../../shared/gpubuf.h:67:9: note: in instantiation of member function 'gpubuf_t<unsigned long>::free' requested here
        free();
        ^
/public/home/zhangkewei/zr/rocm-libraries-rocm-7.2.2/projects/rocfft/library/src/include/tree_node.h:262:5: note: in instantiation of member function 'gpubuf_t<unsigned long>::~gpubuf_t' requested here
    TreeNode(TreeNode* p)
    ^
In file included from /public/home/zhangkewei/zr/rocm-libraries-rocm-7.2.2/projects/rocfft/library/src/rtc_transpose_kernel.cpp:25:
In file included from /public/home/zhangkewei/zr/rocm-libraries-rocm-7.2.2/projects/rocfft/library/src/include/kernel_launch.h:28:
In file included from /public/home/zhangkewei/zr/rocm-libraries-rocm-7.2.2/projects/rocfft/library/src/include/tree_node.h:32:
/public/home/zhangkewei/zr/rocm-libraries-rocm-7.2.2/projects/rocfft/library/src/include/../../../shared/gpubuf.h:114:5: warning: void function is missing a return statement [-Wreturn-type]
    }
    ^
/public/home/zhangkewei/zr/rocm-libraries-rocm-7.2.2/projects/rocfft/library/src/include/../../../shared/gpubuf.h:67:9: note: in instantiation of member function 'gpubuf_t<unsigned long>::free' requested here
        free();
        ^
/public/home/zhangkewei/zr/rocm-libraries-rocm-7.2.2/projects/rocfft/library/src/include/tree_node.h:262:5: note: in instantiation of member function 'gpubuf_t<unsigned long>::~gpubuf_t' requested here
    TreeNode(TreeNode* p)
    ^
In file included from /public/home/zhangkewei/zr/rocm-libraries-rocm-7.2.2/projects/rocfft/library/src/rtc_transpose_kernel.cpp:25:
In file included from /public/home/zhangkewei/zr/rocm-libraries-rocm-7.2.2/projects/rocfft/library/src/include/kernel_launch.h:28:
In file included from /public/home/zhangkewei/zr/rocm-libraries-rocm-7.2.2/projects/rocfft/library/src/include/tree_node.h:32:
/public/home/zhangkewei/zr/rocm-libraries-rocm-7.2.2/projects/rocfft/library/src/include/../../../shared/gpubuf.h:114:5: warning: void function is missing a return statement [-Wreturn-type]
    }
    ^
/public/home/zhangkewei/zr/rocm-libraries-rocm-7.2.2/projects/rocfft/library/src/include/../../../shared/gpubuf.h:67:9: note: in instantiation of member function 'gpubuf_t<>::free' requested here
        free();
        ^
/public/home/zhangkewei/zr/rocm-libraries-rocm-7.2.2/projects/rocfft/library/src/include/tree_node.h:846:5: note: in instantiation of member function 'gpubuf_t<>::~gpubuf_t' requested here
    InternalTempBuffer(int comm_rank)
    ^
In file included from /public/home/zhangkewei/zr/rocm-libraries-rocm-7.2.2/projects/rocfft/library/src/rtc_transpose_kernel.cpp:25:
In file included from /public/home/zhangkewei/zr/rocm-libraries-rocm-7.2.2/projects/rocfft/library/src/include/kernel_launch.h:28:
In file included from /public/home/zhangkewei/zr/rocm-libraries-rocm-7.2.2/projects/rocfft/library/src/include/tree_node.h:32:
/public/home/zhangkewei/zr/rocm-libraries-rocm-7.2.2/projects/rocfft/library/src/include/../../../shared/gpubuf.h:114:5: warning: void function is missing a return statement [-Wreturn-type]
    }
    ^
/public/home/zhangkewei/zr/rocm-libraries-rocm-7.2.2/projects/rocfft/library/src/include/../../../shared/gpubuf.h:67:9: note: in instantiation of member function 'gpubuf_t<>::free' requested here
        free();
        ^
/public/home/zhangkewei/zr/rocm-libraries-rocm-7.2.2/projects/rocfft/library/src/include/tree_node.h:846:5: note: in instantiation of member function 'gpubuf_t<>::~gpubuf_t' requested here
    InternalTempBuffer(int comm_rank)
    ^
In file included from /public/home/zhangkewei/zr/rocm-libraries-rocm-7.2.2/projects/rocfft/library/src/rtc_transpose_kernel.cpp:25:
In file included from /public/home/zhangkewei/zr/rocm-libraries-rocm-7.2.2/projects/rocfft/library/src/include/kernel_launch.h:28:
In file included from /public/home/zhangkewei/zr/rocm-libraries-rocm-7.2.2/projects/rocfft/library/src/include/tree_node.h:32:
/public/home/zhangkewei/zr/rocm-libraries-rocm-7.2.2/projects/rocfft/library/src/include/../../../shared/gpubuf.h:114:5: warning: void function is missing a return statement [-Wreturn-type]
    }
    ^
/public/home/zhangkewei/zr/rocm-libraries-rocm-7.2.2/projects/rocfft/library/src/include/../../../shared/gpubuf.h:67:9: note: in instantiation of member function 'gpubuf_t<unsigned long>::free' requested here
        free();
        ^
/public/home/zhangkewei/zr/rocm-libraries-rocm-7.2.2/projects/rocfft/library/src/include/tree_node.h:262:5: note: in instantiation of member function 'gpubuf_t<unsigned long>::~gpubuf_t' requested here
    TreeNode(TreeNode* p)
    ^
In file included from /public/home/zhangkewei/zr/rocm-libraries-rocm-7.2.2/projects/rocfft/library/src/rtc_transpose_kernel.cpp:25:
In file included from /public/home/zhangkewei/zr/rocm-libraries-rocm-7.2.2/projects/rocfft/library/src/include/kernel_launch.h:28:
In file included from /public/home/zhangkewei/zr/rocm-libraries-rocm-7.2.2/projects/rocfft/library/src/include/tree_node.h:33:
/public/home/zhangkewei/zr/rocm-libraries-rocm-7.2.2/projects/rocfft/library/src/include/../../../shared/hip_object_wrapper.h:50:5: warning: void function is missing a return statement [-Wreturn-type]
    }
    ^
/public/home/zhangkewei/zr/rocm-libraries-rocm-7.2.2/projects/rocfft/library/src/include/../../../shared/hip_object_wrapper.h:68:9: note: in instantiation of member function 'hip_object_wrapper_t<ihipStream_t *, &hipStreamCreate, &hipStreamDestroy>::free' requested here
        free();
        ^
/public/home/zhangkewei/zr/rocm-libraries-rocm-7.2.2/projects/rocfft/library/src/include/tree_node.h:1110:5: note: in instantiation of member function 'hip_object_wrapper_t<ihipStream_t *, &hipStreamCreate, &hipStreamDestroy>::~hip_object_wrapper_t' requested here
    CommPointToPoint(int               local_comm_rank,
    ^
In file included from /public/home/zhangkewei/zr/rocm-libraries-rocm-7.2.2/projects/rocfft/library/src/rtc_transpose_kernel.cpp:25:
In file included from /public/home/zhangkewei/zr/rocm-libraries-rocm-7.2.2/projects/rocfft/library/src/include/kernel_launch.h:28:
In file included from /public/home/zhangkewei/zr/rocm-libraries-rocm-7.2.2/projects/rocfft/library/src/include/tree_node.h:33:
/public/home/zhangkewei/zr/rocm-libraries-rocm-7.2.2/projects/rocfft/library/src/include/../../../shared/hip_object_wrapper.h:50:5: warning: void function is missing a return statement [-Wreturn-type]
    }
    ^
/public/home/zhangkewei/zr/rocm-libraries-rocm-7.2.2/projects/rocfft/library/src/include/../../../shared/hip_object_wrapper.h:68:9: note: in instantiation of member function 'hip_object_wrapper_t<ihipEvent_t *, &hipEventCreate, &hipEventDestroy>::free' requested here
        free();
        ^
/public/home/zhangkewei/zr/rocm-libraries-rocm-7.2.2/projects/rocfft/library/src/include/tree_node.h:1110:5: note: in instantiation of member function 'hip_object_wrapper_t<ihipEvent_t *, &hipEventCreate, &hipEventDestroy>::~hip_object_wrapper_t' requested here
    CommPointToPoint(int               local_comm_rank,
    ^
In file included from /public/home/zhangkewei/zr/rocm-libraries-rocm-7.2.2/projects/rocfft/library/src/rtc_transpose_kernel.cpp:25:
In file included from /public/home/zhangkewei/zr/rocm-libraries-rocm-7.2.2/projects/rocfft/library/src/include/kernel_launch.h:28:
In file included from /public/home/zhangkewei/zr/rocm-libraries-rocm-7.2.2/projects/rocfft/library/src/include/tree_node.h:33:
/public/home/zhangkewei/zr/rocm-libraries-rocm-7.2.2/projects/rocfft/library/src/include/../../../shared/hip_object_wrapper.h:50:5: warning: void function is missing a return statement [-Wreturn-type]
    }
    ^
/public/home/zhangkewei/zr/rocm-libraries-rocm-7.2.2/projects/rocfft/library/src/include/../../../shared/hip_object_wrapper.h:68:9: note: in instantiation of member function 'hip_object_wrapper_t<ihipStream_t *, &hipStreamCreate, &hipStreamDestroy>::free' requested here
        free();
        ^
/public/home/zhangkewei/zr/rocm-libraries-rocm-7.2.2/projects/rocfft/library/src/include/tree_node.h:1110:5: note: in instantiation of member function 'hip_object_wrapper_t<ihipStream_t *, &hipStreamCreate, &hipStreamDestroy>::~hip_object_wrapper_t' requested here
    CommPointToPoint(int               local_comm_rank,
    ^
In file included from /public/home/zhangkewei/zr/rocm-libraries-rocm-7.2.2/projects/rocfft/library/src/rtc_transpose_kernel.cpp:25:
In file included from /public/home/zhangkewei/zr/rocm-libraries-rocm-7.2.2/projects/rocfft/library/src/include/kernel_launch.h:28:
In file included from /public/home/zhangkewei/zr/rocm-libraries-rocm-7.2.2/projects/rocfft/library/src/include/tree_node.h:33:
/public/home/zhangkewei/zr/rocm-libraries-rocm-7.2.2/projects/rocfft/library/src/include/../../../shared/hip_object_wrapper.h:50:5: warning: void function is missing a return statement [-Wreturn-type]
    }
    ^
/public/home/zhangkewei/zr/rocm-libraries-rocm-7.2.2/projects/rocfft/library/src/include/../../../shared/hip_object_wrapper.h:68:9: note: in instantiation of member function 'hip_object_wrapper_t<ihipEvent_t *, &hipEventCreate, &hipEventDestroy>::free' requested here
        free();
        ^
/public/home/zhangkewei/zr/rocm-libraries-rocm-7.2.2/projects/rocfft/library/src/include/tree_node.h:1110:5: note: in instantiation of member function 'hip_object_wrapper_t<ihipEvent_t *, &hipEventCreate, &hipEventDestroy>::~hip_object_wrapper_t' requested here
    CommPointToPoint(int               local_comm_rank,
    ^
In file included from /public/home/zhangkewei/zr/rocm-libraries-rocm-7.2.2/projects/rocfft/library/src/rtc_transpose_kernel.cpp:25:
In file included from /public/home/zhangkewei/zr/rocm-libraries-rocm-7.2.2/projects/rocfft/library/src/include/kernel_launch.h:28:
In file included from /public/home/zhangkewei/zr/rocm-libraries-rocm-7.2.2/projects/rocfft/library/src/include/tree_node.h:32:
/public/home/zhangkewei/zr/rocm-libraries-rocm-7.2.2/projects/rocfft/library/src/include/../../../shared/gpubuf.h:114:5: warning: void function is missing a return statement [-Wreturn-type]
    }
    ^
/public/home/zhangkewei/zr/rocm-libraries-rocm-7.2.2/projects/rocfft/library/src/include/../../../shared/gpubuf.h:67:9: note: in instantiation of member function 'gpubuf_t<>::free' requested here
        free();
        ^
/public/home/zhangkewei/zr/rocm-libraries-rocm-7.2.2/projects/rocfft/library/src/include/tree_node.h:846:5: note: in instantiation of member function 'gpubuf_t<>::~gpubuf_t' requested here
    InternalTempBuffer(int comm_rank)
    ^
In file included from /public/home/zhangkewei/zr/rocm-libraries-rocm-7.2.2/projects/rocfft/library/src/rtc_transpose_kernel.cpp:25:
In file included from /public/home/zhangkewei/zr/rocm-libraries-rocm-7.2.2/projects/rocfft/library/src/include/kernel_launch.h:28:
In file included from /public/home/zhangkewei/zr/rocm-libraries-rocm-7.2.2/projects/rocfft/library/src/include/tree_node.h:33:
/public/home/zhangkewei/zr/rocm-libraries-rocm-7.2.2/projects/rocfft/library/src/include/../../../shared/hip_object_wrapper.h:50:5: warning: void function is missing a return statement [-Wreturn-type]
    }
    ^
/public/home/zhangkewei/zr/rocm-libraries-rocm-7.2.2/projects/rocfft/library/src/include/../../../shared/hip_object_wrapper.h:68:9: note: in instantiation of member function 'hip_object_wrapper_t<ihipStream_t *, &hipStreamCreate, &hipStreamDestroy>::free' requested here
        free();
        ^
/public/home/zhangkewei/zr/rocm-libraries-rocm-7.2.2/projects/rocfft/library/src/include/tree_node.h:1110:5: note: in instantiation of member function 'hip_object_wrapper_t<ihipStream_t *, &hipStreamCreate, &hipStreamDestroy>::~hip_object_wrapper_t' requested here
    CommPointToPoint(int               local_comm_rank,
    ^
In file included from /public/home/zhangkewei/zr/rocm-libraries-rocm-7.2.2/projects/rocfft/library/src/rtc_transpose_kernel.cpp:25:
In file included from /public/home/zhangkewei/zr/rocm-libraries-rocm-7.2.2/projects/rocfft/library/src/include/kernel_launch.h:28:
In file included from /public/home/zhangkewei/zr/rocm-libraries-rocm-7.2.2/projects/rocfft/library/src/include/tree_node.h:33:
/public/home/zhangkewei/zr/rocm-libraries-rocm-7.2.2/projects/rocfft/library/src/include/../../../shared/hip_object_wrapper.h:50:5: warning: void function is missing a return statement [-Wreturn-type]
    }
    ^
/public/home/zhangkewei/zr/rocm-libraries-rocm-7.2.2/projects/rocfft/library/src/include/../../../shared/hip_object_wrapper.h:68:9: note: in instantiation of member function 'hip_object_wrapper_t<ihipEvent_t *, &hipEventCreate, &hipEventDestroy>::free' requested here
        free();
        ^
/public/home/zhangkewei/zr/rocm-libraries-rocm-7.2.2/projects/rocfft/library/src/include/tree_node.h:1110:5: note: in instantiation of member function 'hip_object_wrapper_t<ihipEvent_t *, &hipEventCreate, &hipEventDestroy>::~hip_object_wrapper_t' requested here
    CommPointToPoint(int               local_comm_rank,
    ^
42 warnings generated when compiling for gfx928.
42 warnings generated when compiling for gfx926.
42 warnings generated when compiling for gfx906.
In file included from /public/home/zhangkewei/zr/rocm-libraries-rocm-7.2.2/projects/rocfft/library/src/rtc_transpose_kernel.cpp:25:
In file included from /public/home/zhangkewei/zr/rocm-libraries-rocm-7.2.2/projects/rocfft/library/src/include/kernel_launch.h:28:
In file included from /public/home/zhangkewei/zr/rocm-libraries-rocm-7.2.2/projects/rocfft/library/src/include/tree_node.h:41:
In file included from /public/home/zhangkewei/zr/rocm-libraries-rocm-7.2.2/projects/rocfft/library/src/include/function_map_key.h:30:
/public/home/zhangkewei/zr/rocm-libraries-rocm-7.2.2/projects/rocfft/library/src/include/data_descriptor.h:145:5: warning: void function is missing a return statement [-Wreturn-type]
    }
    ^
/public/home/zhangkewei/zr/rocm-libraries-rocm-7.2.2/projects/rocfft/library/src/include/data_descriptor.h:154:5: warning: void function is missing a return statement [-Wreturn-type]
    }
    ^
/public/home/zhangkewei/zr/rocm-libraries-rocm-7.2.2/projects/rocfft/library/src/include/data_descriptor.h:163:5: warning: void function is missing a return statement [-Wreturn-type]
    }
    ^
/public/home/zhangkewei/zr/rocm-libraries-rocm-7.2.2/projects/rocfft/library/src/include/data_descriptor.h:172:5: warning: void function is missing a return statement [-Wreturn-type]
    }
    ^
In file included from /public/home/zhangkewei/zr/rocm-libraries-rocm-7.2.2/projects/rocfft/library/src/rtc_transpose_kernel.cpp:25:
In file included from /public/home/zhangkewei/zr/rocm-libraries-rocm-7.2.2/projects/rocfft/library/src/include/kernel_launch.h:28:
In file included from /public/home/zhangkewei/zr/rocm-libraries-rocm-7.2.2/projects/rocfft/library/src/include/tree_node.h:41:
/public/home/zhangkewei/zr/rocm-libraries-rocm-7.2.2/projects/rocfft/library/src/include/function_map_key.h:284:5: warning: void function is missing a return statement [-Wreturn-type]
    }
    ^
/public/home/zhangkewei/zr/rocm-libraries-rocm-7.2.2/projects/rocfft/library/src/include/function_map_key.h:420:1: warning: void function is missing a return statement [-Wreturn-type]
}
^
/public/home/zhangkewei/zr/rocm-libraries-rocm-7.2.2/projects/rocfft/library/src/include/function_map_key.h:463:5: warning: void function is missing a return statement [-Wreturn-type]
    }
    ^
In file included from /public/home/zhangkewei/zr/rocm-libraries-rocm-7.2.2/projects/rocfft/library/src/rtc_transpose_kernel.cpp:25:
In file included from /public/home/zhangkewei/zr/rocm-libraries-rocm-7.2.2/projects/rocfft/library/src/include/kernel_launch.h:28:
In file included from /public/home/zhangkewei/zr/rocm-libraries-rocm-7.2.2/projects/rocfft/library/src/include/tree_node.h:42:
/public/home/zhangkewei/zr/rocm-libraries-rocm-7.2.2/projects/rocfft/library/src/include/function_pool.h:410:1: warning: void function is missing a return statement [-Wreturn-type]
}
^
/public/home/zhangkewei/zr/rocm-libraries-rocm-7.2.2/projects/rocfft/library/src/include/function_pool.h:433:1: warning: void function is missing a return statement [-Wreturn-type]
}
^
In file included from /public/home/zhangkewei/zr/rocm-libraries-rocm-7.2.2/projects/rocfft/library/src/rtc_transpose_kernel.cpp:25:
In file included from /public/home/zhangkewei/zr/rocm-libraries-rocm-7.2.2/projects/rocfft/library/src/include/kernel_launch.h:28:
In file included from /public/home/zhangkewei/zr/rocm-libraries-rocm-7.2.2/projects/rocfft/library/src/include/tree_node.h:45:
In file included from /public/home/zhangkewei/zr/rocm-libraries-rocm-7.2.2/projects/rocfft/library/src/include/logging.h:26:
/public/home/zhangkewei/zr/rocm-libraries-rocm-7.2.2/projects/rocfft/library/src/include/rocfft_ostream.hpp:109:13: warning: void function is missing a return statement [-Wreturn-type]
            }
            ^
/public/home/zhangkewei/zr/rocm-libraries-rocm-7.2.2/projects/rocfft/library/src/include/rocfft_ostream.hpp:225:5: warning: void function is missing a return statement [-Wreturn-type]
    }
    ^
In file included from /public/home/zhangkewei/zr/rocm-libraries-rocm-7.2.2/projects/rocfft/library/src/rtc_transpose_kernel.cpp:25:
In file included from /public/home/zhangkewei/zr/rocm-libraries-rocm-7.2.2/projects/rocfft/library/src/include/kernel_launch.h:28:
In file included from /public/home/zhangkewei/zr/rocm-libraries-rocm-7.2.2/projects/rocfft/library/src/include/tree_node.h:45:
/public/home/zhangkewei/zr/rocm-libraries-rocm-7.2.2/projects/rocfft/library/src/include/logging.h:173:5: warning: void function is missing a return statement [-Wreturn-type]
    }
    ^
/public/home/zhangkewei/zr/rocm-libraries-rocm-7.2.2/projects/rocfft/library/src/include/logging.h:298:1: warning: void function is missing a return statement [-Wreturn-type]
}
^
In file included from /public/home/zhangkewei/zr/rocm-libraries-rocm-7.2.2/projects/rocfft/library/src/rtc_transpose_kernel.cpp:25:
In file included from /public/home/zhangkewei/zr/rocm-libraries-rocm-7.2.2/projects/rocfft/library/src/include/kernel_launch.h:28:
In file included from /public/home/zhangkewei/zr/rocm-libraries-rocm-7.2.2/projects/rocfft/library/src/include/tree_node.h:47:
/public/home/zhangkewei/zr/rocm-libraries-rocm-7.2.2/projects/rocfft/library/src/include/rtc_kernel.h:50:5: warning: void function is missing a return statement [-Wreturn-type]
    }
    ^
/public/home/zhangkewei/zr/rocm-libraries-rocm-7.2.2/projects/rocfft/library/src/include/rtc_kernel.h:54:5: warning: void function is missing a return statement [-Wreturn-type]
    }
    ^
/public/home/zhangkewei/zr/rocm-libraries-rocm-7.2.2/projects/rocfft/library/src/include/rtc_kernel.h:58:5: warning: void function is missing a return statement [-Wreturn-type]
    }
    ^
/public/home/zhangkewei/zr/rocm-libraries-rocm-7.2.2/projects/rocfft/library/src/include/rtc_kernel.h:62:5: warning: void function is missing a return statement [-Wreturn-type]
    }
    ^
/public/home/zhangkewei/zr/rocm-libraries-rocm-7.2.2/projects/rocfft/library/src/include/rtc_kernel.h:66:5: warning: void function is missing a return statement [-Wreturn-type]
    }
    ^
/public/home/zhangkewei/zr/rocm-libraries-rocm-7.2.2/projects/rocfft/library/src/include/rtc_kernel.h:70:5: warning: void function is missing a return statement [-Wreturn-type]
    }
    ^
/public/home/zhangkewei/zr/rocm-libraries-rocm-7.2.2/projects/rocfft/library/src/include/rtc_kernel.h:74:5: warning: void function is missing a return statement [-Wreturn-type]
    }
    ^
/public/home/zhangkewei/zr/rocm-libraries-rocm-7.2.2/projects/rocfft/library/src/include/rtc_kernel.h:102:5: warning: void function is missing a return statement [-Wreturn-type]
    }
    ^
In file included from /public/home/zhangkewei/zr/rocm-libraries-rocm-7.2.2/projects/rocfft/library/src/rtc_transpose_kernel.cpp:25:
In file included from /public/home/zhangkewei/zr/rocm-libraries-rocm-7.2.2/projects/rocfft/library/src/include/kernel_launch.h:28:
/public/home/zhangkewei/zr/rocm-libraries-rocm-7.2.2/projects/rocfft/library/src/include/tree_node.h:1236:5: warning: void function is missing a return statement [-Wreturn-type]
    }
    ^
/public/home/zhangkewei/zr/rocm-libraries-rocm-7.2.2/projects/rocfft/library/src/include/tree_node.h:1341:5: warning: void function is missing a return statement [-Wreturn-type]
    }
    ^
In file included from /public/home/zhangkewei/zr/rocm-libraries-rocm-7.2.2/projects/rocfft/library/src/rtc_transpose_kernel.cpp:25:
In file included from /public/home/zhangkewei/zr/rocm-libraries-rocm-7.2.2/projects/rocfft/library/src/include/kernel_launch.h:26:
/public/home/zhangkewei/zr/rocm-libraries-rocm-7.2.2/projects/rocfft/library/src/include/../device/kernels/callback.h:52:1: warning: void function is missing a return statement [-Wreturn-type]
}
^
/public/home/zhangkewei/zr/rocm-libraries-rocm-7.2.2/projects/rocfft/library/src/include/../device/kernels/callback.h:74:7: note: in instantiation of function template specialization 'store_cb_default<rocfft_complex<_Float16>>' requested here
    = store_cb_default<rocfft_complex<rocfft_fp16>>;
      ^
/public/home/zhangkewei/zr/rocm-libraries-rocm-7.2.2/projects/rocfft/library/src/include/../device/kernels/callback.h:52:1: warning: void function is missing a return statement [-Wreturn-type]
}
^
/public/home/zhangkewei/zr/rocm-libraries-rocm-7.2.2/projects/rocfft/library/src/include/../device/kernels/callback.h:91:57: note: in instantiation of function template specialization 'store_cb_default<rocfft_complex<float>>' requested here
static __device__ auto store_cb_default_complex_float = store_cb_default<rocfft_complex<float>>;
                                                        ^
/public/home/zhangkewei/zr/rocm-libraries-rocm-7.2.2/projects/rocfft/library/src/include/../device/kernels/callback.h:52:1: warning: void function is missing a return statement [-Wreturn-type]
}
^
/public/home/zhangkewei/zr/rocm-libraries-rocm-7.2.2/projects/rocfft/library/src/include/../device/kernels/callback.h:108:58: note: in instantiation of function template specialization 'store_cb_default<rocfft_complex<double>>' requested here
static __device__ auto store_cb_default_complex_double = store_cb_default<rocfft_complex<double>>;
                                                         ^
/public/home/zhangkewei/zr/rocm-libraries-rocm-7.2.2/projects/rocfft/library/src/include/../device/kernels/callback.h:52:1: warning: void function is missing a return statement [-Wreturn-type]
}
^
/public/home/zhangkewei/zr/rocm-libraries-rocm-7.2.2/projects/rocfft/library/src/include/../device/kernels/callback.h:119:48: note: in instantiation of function template specialization 'store_cb_default<_Float16>' requested here
static __device__ auto store_cb_default_half = store_cb_default<rocfft_fp16>;
                                               ^
/public/home/zhangkewei/zr/rocm-libraries-rocm-7.2.2/projects/rocfft/library/src/include/../device/kernels/callback.h:52:1: warning: void function is missing a return statement [-Wreturn-type]
}
^
/public/home/zhangkewei/zr/rocm-libraries-rocm-7.2.2/projects/rocfft/library/src/include/../device/kernels/callback.h:129:49: note: in instantiation of function template specialization 'store_cb_default<float>' requested here
static __device__ auto store_cb_default_float = store_cb_default<float>;
                                                ^
/public/home/zhangkewei/zr/rocm-libraries-rocm-7.2.2/projects/rocfft/library/src/include/../device/kernels/callback.h:52:1: warning: void function is missing a return statement [-Wreturn-type]
}
^
/public/home/zhangkewei/zr/rocm-libraries-rocm-7.2.2/projects/rocfft/library/src/include/../device/kernels/callback.h:140:50: note: in instantiation of function template specialization 'store_cb_default<double>' requested here
static __device__ auto store_cb_default_double = store_cb_default<double>;
                                                 ^
In file included from /public/home/zhangkewei/zr/rocm-libraries-rocm-7.2.2/projects/rocfft/library/src/rtc_transpose_kernel.cpp:25:
In file included from /public/home/zhangkewei/zr/rocm-libraries-rocm-7.2.2/projects/rocfft/library/src/include/kernel_launch.h:28:
In file included from /public/home/zhangkewei/zr/rocm-libraries-rocm-7.2.2/projects/rocfft/library/src/include/tree_node.h:41:
In file included from /public/home/zhangkewei/zr/rocm-libraries-rocm-7.2.2/projects/rocfft/library/src/include/function_map_key.h:30:
/public/home/zhangkewei/zr/rocm-libraries-rocm-7.2.2/projects/rocfft/library/src/include/data_descriptor.h:201:5: warning: void function is missing a return statement [-Wreturn-type]
    }
    ^
/public/home/zhangkewei/zr/rocm-libraries-rocm-7.2.2/projects/rocfft/library/src/include/function_map_key.h:248:29: note: in instantiation of member function 'FieldParser<bool>::parse' requested here
        FieldParser<bool>().parse("use_3steps", ret.use_3steps_large_twd, current);
                            ^
In file included from /public/home/zhangkewei/zr/rocm-libraries-rocm-7.2.2/projects/rocfft/library/src/rtc_transpose_kernel.cpp:25:
In file included from /public/home/zhangkewei/zr/rocm-libraries-rocm-7.2.2/projects/rocfft/library/src/include/kernel_launch.h:28:
In file included from /public/home/zhangkewei/zr/rocm-libraries-rocm-7.2.2/projects/rocfft/library/src/include/tree_node.h:41:
In file included from /public/home/zhangkewei/zr/rocm-libraries-rocm-7.2.2/projects/rocfft/library/src/include/function_map_key.h:30:
/public/home/zhangkewei/zr/rocm-libraries-rocm-7.2.2/projects/rocfft/library/src/include/data_descriptor.h:201:5: warning: void function is missing a return statement [-Wreturn-type]
    }
    ^
/public/home/zhangkewei/zr/rocm-libraries-rocm-7.2.2/projects/rocfft/library/src/include/function_map_key.h:252:31: note: in instantiation of member function 'FieldParser<unsigned long>::parse' requested here
        FieldParser<size_t>().parse("tpb", tpb, current);
                              ^
In file included from /public/home/zhangkewei/zr/rocm-libraries-rocm-7.2.2/projects/rocfft/library/src/rtc_transpose_kernel.cpp:25:
In file included from /public/home/zhangkewei/zr/rocm-libraries-rocm-7.2.2/projects/rocfft/library/src/include/kernel_launch.h:28:
In file included from /public/home/zhangkewei/zr/rocm-libraries-rocm-7.2.2/projects/rocfft/library/src/include/tree_node.h:41:
In file included from /public/home/zhangkewei/zr/rocm-libraries-rocm-7.2.2/projects/rocfft/library/src/include/function_map_key.h:30:
/public/home/zhangkewei/zr/rocm-libraries-rocm-7.2.2/projects/rocfft/library/src/include/data_descriptor.h:201:5: warning: void function is missing a return statement [-Wreturn-type]
    }
    ^
/public/home/zhangkewei/zr/rocm-libraries-rocm-7.2.2/projects/rocfft/library/src/include/function_map_key.h:254:28: note: in instantiation of member function 'FieldParser<int>::parse' requested here
        FieldParser<int>().parse("wgs", ret.workgroup_size, current);
                           ^
In file included from /public/home/zhangkewei/zr/rocm-libraries-rocm-7.2.2/projects/rocfft/library/src/rtc_transpose_kernel.cpp:25:
In file included from /public/home/zhangkewei/zr/rocm-libraries-rocm-7.2.2/projects/rocfft/library/src/include/kernel_launch.h:28:
In file included from /public/home/zhangkewei/zr/rocm-libraries-rocm-7.2.2/projects/rocfft/library/src/include/tree_node.h:41:
In file included from /public/home/zhangkewei/zr/rocm-libraries-rocm-7.2.2/projects/rocfft/library/src/include/function_map_key.h:30:
/public/home/zhangkewei/zr/rocm-libraries-rocm-7.2.2/projects/rocfft/library/src/include/data_descriptor.h:217:5: warning: void function is missing a return statement [-Wreturn-type]
    }
    ^
/public/home/zhangkewei/zr/rocm-libraries-rocm-7.2.2/projects/rocfft/library/src/include/function_map_key.h:255:34: note: in instantiation of member function 'VectorFieldParser<int>::parse' requested here
        VectorFieldParser<int>().parse("tpt", tpt, current);
                                 ^
In file included from /public/home/zhangkewei/zr/rocm-libraries-rocm-7.2.2/projects/rocfft/library/src/rtc_transpose_kernel.cpp:25:
In file included from /public/home/zhangkewei/zr/rocm-libraries-rocm-7.2.2/projects/rocfft/library/src/include/kernel_launch.h:28:
In file included from /public/home/zhangkewei/zr/rocm-libraries-rocm-7.2.2/projects/rocfft/library/src/include/tree_node.h:41:
In file included from /public/home/zhangkewei/zr/rocm-libraries-rocm-7.2.2/projects/rocfft/library/src/include/function_map_key.h:30:
/public/home/zhangkewei/zr/rocm-libraries-rocm-7.2.2/projects/rocfft/library/src/include/data_descriptor.h:188:5: warning: void function is missing a return statement [-Wreturn-type]
    }
    ^
/public/home/zhangkewei/zr/rocm-libraries-rocm-7.2.2/projects/rocfft/library/src/include/data_descriptor.h:216:29: note: in instantiation of member function 'StringToVector<int>::Get' requested here
        StringToVector<T>().Get(vec, current);
                            ^
/public/home/zhangkewei/zr/rocm-libraries-rocm-7.2.2/projects/rocfft/library/src/include/function_map_key.h:255:34: note: in instantiation of member function 'VectorFieldParser<int>::parse' requested here
        VectorFieldParser<int>().parse("tpt", tpt, current);
                                 ^
In file included from /public/home/zhangkewei/zr/rocm-libraries-rocm-7.2.2/projects/rocfft/library/src/rtc_transpose_kernel.cpp:25:
In file included from /public/home/zhangkewei/zr/rocm-libraries-rocm-7.2.2/projects/rocfft/library/src/include/kernel_launch.h:28:
In file included from /public/home/zhangkewei/zr/rocm-libraries-rocm-7.2.2/projects/rocfft/library/src/include/tree_node.h:41:
In file included from /public/home/zhangkewei/zr/rocm-libraries-rocm-7.2.2/projects/rocfft/library/src/include/function_map_key.h:30:
/public/home/zhangkewei/zr/rocm-libraries-rocm-7.2.2/projects/rocfft/library/src/include/data_descriptor.h:217:5: warning: void function is missing a return statement [-Wreturn-type]
    }
    ^
/public/home/zhangkewei/zr/rocm-libraries-rocm-7.2.2/projects/rocfft/library/src/include/function_map_key.h:256:37: note: in instantiation of member function 'VectorFieldParser<unsigned long>::parse' requested here
        VectorFieldParser<size_t>().parse("factors", ret.factors, current);
                                    ^
In file included from /public/home/zhangkewei/zr/rocm-libraries-rocm-7.2.2/projects/rocfft/library/src/rtc_transpose_kernel.cpp:25:
In file included from /public/home/zhangkewei/zr/rocm-libraries-rocm-7.2.2/projects/rocfft/library/src/include/kernel_launch.h:28:
In file included from /public/home/zhangkewei/zr/rocm-libraries-rocm-7.2.2/projects/rocfft/library/src/include/tree_node.h:41:
In file included from /public/home/zhangkewei/zr/rocm-libraries-rocm-7.2.2/projects/rocfft/library/src/include/function_map_key.h:30:
/public/home/zhangkewei/zr/rocm-libraries-rocm-7.2.2/projects/rocfft/library/src/include/data_descriptor.h:188:5: warning: void function is missing a return statement [-Wreturn-type]
    }
    ^
/public/home/zhangkewei/zr/rocm-libraries-rocm-7.2.2/projects/rocfft/library/src/include/data_descriptor.h:216:29: note: in instantiation of member function 'StringToVector<unsigned long>::Get' requested here
        StringToVector<T>().Get(vec, current);
                            ^
/public/home/zhangkewei/zr/rocm-libraries-rocm-7.2.2/projects/rocfft/library/src/include/function_map_key.h:256:37: note: in instantiation of member function 'VectorFieldParser<unsigned long>::parse' requested here
        VectorFieldParser<size_t>().parse("factors", ret.factors, current);
                                    ^
In file included from /public/home/zhangkewei/zr/rocm-libraries-rocm-7.2.2/projects/rocfft/library/src/rtc_transpose_kernel.cpp:25:
In file included from /public/home/zhangkewei/zr/rocm-libraries-rocm-7.2.2/projects/rocfft/library/src/include/kernel_launch.h:28:
In file included from /public/home/zhangkewei/zr/rocm-libraries-rocm-7.2.2/projects/rocfft/library/src/include/tree_node.h:41:
In file included from /public/home/zhangkewei/zr/rocm-libraries-rocm-7.2.2/projects/rocfft/library/src/include/function_map_key.h:30:
/public/home/zhangkewei/zr/rocm-libraries-rocm-7.2.2/projects/rocfft/library/src/include/data_descriptor.h:201:5: warning: void function is missing a return statement [-Wreturn-type]
    }
    ^
/public/home/zhangkewei/zr/rocm-libraries-rocm-7.2.2/projects/rocfft/library/src/include/function_map_key.h:269:40: note: in instantiation of member function 'FieldParser<std::basic_string<char>>::parse' requested here
            FieldParser<std::string>().parse("ebtype", ebTypeStr, current);
                                       ^
In file included from /public/home/zhangkewei/zr/rocm-libraries-rocm-7.2.2/projects/rocfft/library/src/rtc_transpose_kernel.cpp:25:
In file included from /public/home/zhangkewei/zr/rocm-libraries-rocm-7.2.2/projects/rocfft/library/src/include/kernel_launch.h:28:
In file included from /public/home/zhangkewei/zr/rocm-libraries-rocm-7.2.2/projects/rocfft/library/src/include/tree_node.h:41:
In file included from /public/home/zhangkewei/zr/rocm-libraries-rocm-7.2.2/projects/rocfft/library/src/include/function_map_key.h:30:
/public/home/zhangkewei/zr/rocm-libraries-rocm-7.2.2/projects/rocfft/library/src/include/data_descriptor.h:201:5: warning: void function is missing a return statement [-Wreturn-type]
    }
    ^
/public/home/zhangkewei/zr/rocm-libraries-rocm-7.2.2/projects/rocfft/library/src/include/function_map_key.h:456:37: note: in instantiation of member function 'FieldParser<KernelConfig>::parse' requested here
        FieldParser<KernelConfig>().parse("kernelConfig", config, current);
                                    ^
In file included from /public/home/zhangkewei/zr/rocm-libraries-rocm-7.2.2/projects/rocfft/library/src/rtc_transpose_kernel.cpp:25:
In file included from /public/home/zhangkewei/zr/rocm-libraries-rocm-7.2.2/projects/rocfft/library/src/include/kernel_launch.h:28:
In file included from /public/home/zhangkewei/zr/rocm-libraries-rocm-7.2.2/projects/rocfft/library/src/include/tree_node.h:32:
/public/home/zhangkewei/zr/rocm-libraries-rocm-7.2.2/projects/rocfft/library/src/include/../../../shared/gpubuf.h:114:5: warning: void function is missing a return statement [-Wreturn-type]
    }
    ^
/public/home/zhangkewei/zr/rocm-libraries-rocm-7.2.2/projects/rocfft/library/src/include/../../../shared/gpubuf.h:67:9: note: in instantiation of member function 'gpubuf_t<unsigned long>::free' requested here
        free();
        ^
/public/home/zhangkewei/zr/rocm-libraries-rocm-7.2.2/projects/rocfft/library/src/include/tree_node.h:262:5: note: in instantiation of member function 'gpubuf_t<unsigned long>::~gpubuf_t' requested here
    TreeNode(TreeNode* p)
    ^
In file included from /public/home/zhangkewei/zr/rocm-libraries-rocm-7.2.2/projects/rocfft/library/src/rtc_transpose_kernel.cpp:25:
In file included from /public/home/zhangkewei/zr/rocm-libraries-rocm-7.2.2/projects/rocfft/library/src/include/kernel_launch.h:28:
In file included from /public/home/zhangkewei/zr/rocm-libraries-rocm-7.2.2/projects/rocfft/library/src/include/tree_node.h:32:
/public/home/zhangkewei/zr/rocm-libraries-rocm-7.2.2/projects/rocfft/library/src/include/../../../shared/gpubuf.h:114:5: warning: void function is missing a return statement [-Wreturn-type]
    }
    ^
/public/home/zhangkewei/zr/rocm-libraries-rocm-7.2.2/projects/rocfft/library/src/include/../../../shared/gpubuf.h:67:9: note: in instantiation of member function 'gpubuf_t<>::free' requested here
        free();
        ^
/public/home/zhangkewei/zr/rocm-libraries-rocm-7.2.2/projects/rocfft/library/src/include/tree_node.h:846:5: note: in instantiation of member function 'gpubuf_t<>::~gpubuf_t' requested here
    InternalTempBuffer(int comm_rank)
    ^
In file included from /public/home/zhangkewei/zr/rocm-libraries-rocm-7.2.2/projects/rocfft/library/src/rtc_transpose_kernel.cpp:25:
In file included from /public/home/zhangkewei/zr/rocm-libraries-rocm-7.2.2/projects/rocfft/library/src/include/kernel_launch.h:28:
In file included from /public/home/zhangkewei/zr/rocm-libraries-rocm-7.2.2/projects/rocfft/library/src/include/tree_node.h:33:
/public/home/zhangkewei/zr/rocm-libraries-rocm-7.2.2/projects/rocfft/library/src/include/../../../shared/hip_object_wrapper.h:50:5: warning: void function is missing a return statement [-Wreturn-type]
    }
    ^
/public/home/zhangkewei/zr/rocm-libraries-rocm-7.2.2/projects/rocfft/library/src/include/../../../shared/hip_object_wrapper.h:68:9: note: in instantiation of member function 'hip_object_wrapper_t<ihipStream_t *, &hipStreamCreate, &hipStreamDestroy>::free' requested here
        free();
        ^
/public/home/zhangkewei/zr/rocm-libraries-rocm-7.2.2/projects/rocfft/library/src/include/tree_node.h:1110:5: note: in instantiation of member function 'hip_object_wrapper_t<ihipStream_t *, &hipStreamCreate, &hipStreamDestroy>::~hip_object_wrapper_t' requested here
    CommPointToPoint(int               local_comm_rank,
    ^
In file included from /public/home/zhangkewei/zr/rocm-libraries-rocm-7.2.2/projects/rocfft/library/src/rtc_transpose_kernel.cpp:25:
In file included from /public/home/zhangkewei/zr/rocm-libraries-rocm-7.2.2/projects/rocfft/library/src/include/kernel_launch.h:28:
In file included from /public/home/zhangkewei/zr/rocm-libraries-rocm-7.2.2/projects/rocfft/library/src/include/tree_node.h:33:
/public/home/zhangkewei/zr/rocm-libraries-rocm-7.2.2/projects/rocfft/library/src/include/../../../shared/hip_object_wrapper.h:50:5: warning: void function is missing a return statement [-Wreturn-type]
    }
    ^
/public/home/zhangkewei/zr/rocm-libraries-rocm-7.2.2/projects/rocfft/library/src/include/../../../shared/hip_object_wrapper.h:68:9: note: in instantiation of member function 'hip_object_wrapper_t<ihipEvent_t *, &hipEventCreate, &hipEventDestroy>::free' requested here
        free();
        ^
/public/home/zhangkewei/zr/rocm-libraries-rocm-7.2.2/projects/rocfft/library/src/include/tree_node.h:1110:5: note: in instantiation of member function 'hip_object_wrapper_t<ihipEvent_t *, &hipEventCreate, &hipEventDestroy>::~hip_object_wrapper_t' requested here
    CommPointToPoint(int               local_comm_rank,
    ^
42 warnings generated when compiling for gfx936.
In file included from /public/home/zhangkewei/zr/rocm-libraries-rocm-7.2.2/projects/rocfft/library/src/rtc_transpose_kernel.cpp:25:
In file included from /public/home/zhangkewei/zr/rocm-libraries-rocm-7.2.2/projects/rocfft/library/src/include/kernel_launch.h:28:
In file included from /public/home/zhangkewei/zr/rocm-libraries-rocm-7.2.2/projects/rocfft/library/src/include/tree_node.h:41:
In file included from /public/home/zhangkewei/zr/rocm-libraries-rocm-7.2.2/projects/rocfft/library/src/include/function_map_key.h:30:
/public/home/zhangkewei/zr/rocm-libraries-rocm-7.2.2/projects/rocfft/library/src/include/data_descriptor.h:145:5: warning: void function is missing a return statement [-Wreturn-type]
    }
    ^
/public/home/zhangkewei/zr/rocm-libraries-rocm-7.2.2/projects/rocfft/library/src/include/data_descriptor.h:154:5: warning: void function is missing a return statement [-Wreturn-type]
    }
    ^
/public/home/zhangkewei/zr/rocm-libraries-rocm-7.2.2/projects/rocfft/library/src/include/data_descriptor.h:163:5: warning: void function is missing a return statement [-Wreturn-type]
    }
    ^
/public/home/zhangkewei/zr/rocm-libraries-rocm-7.2.2/projects/rocfft/library/src/include/data_descriptor.h:172:5: warning: void function is missing a return statement [-Wreturn-type]
    }
    ^
In file included from /public/home/zhangkewei/zr/rocm-libraries-rocm-7.2.2/projects/rocfft/library/src/rtc_transpose_kernel.cpp:25:
In file included from /public/home/zhangkewei/zr/rocm-libraries-rocm-7.2.2/projects/rocfft/library/src/include/kernel_launch.h:28:
In file included from /public/home/zhangkewei/zr/rocm-libraries-rocm-7.2.2/projects/rocfft/library/src/include/tree_node.h:41:
/public/home/zhangkewei/zr/rocm-libraries-rocm-7.2.2/projects/rocfft/library/src/include/function_map_key.h:284:5: warning: void function is missing a return statement [-Wreturn-type]
    }
    ^
/public/home/zhangkewei/zr/rocm-libraries-rocm-7.2.2/projects/rocfft/library/src/include/function_map_key.h:420:1: warning: void function is missing a return statement [-Wreturn-type]
}
^
/public/home/zhangkewei/zr/rocm-libraries-rocm-7.2.2/projects/rocfft/library/src/include/function_map_key.h:463:5: warning: void function is missing a return statement [-Wreturn-type]
    }
    ^
In file included from /public/home/zhangkewei/zr/rocm-libraries-rocm-7.2.2/projects/rocfft/library/src/rtc_transpose_kernel.cpp:25:
In file included from /public/home/zhangkewei/zr/rocm-libraries-rocm-7.2.2/projects/rocfft/library/src/include/kernel_launch.h:28:
In file included from /public/home/zhangkewei/zr/rocm-libraries-rocm-7.2.2/projects/rocfft/library/src/include/tree_node.h:42:
/public/home/zhangkewei/zr/rocm-libraries-rocm-7.2.2/projects/rocfft/library/src/include/function_pool.h:410:1: warning: void function is missing a return statement [-Wreturn-type]
}
^
/public/home/zhangkewei/zr/rocm-libraries-rocm-7.2.2/projects/rocfft/library/src/include/function_pool.h:433:1: warning: void function is missing a return statement [-Wreturn-type]
}
^
In file included from /public/home/zhangkewei/zr/rocm-libraries-rocm-7.2.2/projects/rocfft/library/src/rtc_transpose_kernel.cpp:25:
In file included from /public/home/zhangkewei/zr/rocm-libraries-rocm-7.2.2/projects/rocfft/library/src/include/kernel_launch.h:28:
In file included from /public/home/zhangkewei/zr/rocm-libraries-rocm-7.2.2/projects/rocfft/library/src/include/tree_node.h:45:
In file included from /public/home/zhangkewei/zr/rocm-libraries-rocm-7.2.2/projects/rocfft/library/src/include/logging.h:26:
/public/home/zhangkewei/zr/rocm-libraries-rocm-7.2.2/projects/rocfft/library/src/include/rocfft_ostream.hpp:109:13: warning: void function is missing a return statement [-Wreturn-type]
            }
            ^
/public/home/zhangkewei/zr/rocm-libraries-rocm-7.2.2/projects/rocfft/library/src/include/rocfft_ostream.hpp:225:5: warning: void function is missing a return statement [-Wreturn-type]
    }
    ^
In file included from /public/home/zhangkewei/zr/rocm-libraries-rocm-7.2.2/projects/rocfft/library/src/rtc_transpose_kernel.cpp:25:
In file included from /public/home/zhangkewei/zr/rocm-libraries-rocm-7.2.2/projects/rocfft/library/src/include/kernel_launch.h:28:
In file included from /public/home/zhangkewei/zr/rocm-libraries-rocm-7.2.2/projects/rocfft/library/src/include/tree_node.h:45:
/public/home/zhangkewei/zr/rocm-libraries-rocm-7.2.2/projects/rocfft/library/src/include/logging.h:173:5: warning: void function is missing a return statement [-Wreturn-type]
    }
    ^
/public/home/zhangkewei/zr/rocm-libraries-rocm-7.2.2/projects/rocfft/library/src/include/logging.h:298:1: warning: void function is missing a return statement [-Wreturn-type]
}
^
In file included from /public/home/zhangkewei/zr/rocm-libraries-rocm-7.2.2/projects/rocfft/library/src/rtc_transpose_kernel.cpp:25:
In file included from /public/home/zhangkewei/zr/rocm-libraries-rocm-7.2.2/projects/rocfft/library/src/include/kernel_launch.h:28:
In file included from /public/home/zhangkewei/zr/rocm-libraries-rocm-7.2.2/projects/rocfft/library/src/include/tree_node.h:47:
/public/home/zhangkewei/zr/rocm-libraries-rocm-7.2.2/projects/rocfft/library/src/include/rtc_kernel.h:50:5: warning: void function is missing a return statement [-Wreturn-type]
    }
    ^
/public/home/zhangkewei/zr/rocm-libraries-rocm-7.2.2/projects/rocfft/library/src/include/rtc_kernel.h:54:5: warning: void function is missing a return statement [-Wreturn-type]
    }
    ^
/public/home/zhangkewei/zr/rocm-libraries-rocm-7.2.2/projects/rocfft/library/src/include/rtc_kernel.h:58:5: warning: void function is missing a return statement [-Wreturn-type]
    }
    ^
/public/home/zhangkewei/zr/rocm-libraries-rocm-7.2.2/projects/rocfft/library/src/include/rtc_kernel.h:62:5: warning: void function is missing a return statement [-Wreturn-type]
    }
    ^
/public/home/zhangkewei/zr/rocm-libraries-rocm-7.2.2/projects/rocfft/library/src/include/rtc_kernel.h:66:5: warning: void function is missing a return statement [-Wreturn-type]
    }
    ^
/public/home/zhangkewei/zr/rocm-libraries-rocm-7.2.2/projects/rocfft/library/src/include/rtc_kernel.h:70:5: warning: void function is missing a return statement [-Wreturn-type]
    }
    ^
/public/home/zhangkewei/zr/rocm-libraries-rocm-7.2.2/projects/rocfft/library/src/include/rtc_kernel.h:74:5: warning: void function is missing a return statement [-Wreturn-type]
    }
    ^
/public/home/zhangkewei/zr/rocm-libraries-rocm-7.2.2/projects/rocfft/library/src/include/rtc_kernel.h:102:5: warning: void function is missing a return statement [-Wreturn-type]
    }
    ^
In file included from /public/home/zhangkewei/zr/rocm-libraries-rocm-7.2.2/projects/rocfft/library/src/rtc_transpose_kernel.cpp:25:
In file included from /public/home/zhangkewei/zr/rocm-libraries-rocm-7.2.2/projects/rocfft/library/src/include/kernel_launch.h:28:
/public/home/zhangkewei/zr/rocm-libraries-rocm-7.2.2/projects/rocfft/library/src/include/tree_node.h:1236:5: warning: void function is missing a return statement [-Wreturn-type]
    }
    ^
/public/home/zhangkewei/zr/rocm-libraries-rocm-7.2.2/projects/rocfft/library/src/include/tree_node.h:1341:5: warning: void function is missing a return statement [-Wreturn-type]
    }
    ^
In file included from /public/home/zhangkewei/zr/rocm-libraries-rocm-7.2.2/projects/rocfft/library/src/rtc_transpose_kernel.cpp:25:
In file included from /public/home/zhangkewei/zr/rocm-libraries-rocm-7.2.2/projects/rocfft/library/src/include/kernel_launch.h:26:
/public/home/zhangkewei/zr/rocm-libraries-rocm-7.2.2/projects/rocfft/library/src/include/../device/kernels/callback.h:52:1: warning: void function is missing a return statement [-Wreturn-type]
}
^
/public/home/zhangkewei/zr/rocm-libraries-rocm-7.2.2/projects/rocfft/library/src/include/../device/kernels/callback.h:74:7: note: in instantiation of function template specialization 'store_cb_default<rocfft_complex<_Float16>>' requested here
    = store_cb_default<rocfft_complex<rocfft_fp16>>;
      ^
/public/home/zhangkewei/zr/rocm-libraries-rocm-7.2.2/projects/rocfft/library/src/include/../device/kernels/callback.h:52:1: warning: void function is missing a return statement [-Wreturn-type]
}
^
/public/home/zhangkewei/zr/rocm-libraries-rocm-7.2.2/projects/rocfft/library/src/include/../device/kernels/callback.h:91:57: note: in instantiation of function template specialization 'store_cb_default<rocfft_complex<float>>' requested here
static __device__ auto store_cb_default_complex_float = store_cb_default<rocfft_complex<float>>;
                                                        ^
/public/home/zhangkewei/zr/rocm-libraries-rocm-7.2.2/projects/rocfft/library/src/include/../device/kernels/callback.h:52:1: warning: void function is missing a return statement [-Wreturn-type]
}
^
/public/home/zhangkewei/zr/rocm-libraries-rocm-7.2.2/projects/rocfft/library/src/include/../device/kernels/callback.h:108:58: note: in instantiation of function template specialization 'store_cb_default<rocfft_complex<double>>' requested here
static __device__ auto store_cb_default_complex_double = store_cb_default<rocfft_complex<double>>;
                                                         ^
/public/home/zhangkewei/zr/rocm-libraries-rocm-7.2.2/projects/rocfft/library/src/include/../device/kernels/callback.h:52:1: warning: void function is missing a return statement [-Wreturn-type]
}
^
/public/home/zhangkewei/zr/rocm-libraries-rocm-7.2.2/projects/rocfft/library/src/include/../device/kernels/callback.h:119:48: note: in instantiation of function template specialization 'store_cb_default<_Float16>' requested here
static __device__ auto store_cb_default_half = store_cb_default<rocfft_fp16>;
                                               ^
/public/home/zhangkewei/zr/rocm-libraries-rocm-7.2.2/projects/rocfft/library/src/include/../device/kernels/callback.h:52:1: warning: void function is missing a return statement [-Wreturn-type]
}
^
/public/home/zhangkewei/zr/rocm-libraries-rocm-7.2.2/projects/rocfft/library/src/include/../device/kernels/callback.h:129:49: note: in instantiation of function template specialization 'store_cb_default<float>' requested here
static __device__ auto store_cb_default_float = store_cb_default<float>;
                                                ^
/public/home/zhangkewei/zr/rocm-libraries-rocm-7.2.2/projects/rocfft/library/src/include/../device/kernels/callback.h:52:1: warning: void function is missing a return statement [-Wreturn-type]
}
^
/public/home/zhangkewei/zr/rocm-libraries-rocm-7.2.2/projects/rocfft/library/src/include/../device/kernels/callback.h:140:50: note: in instantiation of function template specialization 'store_cb_default<double>' requested here
static __device__ auto store_cb_default_double = store_cb_default<double>;
                                                 ^
In file included from /public/home/zhangkewei/zr/rocm-libraries-rocm-7.2.2/projects/rocfft/library/src/rtc_transpose_kernel.cpp:25:
In file included from /public/home/zhangkewei/zr/rocm-libraries-rocm-7.2.2/projects/rocfft/library/src/include/kernel_launch.h:28:
In file included from /public/home/zhangkewei/zr/rocm-libraries-rocm-7.2.2/projects/rocfft/library/src/include/tree_node.h:41:
In file included from /public/home/zhangkewei/zr/rocm-libraries-rocm-7.2.2/projects/rocfft/library/src/include/function_map_key.h:30:
/public/home/zhangkewei/zr/rocm-libraries-rocm-7.2.2/projects/rocfft/library/src/include/data_descriptor.h:201:5: warning: void function is missing a return statement [-Wreturn-type]
    }
    ^
/public/home/zhangkewei/zr/rocm-libraries-rocm-7.2.2/projects/rocfft/library/src/include/function_map_key.h:248:29: note: in instantiation of member function 'FieldParser<bool>::parse' requested here
        FieldParser<bool>().parse("use_3steps", ret.use_3steps_large_twd, current);
                            ^
In file included from /public/home/zhangkewei/zr/rocm-libraries-rocm-7.2.2/projects/rocfft/library/src/rtc_transpose_kernel.cpp:25:
In file included from /public/home/zhangkewei/zr/rocm-libraries-rocm-7.2.2/projects/rocfft/library/src/include/kernel_launch.h:28:
In file included from /public/home/zhangkewei/zr/rocm-libraries-rocm-7.2.2/projects/rocfft/library/src/include/tree_node.h:41:
In file included from /public/home/zhangkewei/zr/rocm-libraries-rocm-7.2.2/projects/rocfft/library/src/include/function_map_key.h:30:
/public/home/zhangkewei/zr/rocm-libraries-rocm-7.2.2/projects/rocfft/library/src/include/data_descriptor.h:201:5: warning: void function is missing a return statement [-Wreturn-type]
    }
    ^
/public/home/zhangkewei/zr/rocm-libraries-rocm-7.2.2/projects/rocfft/library/src/include/function_map_key.h:252:31: note: in instantiation of member function 'FieldParser<unsigned long>::parse' requested here
        FieldParser<size_t>().parse("tpb", tpb, current);
                              ^
In file included from /public/home/zhangkewei/zr/rocm-libraries-rocm-7.2.2/projects/rocfft/library/src/rtc_transpose_kernel.cpp:25:
In file included from /public/home/zhangkewei/zr/rocm-libraries-rocm-7.2.2/projects/rocfft/library/src/include/kernel_launch.h:28:
In file included from /public/home/zhangkewei/zr/rocm-libraries-rocm-7.2.2/projects/rocfft/library/src/include/tree_node.h:41:
In file included from /public/home/zhangkewei/zr/rocm-libraries-rocm-7.2.2/projects/rocfft/library/src/include/function_map_key.h:30:
/public/home/zhangkewei/zr/rocm-libraries-rocm-7.2.2/projects/rocfft/library/src/include/data_descriptor.h:201:5: warning: void function is missing a return statement [-Wreturn-type]
    }
    ^
/public/home/zhangkewei/zr/rocm-libraries-rocm-7.2.2/projects/rocfft/library/src/include/function_map_key.h:254:28: note: in instantiation of member function 'FieldParser<int>::parse' requested here
        FieldParser<int>().parse("wgs", ret.workgroup_size, current);
                           ^
In file included from /public/home/zhangkewei/zr/rocm-libraries-rocm-7.2.2/projects/rocfft/library/src/rtc_transpose_kernel.cpp:25:
In file included from /public/home/zhangkewei/zr/rocm-libraries-rocm-7.2.2/projects/rocfft/library/src/include/kernel_launch.h:28:
In file included from /public/home/zhangkewei/zr/rocm-libraries-rocm-7.2.2/projects/rocfft/library/src/include/tree_node.h:41:
In file included from /public/home/zhangkewei/zr/rocm-libraries-rocm-7.2.2/projects/rocfft/library/src/include/function_map_key.h:30:
/public/home/zhangkewei/zr/rocm-libraries-rocm-7.2.2/projects/rocfft/library/src/include/data_descriptor.h:217:5: warning: void function is missing a return statement [-Wreturn-type]
    }
    ^
/public/home/zhangkewei/zr/rocm-libraries-rocm-7.2.2/projects/rocfft/library/src/include/function_map_key.h:255:34: note: in instantiation of member function 'VectorFieldParser<int>::parse' requested here
        VectorFieldParser<int>().parse("tpt", tpt, current);
                                 ^
In file included from /public/home/zhangkewei/zr/rocm-libraries-rocm-7.2.2/projects/rocfft/library/src/rtc_transpose_kernel.cpp:25:
In file included from /public/home/zhangkewei/zr/rocm-libraries-rocm-7.2.2/projects/rocfft/library/src/include/kernel_launch.h:28:
In file included from /public/home/zhangkewei/zr/rocm-libraries-rocm-7.2.2/projects/rocfft/library/src/include/tree_node.h:41:
In file included from /public/home/zhangkewei/zr/rocm-libraries-rocm-7.2.2/projects/rocfft/library/src/include/function_map_key.h:30:
/public/home/zhangkewei/zr/rocm-libraries-rocm-7.2.2/projects/rocfft/library/src/include/data_descriptor.h:188:5: warning: void function is missing a return statement [-Wreturn-type]
    }
    ^
/public/home/zhangkewei/zr/rocm-libraries-rocm-7.2.2/projects/rocfft/library/src/include/data_descriptor.h:216:29: note: in instantiation of member function 'StringToVector<int>::Get' requested here
        StringToVector<T>().Get(vec, current);
                            ^
/public/home/zhangkewei/zr/rocm-libraries-rocm-7.2.2/projects/rocfft/library/src/include/function_map_key.h:255:34: note: in instantiation of member function 'VectorFieldParser<int>::parse' requested here
        VectorFieldParser<int>().parse("tpt", tpt, current);
                                 ^
In file included from /public/home/zhangkewei/zr/rocm-libraries-rocm-7.2.2/projects/rocfft/library/src/rtc_transpose_kernel.cpp:25:
In file included from /public/home/zhangkewei/zr/rocm-libraries-rocm-7.2.2/projects/rocfft/library/src/include/kernel_launch.h:28:
In file included from /public/home/zhangkewei/zr/rocm-libraries-rocm-7.2.2/projects/rocfft/library/src/include/tree_node.h:41:
In file included from /public/home/zhangkewei/zr/rocm-libraries-rocm-7.2.2/projects/rocfft/library/src/include/function_map_key.h:30:
/public/home/zhangkewei/zr/rocm-libraries-rocm-7.2.2/projects/rocfft/library/src/include/data_descriptor.h:217:5: warning: void function is missing a return statement [-Wreturn-type]
    }
    ^
/public/home/zhangkewei/zr/rocm-libraries-rocm-7.2.2/projects/rocfft/library/src/include/function_map_key.h:256:37: note: in instantiation of member function 'VectorFieldParser<unsigned long>::parse' requested here
        VectorFieldParser<size_t>().parse("factors", ret.factors, current);
                                    ^
In file included from /public/home/zhangkewei/zr/rocm-libraries-rocm-7.2.2/projects/rocfft/library/src/rtc_transpose_kernel.cpp:25:
In file included from /public/home/zhangkewei/zr/rocm-libraries-rocm-7.2.2/projects/rocfft/library/src/include/kernel_launch.h:28:
In file included from /public/home/zhangkewei/zr/rocm-libraries-rocm-7.2.2/projects/rocfft/library/src/include/tree_node.h:41:
In file included from /public/home/zhangkewei/zr/rocm-libraries-rocm-7.2.2/projects/rocfft/library/src/include/function_map_key.h:30:
/public/home/zhangkewei/zr/rocm-libraries-rocm-7.2.2/projects/rocfft/library/src/include/data_descriptor.h:188:5: warning: void function is missing a return statement [-Wreturn-type]
    }
    ^
/public/home/zhangkewei/zr/rocm-libraries-rocm-7.2.2/projects/rocfft/library/src/include/data_descriptor.h:216:29: note: in instantiation of member function 'StringToVector<unsigned long>::Get' requested here
        StringToVector<T>().Get(vec, current);
                            ^
/public/home/zhangkewei/zr/rocm-libraries-rocm-7.2.2/projects/rocfft/library/src/include/function_map_key.h:256:37: note: in instantiation of member function 'VectorFieldParser<unsigned long>::parse' requested here
        VectorFieldParser<size_t>().parse("factors", ret.factors, current);
                                    ^
In file included from /public/home/zhangkewei/zr/rocm-libraries-rocm-7.2.2/projects/rocfft/library/src/rtc_transpose_kernel.cpp:25:
In file included from /public/home/zhangkewei/zr/rocm-libraries-rocm-7.2.2/projects/rocfft/library/src/include/kernel_launch.h:28:
In file included from /public/home/zhangkewei/zr/rocm-libraries-rocm-7.2.2/projects/rocfft/library/src/include/tree_node.h:41:
In file included from /public/home/zhangkewei/zr/rocm-libraries-rocm-7.2.2/projects/rocfft/library/src/include/function_map_key.h:30:
/public/home/zhangkewei/zr/rocm-libraries-rocm-7.2.2/projects/rocfft/library/src/include/data_descriptor.h:201:5: warning: void function is missing a return statement [-Wreturn-type]
    }
    ^
/public/home/zhangkewei/zr/rocm-libraries-rocm-7.2.2/projects/rocfft/library/src/include/function_map_key.h:269:40: note: in instantiation of member function 'FieldParser<std::basic_string<char>>::parse' requested here
            FieldParser<std::string>().parse("ebtype", ebTypeStr, current);
                                       ^
In file included from /public/home/zhangkewei/zr/rocm-libraries-rocm-7.2.2/projects/rocfft/library/src/rtc_transpose_kernel.cpp:25:
In file included from /public/home/zhangkewei/zr/rocm-libraries-rocm-7.2.2/projects/rocfft/library/src/include/kernel_launch.h:28:
In file included from /public/home/zhangkewei/zr/rocm-libraries-rocm-7.2.2/projects/rocfft/library/src/include/tree_node.h:41:
In file included from /public/home/zhangkewei/zr/rocm-libraries-rocm-7.2.2/projects/rocfft/library/src/include/function_map_key.h:30:
/public/home/zhangkewei/zr/rocm-libraries-rocm-7.2.2/projects/rocfft/library/src/include/data_descriptor.h:201:5: warning: void function is missing a return statement [-Wreturn-type]
    }
    ^
/public/home/zhangkewei/zr/rocm-libraries-rocm-7.2.2/projects/rocfft/library/src/include/function_map_key.h:456:37: note: in instantiation of member function 'FieldParser<KernelConfig>::parse' requested here
        FieldParser<KernelConfig>().parse("kernelConfig", config, current);
                                    ^
In file included from /public/home/zhangkewei/zr/rocm-libraries-rocm-7.2.2/projects/rocfft/library/src/rtc_transpose_kernel.cpp:25:
In file included from /public/home/zhangkewei/zr/rocm-libraries-rocm-7.2.2/projects/rocfft/library/src/include/kernel_launch.h:28:
In file included from /public/home/zhangkewei/zr/rocm-libraries-rocm-7.2.2/projects/rocfft/library/src/include/tree_node.h:32:
/public/home/zhangkewei/zr/rocm-libraries-rocm-7.2.2/projects/rocfft/library/src/include/../../../shared/gpubuf.h:114:5: warning: void function is missing a return statement [-Wreturn-type]
    }
    ^
/public/home/zhangkewei/zr/rocm-libraries-rocm-7.2.2/projects/rocfft/library/src/include/../../../shared/gpubuf.h:67:9: note: in instantiation of member function 'gpubuf_t<unsigned long>::free' requested here
        free();
        ^
/public/home/zhangkewei/zr/rocm-libraries-rocm-7.2.2/projects/rocfft/library/src/include/tree_node.h:262:5: note: in instantiation of member function 'gpubuf_t<unsigned long>::~gpubuf_t' requested here
    TreeNode(TreeNode* p)
    ^
In file included from /public/home/zhangkewei/zr/rocm-libraries-rocm-7.2.2/projects/rocfft/library/src/rtc_transpose_kernel.cpp:25:
In file included from /public/home/zhangkewei/zr/rocm-libraries-rocm-7.2.2/projects/rocfft/library/src/include/kernel_launch.h:28:
In file included from /public/home/zhangkewei/zr/rocm-libraries-rocm-7.2.2/projects/rocfft/library/src/include/tree_node.h:32:
/public/home/zhangkewei/zr/rocm-libraries-rocm-7.2.2/projects/rocfft/library/src/include/../../../shared/gpubuf.h:114:5: warning: void function is missing a return statement [-Wreturn-type]
    }
    ^
/public/home/zhangkewei/zr/rocm-libraries-rocm-7.2.2/projects/rocfft/library/src/include/../../../shared/gpubuf.h:67:9: note: in instantiation of member function 'gpubuf_t<>::free' requested here
        free();
        ^
/public/home/zhangkewei/zr/rocm-libraries-rocm-7.2.2/projects/rocfft/library/src/include/tree_node.h:846:5: note: in instantiation of member function 'gpubuf_t<>::~gpubuf_t' requested here
    InternalTempBuffer(int comm_rank)
    ^
In file included from /public/home/zhangkewei/zr/rocm-libraries-rocm-7.2.2/projects/rocfft/library/src/rtc_transpose_kernel.cpp:25:
In file included from /public/home/zhangkewei/zr/rocm-libraries-rocm-7.2.2/projects/rocfft/library/src/include/kernel_launch.h:28:
In file included from /public/home/zhangkewei/zr/rocm-libraries-rocm-7.2.2/projects/rocfft/library/src/include/tree_node.h:33:
/public/home/zhangkewei/zr/rocm-libraries-rocm-7.2.2/projects/rocfft/library/src/include/../../../shared/hip_object_wrapper.h:50:5: warning: void function is missing a return statement [-Wreturn-type]
    }
    ^
/public/home/zhangkewei/zr/rocm-libraries-rocm-7.2.2/projects/rocfft/library/src/include/../../../shared/hip_object_wrapper.h:68:9: note: in instantiation of member function 'hip_object_wrapper_t<ihipStream_t *, &hipStreamCreate, &hipStreamDestroy>::free' requested here
        free();
        ^
/public/home/zhangkewei/zr/rocm-libraries-rocm-7.2.2/projects/rocfft/library/src/include/tree_node.h:1110:5: note: in instantiation of member function 'hip_object_wrapper_t<ihipStream_t *, &hipStreamCreate, &hipStreamDestroy>::~hip_object_wrapper_t' requested here
    CommPointToPoint(int               local_comm_rank,
    ^
In file included from /public/home/zhangkewei/zr/rocm-libraries-rocm-7.2.2/projects/rocfft/library/src/rtc_transpose_kernel.cpp:25:
In file included from /public/home/zhangkewei/zr/rocm-libraries-rocm-7.2.2/projects/rocfft/library/src/include/kernel_launch.h:28:
In file included from /public/home/zhangkewei/zr/rocm-libraries-rocm-7.2.2/projects/rocfft/library/src/include/tree_node.h:33:
/public/home/zhangkewei/zr/rocm-libraries-rocm-7.2.2/projects/rocfft/library/src/include/../../../shared/hip_object_wrapper.h:50:5: warning: void function is missing a return statement [-Wreturn-type]
    }
    ^
/public/home/zhangkewei/zr/rocm-libraries-rocm-7.2.2/projects/rocfft/library/src/include/../../../shared/hip_object_wrapper.h:68:9: note: in instantiation of member function 'hip_object_wrapper_t<ihipEvent_t *, &hipEventCreate, &hipEventDestroy>::free' requested here
        free();
        ^
/public/home/zhangkewei/zr/rocm-libraries-rocm-7.2.2/projects/rocfft/library/src/include/tree_node.h:1110:5: note: in instantiation of member function 'hip_object_wrapper_t<ihipEvent_t *, &hipEventCreate, &hipEventDestroy>::~hip_object_wrapper_t' requested here
    CommPointToPoint(int               local_comm_rank,
    ^
42 warnings generated when compiling for host.
In file included from /public/home/zhangkewei/zr/rocm-libraries-rocm-7.2.2/projects/rocfft/library/src/device/generator/stockham_gen.cpp:35:
In file included from /public/home/zhangkewei/zr/rocm-libraries-rocm-7.2.2/projects/rocfft/library/src/device/generator/stockham_gen_cc.h:22:
/public/home/zhangkewei/zr/rocm-libraries-rocm-7.2.2/projects/rocfft/library/src/device/generator/stockham_gen_base.h:770:5: warning: void function is missing a return statement [-Wreturn-type]
    }
    ^
In file included from /public/home/zhangkewei/zr/rocm-libraries-rocm-7.2.2/projects/rocfft/library/src/device/generator/stockham_gen.cpp:35:
In file included from /public/home/zhangkewei/zr/rocm-libraries-rocm-7.2.2/projects/rocfft/library/src/device/generator/stockham_gen_cc.h:22:
/public/home/zhangkewei/zr/rocm-libraries-rocm-7.2.2/projects/rocfft/library/src/device/generator/stockham_gen_base.h:770:5: warning: void function is missing a return statement [-Wreturn-type]
    }
    ^
In file included from /public/home/zhangkewei/zr/rocm-libraries-rocm-7.2.2/projects/rocfft/library/src/device/generator/stockham_gen.cpp:35:
In file included from /public/home/zhangkewei/zr/rocm-libraries-rocm-7.2.2/projects/rocfft/library/src/device/generator/stockham_gen_cc.h:22:
/public/home/zhangkewei/zr/rocm-libraries-rocm-7.2.2/projects/rocfft/library/src/device/generator/stockham_gen_base.h:770:5: warning: void function is missing a return statement [-Wreturn-type]
    }
    ^
In file included from /public/home/zhangkewei/zr/rocm-libraries-rocm-7.2.2/projects/rocfft/library/src/device/generator/stockham_gen.cpp:40:
/public/home/zhangkewei/zr/rocm-libraries-rocm-7.2.2/projects/rocfft/library/src/device/generator/stockham_pp_gen_rr.h:444:5: warning: void function is missing a return statement [-Wreturn-type]
    }
    ^
In file included from /public/home/zhangkewei/zr/rocm-libraries-rocm-7.2.2/projects/rocfft/library/src/device/generator/stockham_gen.cpp:40:
/public/home/zhangkewei/zr/rocm-libraries-rocm-7.2.2/projects/rocfft/library/src/device/generator/stockham_pp_gen_rr.h:444:5: warning: void function is missing a return statement [-Wreturn-type]
    }
    ^
In file included from /public/home/zhangkewei/zr/rocm-libraries-rocm-7.2.2/projects/rocfft/library/src/device/generator/stockham_gen.cpp:40:
/public/home/zhangkewei/zr/rocm-libraries-rocm-7.2.2/projects/rocfft/library/src/device/generator/stockham_pp_gen_rr.h:444:5: warning: void function is missing a return statement [-Wreturn-type]
    }
    ^
/public/home/zhangkewei/zr/rocm-libraries-rocm-7.2.2/projects/rocfft/library/src/device/generator/stockham_gen.cpp:178:1: warning: void function is missing a return statement [-Wreturn-type]
}
^
/public/home/zhangkewei/zr/rocm-libraries-rocm-7.2.2/projects/rocfft/library/src/device/generator/stockham_gen.cpp:178:1: warning: void function is missing a return statement [-Wreturn-type]
}
^
/public/home/zhangkewei/zr/rocm-libraries-rocm-7.2.2/projects/rocfft/library/src/device/generator/stockham_gen.cpp:178:1: warning: void function is missing a return statement [-Wreturn-type]
}
^
/public/home/zhangkewei/zr/rocm-libraries-rocm-7.2.2/projects/rocfft/library/src/device/generator/stockham_gen.cpp:240:1: warning: void function is missing a return statement [-Wreturn-type]
}
^
/public/home/zhangkewei/zr/rocm-libraries-rocm-7.2.2/projects/rocfft/library/src/device/generator/stockham_gen.cpp:240:1: warning: void function is missing a return statement [-Wreturn-type]
}
^
/public/home/zhangkewei/zr/rocm-libraries-rocm-7.2.2/projects/rocfft/library/src/device/generator/stockham_gen.cpp:240:1: warning: void function is missing a return statement [-Wreturn-type]
}
^
/public/home/zhangkewei/zr/rocm-libraries-rocm-7.2.2/projects/rocfft/library/src/device/generator/stockham_gen.cpp:511:1: warning: void function is missing a return statement [-Wreturn-type]
}
^
/public/home/zhangkewei/zr/rocm-libraries-rocm-7.2.2/projects/rocfft/library/src/device/generator/stockham_gen.cpp:511:1: warning: void function is missing a return statement [-Wreturn-type]
}
^
/public/home/zhangkewei/zr/rocm-libraries-rocm-7.2.2/projects/rocfft/library/src/device/generator/stockham_gen.cpp:511:1: warning: void function is missing a return statement [-Wreturn-type]
}
^
In file included from /public/home/zhangkewei/zr/rocm-libraries-rocm-7.2.2/projects/rocfft/library/src/device/generator/stockham_gen.cpp:26:
In file included from /public/home/zhangkewei/zr/rocm-libraries-rocm-7.2.2/projects/rocfft/library/src/device/generator/generator.h:34:
/public/home/zhangkewei/zr/rocm-libraries-rocm-7.2.2/projects/rocfft/library/src/device/generator/../kernels/callback.h:52:1: warning: void function is missing a return statement [-Wreturn-type]
}
^
/public/home/zhangkewei/zr/rocm-libraries-rocm-7.2.2/projects/rocfft/library/src/device/generator/../kernels/callback.h:74:7: note: in instantiation of function template specialization 'store_cb_default<rocfft_complex<_Float16>>' requested here
    = store_cb_default<rocfft_complex<rocfft_fp16>>;
      ^
In file included from /public/home/zhangkewei/zr/rocm-libraries-rocm-7.2.2/projects/rocfft/library/src/device/generator/stockham_gen.cpp:26:
In file included from /public/home/zhangkewei/zr/rocm-libraries-rocm-7.2.2/projects/rocfft/library/src/device/generator/generator.h:34:
/public/home/zhangkewei/zr/rocm-libraries-rocm-7.2.2/projects/rocfft/library/src/device/generator/../kernels/callback.h:52:1: warning: void function is missing a return statement [-Wreturn-type]
}
^
/public/home/zhangkewei/zr/rocm-libraries-rocm-7.2.2/projects/rocfft/library/src/device/generator/../kernels/callback.h:74:7: note: in instantiation of function template specialization 'store_cb_default<rocfft_complex<_Float16>>' requested here
    = store_cb_default<rocfft_complex<rocfft_fp16>>;
      ^
/public/home/zhangkewei/zr/rocm-libraries-rocm-7.2.2/projects/rocfft/library/src/device/generator/../kernels/callback.h:52:1: warning: void function is missing a return statement [-Wreturn-type]
}
^
/public/home/zhangkewei/zr/rocm-libraries-rocm-7.2.2/projects/rocfft/library/src/device/generator/../kernels/callback.h:91:57: note: in instantiation of function template specialization 'store_cb_default<rocfft_complex<float>>' requested here
static __device__ auto store_cb_default_complex_float = store_cb_default<rocfft_complex<float>>;
                                                        ^
/public/home/zhangkewei/zr/rocm-libraries-rocm-7.2.2/projects/rocfft/library/src/device/generator/../kernels/callback.h:52:1: warning: void function is missing a return statement [-Wreturn-type]
}
^
/public/home/zhangkewei/zr/rocm-libraries-rocm-7.2.2/projects/rocfft/library/src/device/generator/../kernels/callback.h:108:58: note: in instantiation of function template specialization 'store_cb_default<rocfft_complex<double>>' requested here
static __device__ auto store_cb_default_complex_double = store_cb_default<rocfft_complex<double>>;
                                                         ^
/public/home/zhangkewei/zr/rocm-libraries-rocm-7.2.2/projects/rocfft/library/src/device/generator/../kernels/callback.h:52:1: warning: void function is missing a return statement [-Wreturn-type]
}
^
/public/home/zhangkewei/zr/rocm-libraries-rocm-7.2.2/projects/rocfft/library/src/device/generator/../kernels/callback.h:119:48: note: in instantiation of function template specialization 'store_cb_default<_Float16>' requested here
static __device__ auto store_cb_default_half = store_cb_default<rocfft_fp16>;
                                               ^
/public/home/zhangkewei/zr/rocm-libraries-rocm-7.2.2/projects/rocfft/library/src/device/generator/../kernels/callback.h:52:1: warning: void function is missing a return statement [-Wreturn-type]
}
^
/public/home/zhangkewei/zr/rocm-libraries-rocm-7.2.2/projects/rocfft/library/src/device/generator/../kernels/callback.h:129:49: note: in instantiation of function template specialization 'store_cb_default<float>' requested here
static __device__ auto store_cb_default_float = store_cb_default<float>;
                                                ^
/public/home/zhangkewei/zr/rocm-libraries-rocm-7.2.2/projects/rocfft/library/src/device/generator/../kernels/callback.h:52:1: warning: void function is missing a return statement [-Wreturn-type]
}
^
/public/home/zhangkewei/zr/rocm-libraries-rocm-7.2.2/projects/rocfft/library/src/device/generator/../kernels/callback.h:140:50: note: in instantiation of function template specialization 'store_cb_default<double>' requested here
static __device__ auto store_cb_default_double = store_cb_default<double>;
                                                 ^
/public/home/zhangkewei/zr/rocm-libraries-rocm-7.2.2/projects/rocfft/library/src/device/generator/../kernels/callback.h:52:1: warning: void function is missing a return statement [-Wreturn-type]
}
^
/public/home/zhangkewei/zr/rocm-libraries-rocm-7.2.2/projects/rocfft/library/src/device/generator/../kernels/callback.h:91:57: note: in instantiation of function template specialization 'store_cb_default<rocfft_complex<float>>' requested here
static __device__ auto store_cb_default_complex_float = store_cb_default<rocfft_complex<float>>;
                                                        ^
/public/home/zhangkewei/zr/rocm-libraries-rocm-7.2.2/projects/rocfft/library/src/device/generator/../kernels/callback.h:52:1: warning: void function is missing a return statement [-Wreturn-type]
}
^
/public/home/zhangkewei/zr/rocm-libraries-rocm-7.2.2/projects/rocfft/library/src/device/generator/../kernels/callback.h:108:58: note: in instantiation of function template specialization 'store_cb_default<rocfft_complex<double>>' requested here
static __device__ auto store_cb_default_complex_double = store_cb_default<rocfft_complex<double>>;
                                                         ^
/public/home/zhangkewei/zr/rocm-libraries-rocm-7.2.2/projects/rocfft/library/src/device/generator/../kernels/callback.h:52:1: warning: void function is missing a return statement [-Wreturn-type]
}
^
/public/home/zhangkewei/zr/rocm-libraries-rocm-7.2.2/projects/rocfft/library/src/device/generator/../kernels/callback.h:119:48: note: in instantiation of function template specialization 'store_cb_default<_Float16>' requested here
static __device__ auto store_cb_default_half = store_cb_default<rocfft_fp16>;
                                               ^
/public/home/zhangkewei/zr/rocm-libraries-rocm-7.2.2/projects/rocfft/library/src/device/generator/../kernels/callback.h:52:1: warning: void function is missing a return statement [-Wreturn-type]
}
^
/public/home/zhangkewei/zr/rocm-libraries-rocm-7.2.2/projects/rocfft/library/src/device/generator/../kernels/callback.h:129:49: note: in instantiation of function template specialization 'store_cb_default<float>' requested here
static __device__ auto store_cb_default_float = store_cb_default<float>;
                                                ^
/public/home/zhangkewei/zr/rocm-libraries-rocm-7.2.2/projects/rocfft/library/src/device/generator/../kernels/callback.h:52:1: warning: void function is missing a return statement [-Wreturn-type]
}
^
/public/home/zhangkewei/zr/rocm-libraries-rocm-7.2.2/projects/rocfft/library/src/device/generator/../kernels/callback.h:140:50: note: in instantiation of function template specialization 'store_cb_default<double>' requested here
static __device__ auto store_cb_default_double = store_cb_default<double>;
                                                 ^
In file included from /public/home/zhangkewei/zr/rocm-libraries-rocm-7.2.2/projects/rocfft/library/src/device/generator/stockham_gen.cpp:26:
In file included from /public/home/zhangkewei/zr/rocm-libraries-rocm-7.2.2/projects/rocfft/library/src/device/generator/generator.h:34:
/public/home/zhangkewei/zr/rocm-libraries-rocm-7.2.2/projects/rocfft/library/src/device/generator/../kernels/callback.h:52:1: warning: void function is missing a return statement [-Wreturn-type]
}
^
/public/home/zhangkewei/zr/rocm-libraries-rocm-7.2.2/projects/rocfft/library/src/device/generator/../kernels/callback.h:74:7: note: in instantiation of function template specialization 'store_cb_default<rocfft_complex<_Float16>>' requested here
    = store_cb_default<rocfft_complex<rocfft_fp16>>;
      ^
/public/home/zhangkewei/zr/rocm-libraries-rocm-7.2.2/projects/rocfft/library/src/device/generator/../kernels/callback.h:52:1: warning: void function is missing a return statement [-Wreturn-type]
}
^
/public/home/zhangkewei/zr/rocm-libraries-rocm-7.2.2/projects/rocfft/library/src/device/generator/../kernels/callback.h:91:57: note: in instantiation of function template specialization 'store_cb_default<rocfft_complex<float>>' requested here
static __device__ auto store_cb_default_complex_float = store_cb_default<rocfft_complex<float>>;
                                                        ^
/public/home/zhangkewei/zr/rocm-libraries-rocm-7.2.2/projects/rocfft/library/src/device/generator/../kernels/callback.h:52:1: warning: void function is missing a return statement [-Wreturn-type]
}
^
/public/home/zhangkewei/zr/rocm-libraries-rocm-7.2.2/projects/rocfft/library/src/device/generator/../kernels/callback.h:108:58: note: in instantiation of function template specialization 'store_cb_default<rocfft_complex<double>>' requested here
static __device__ auto store_cb_default_complex_double = store_cb_default<rocfft_complex<double>>;
                                                         ^
/public/home/zhangkewei/zr/rocm-libraries-rocm-7.2.2/projects/rocfft/library/src/device/generator/../kernels/callback.h:52:1: warning: void function is missing a return statement [-Wreturn-type]
}
^
/public/home/zhangkewei/zr/rocm-libraries-rocm-7.2.2/projects/rocfft/library/src/device/generator/../kernels/callback.h:119:48: note: in instantiation of function template specialization 'store_cb_default<_Float16>' requested here
static __device__ auto store_cb_default_half = store_cb_default<rocfft_fp16>;
                                               ^
/public/home/zhangkewei/zr/rocm-libraries-rocm-7.2.2/projects/rocfft/library/src/device/generator/../kernels/callback.h:52:1: warning: void function is missing a return statement [-Wreturn-type]
}
^
/public/home/zhangkewei/zr/rocm-libraries-rocm-7.2.2/projects/rocfft/library/src/device/generator/../kernels/callback.h:129:49: note: in instantiation of function template specialization 'store_cb_default<float>' requested here
static __device__ auto store_cb_default_float = store_cb_default<float>;
                                                ^
/public/home/zhangkewei/zr/rocm-libraries-rocm-7.2.2/projects/rocfft/library/src/device/generator/../kernels/callback.h:52:1: warning: void function is missing a return statement [-Wreturn-type]
}
^
/public/home/zhangkewei/zr/rocm-libraries-rocm-7.2.2/projects/rocfft/library/src/device/generator/../kernels/callback.h:140:50: note: in instantiation of function template specialization 'store_cb_default<double>' requested here
static __device__ auto store_cb_default_double = store_cb_default<double>;
                                                 ^
11 warnings generated when compiling for gfx906.
11 warnings generated when compiling for gfx928.
11 warnings generated when compiling for gfx926.
In file included from /public/home/zhangkewei/zr/rocm-libraries-rocm-7.2.2/projects/rocfft/library/src/device/generator/stockham_gen.cpp:35:
In file included from /public/home/zhangkewei/zr/rocm-libraries-rocm-7.2.2/projects/rocfft/library/src/device/generator/stockham_gen_cc.h:22:
/public/home/zhangkewei/zr/rocm-libraries-rocm-7.2.2/projects/rocfft/library/src/device/generator/stockham_gen_base.h:770:5: warning: void function is missing a return statement [-Wreturn-type]
    }
    ^
In file included from /public/home/zhangkewei/zr/rocm-libraries-rocm-7.2.2/projects/rocfft/library/src/device/generator/stockham_gen.cpp:40:
/public/home/zhangkewei/zr/rocm-libraries-rocm-7.2.2/projects/rocfft/library/src/device/generator/stockham_pp_gen_rr.h:444:5: warning: void function is missing a return statement [-Wreturn-type]
    }
    ^
/public/home/zhangkewei/zr/rocm-libraries-rocm-7.2.2/projects/rocfft/library/src/device/generator/stockham_gen.cpp:178:1: warning: void function is missing a return statement [-Wreturn-type]
}
^
/public/home/zhangkewei/zr/rocm-libraries-rocm-7.2.2/projects/rocfft/library/src/device/generator/stockham_gen.cpp:240:1: warning: void function is missing a return statement [-Wreturn-type]
}
^
/public/home/zhangkewei/zr/rocm-libraries-rocm-7.2.2/projects/rocfft/library/src/device/generator/stockham_gen.cpp:511:1: warning: void function is missing a return statement [-Wreturn-type]
}
^
In file included from /public/home/zhangkewei/zr/rocm-libraries-rocm-7.2.2/projects/rocfft/library/src/device/generator/stockham_gen.cpp:26:
In file included from /public/home/zhangkewei/zr/rocm-libraries-rocm-7.2.2/projects/rocfft/library/src/device/generator/generator.h:34:
/public/home/zhangkewei/zr/rocm-libraries-rocm-7.2.2/projects/rocfft/library/src/device/generator/../kernels/callback.h:52:1: warning: void function is missing a return statement [-Wreturn-type]
}
^
/public/home/zhangkewei/zr/rocm-libraries-rocm-7.2.2/projects/rocfft/library/src/device/generator/../kernels/callback.h:74:7: note: in instantiation of function template specialization 'store_cb_default<rocfft_complex<_Float16>>' requested here
    = store_cb_default<rocfft_complex<rocfft_fp16>>;
      ^
/public/home/zhangkewei/zr/rocm-libraries-rocm-7.2.2/projects/rocfft/library/src/device/generator/../kernels/callback.h:52:1: warning: void function is missing a return statement [-Wreturn-type]
}
^
/public/home/zhangkewei/zr/rocm-libraries-rocm-7.2.2/projects/rocfft/library/src/device/generator/../kernels/callback.h:91:57: note: in instantiation of function template specialization 'store_cb_default<rocfft_complex<float>>' requested here
static __device__ auto store_cb_default_complex_float = store_cb_default<rocfft_complex<float>>;
                                                        ^
/public/home/zhangkewei/zr/rocm-libraries-rocm-7.2.2/projects/rocfft/library/src/device/generator/../kernels/callback.h:52:1: warning: void function is missing a return statement [-Wreturn-type]
}
^
/public/home/zhangkewei/zr/rocm-libraries-rocm-7.2.2/projects/rocfft/library/src/device/generator/../kernels/callback.h:108:58: note: in instantiation of function template specialization 'store_cb_default<rocfft_complex<double>>' requested here
static __device__ auto store_cb_default_complex_double = store_cb_default<rocfft_complex<double>>;
                                                         ^
/public/home/zhangkewei/zr/rocm-libraries-rocm-7.2.2/projects/rocfft/library/src/device/generator/../kernels/callback.h:52:1: warning: void function is missing a return statement [-Wreturn-type]
}
^
/public/home/zhangkewei/zr/rocm-libraries-rocm-7.2.2/projects/rocfft/library/src/device/generator/../kernels/callback.h:119:48: note: in instantiation of function template specialization 'store_cb_default<_Float16>' requested here
static __device__ auto store_cb_default_half = store_cb_default<rocfft_fp16>;
                                               ^
/public/home/zhangkewei/zr/rocm-libraries-rocm-7.2.2/projects/rocfft/library/src/device/generator/../kernels/callback.h:52:1: warning: void function is missing a return statement [-Wreturn-type]
}
^
/public/home/zhangkewei/zr/rocm-libraries-rocm-7.2.2/projects/rocfft/library/src/device/generator/../kernels/callback.h:129:49: note: in instantiation of function template specialization 'store_cb_default<float>' requested here
static __device__ auto store_cb_default_float = store_cb_default<float>;
                                                ^
/public/home/zhangkewei/zr/rocm-libraries-rocm-7.2.2/projects/rocfft/library/src/device/generator/../kernels/callback.h:52:1: warning: void function is missing a return statement [-Wreturn-type]
}
^
/public/home/zhangkewei/zr/rocm-libraries-rocm-7.2.2/projects/rocfft/library/src/device/generator/../kernels/callback.h:140:50: note: in instantiation of function template specialization 'store_cb_default<double>' requested here
static __device__ auto store_cb_default_double = store_cb_default<double>;
                                                 ^
11 warnings generated when compiling for gfx936.
In file included from /public/home/zhangkewei/zr/rocm-libraries-rocm-7.2.2/projects/rocfft/library/src/device/generator/stockham_gen.cpp:35:
In file included from /public/home/zhangkewei/zr/rocm-libraries-rocm-7.2.2/projects/rocfft/library/src/device/generator/stockham_gen_cc.h:22:
/public/home/zhangkewei/zr/rocm-libraries-rocm-7.2.2/projects/rocfft/library/src/device/generator/stockham_gen_base.h:770:5: warning: void function is missing a return statement [-Wreturn-type]
    }
    ^
In file included from /public/home/zhangkewei/zr/rocm-libraries-rocm-7.2.2/projects/rocfft/library/src/device/generator/stockham_gen.cpp:40:
/public/home/zhangkewei/zr/rocm-libraries-rocm-7.2.2/projects/rocfft/library/src/device/generator/stockham_pp_gen_rr.h:444:5: warning: void function is missing a return statement [-Wreturn-type]
    }
    ^
/public/home/zhangkewei/zr/rocm-libraries-rocm-7.2.2/projects/rocfft/library/src/device/generator/stockham_gen.cpp:178:1: warning: void function is missing a return statement [-Wreturn-type]
}
^
/public/home/zhangkewei/zr/rocm-libraries-rocm-7.2.2/projects/rocfft/library/src/device/generator/stockham_gen.cpp:240:1: warning: void function is missing a return statement [-Wreturn-type]
}
^
/public/home/zhangkewei/zr/rocm-libraries-rocm-7.2.2/projects/rocfft/library/src/device/generator/stockham_gen.cpp:511:1: warning: void function is missing a return statement [-Wreturn-type]
}
^
In file included from /public/home/zhangkewei/zr/rocm-libraries-rocm-7.2.2/projects/rocfft/library/src/device/generator/stockham_gen.cpp:26:
In file included from /public/home/zhangkewei/zr/rocm-libraries-rocm-7.2.2/projects/rocfft/library/src/device/generator/generator.h:34:
/public/home/zhangkewei/zr/rocm-libraries-rocm-7.2.2/projects/rocfft/library/src/device/generator/../kernels/callback.h:52:1: warning: void function is missing a return statement [-Wreturn-type]
}
^
/public/home/zhangkewei/zr/rocm-libraries-rocm-7.2.2/projects/rocfft/library/src/device/generator/../kernels/callback.h:74:7: note: in instantiation of function template specialization 'store_cb_default<rocfft_complex<_Float16>>' requested here
    = store_cb_default<rocfft_complex<rocfft_fp16>>;
      ^
/public/home/zhangkewei/zr/rocm-libraries-rocm-7.2.2/projects/rocfft/library/src/device/generator/../kernels/callback.h:52:1: warning: void function is missing a return statement [-Wreturn-type]
}
^
/public/home/zhangkewei/zr/rocm-libraries-rocm-7.2.2/projects/rocfft/library/src/device/generator/../kernels/callback.h:91:57: note: in instantiation of function template specialization 'store_cb_default<rocfft_complex<float>>' requested here
static __device__ auto store_cb_default_complex_float = store_cb_default<rocfft_complex<float>>;
                                                        ^
/public/home/zhangkewei/zr/rocm-libraries-rocm-7.2.2/projects/rocfft/library/src/device/generator/../kernels/callback.h:52:1: warning: void function is missing a return statement [-Wreturn-type]
}
^
/public/home/zhangkewei/zr/rocm-libraries-rocm-7.2.2/projects/rocfft/library/src/device/generator/../kernels/callback.h:108:58: note: in instantiation of function template specialization 'store_cb_default<rocfft_complex<double>>' requested here
static __device__ auto store_cb_default_complex_double = store_cb_default<rocfft_complex<double>>;
                                                         ^
/public/home/zhangkewei/zr/rocm-libraries-rocm-7.2.2/projects/rocfft/library/src/device/generator/../kernels/callback.h:52:1: warning: void function is missing a return statement [-Wreturn-type]
}
^
/public/home/zhangkewei/zr/rocm-libraries-rocm-7.2.2/projects/rocfft/library/src/device/generator/../kernels/callback.h:119:48: note: in instantiation of function template specialization 'store_cb_default<_Float16>' requested here
static __device__ auto store_cb_default_half = store_cb_default<rocfft_fp16>;
                                               ^
/public/home/zhangkewei/zr/rocm-libraries-rocm-7.2.2/projects/rocfft/library/src/device/generator/../kernels/callback.h:52:1: warning: void function is missing a return statement [-Wreturn-type]
}
^
/public/home/zhangkewei/zr/rocm-libraries-rocm-7.2.2/projects/rocfft/library/src/device/generator/../kernels/callback.h:129:49: note: in instantiation of function template specialization 'store_cb_default<float>' requested here
static __device__ auto store_cb_default_float = store_cb_default<float>;
                                                ^
/public/home/zhangkewei/zr/rocm-libraries-rocm-7.2.2/projects/rocfft/library/src/device/generator/../kernels/callback.h:52:1: warning: void function is missing a return statement [-Wreturn-type]
}
^
/public/home/zhangkewei/zr/rocm-libraries-rocm-7.2.2/projects/rocfft/library/src/device/generator/../kernels/callback.h:140:50: note: in instantiation of function template specialization 'store_cb_default<double>' requested here
static __device__ auto store_cb_default_double = store_cb_default<double>;
                                                 ^
11 warnings generated when compiling for host.
In file included from /public/home/zhangkewei/zr/build/rocfft_build/library/src/device/function_pool_init_1.cpp:1:
In file included from /public/home/zhangkewei/zr/rocm-libraries-rocm-7.2.2/projects/rocfft/library/src/device/../include/function_pool.h:29:
In file included from /public/home/zhangkewei/zr/rocm-libraries-rocm-7.2.2/projects/rocfft/library/src/device/../include/function_map_key.h:30:
/public/home/zhangkewei/zr/rocm-libraries-rocm-7.2.2/projects/rocfft/library/src/device/../include/data_descriptor.h:145:5: warning: void function is missing a return statement [-Wreturn-type]
    }
    ^
/public/home/zhangkewei/zr/rocm-libraries-rocm-7.2.2/projects/rocfft/library/src/device/../include/data_descriptor.h:154:5: warning: void function is missing a return statement [-Wreturn-type]
    }
    ^
/public/home/zhangkewei/zr/rocm-libraries-rocm-7.2.2/projects/rocfft/library/src/device/../include/data_descriptor.h:163:5: warning: void function is missing a return statement [-Wreturn-type]
    }
    ^
In file included from /public/home/zhangkewei/zr/build/rocfft_build/library/src/device/function_pool_init_1.cpp:1:
In file included from /public/home/zhangkewei/zr/rocm-libraries-rocm-7.2.2/projects/rocfft/library/src/device/../include/function_pool.h:29:
In file included from /public/home/zhangkewei/zr/rocm-libraries-rocm-7.2.2/projects/rocfft/library/src/device/../include/function_map_key.h:30:
/public/home/zhangkewei/zr/rocm-libraries-rocm-7.2.2/projects/rocfft/library/src/device/../include/data_descriptor.h:145:5: warning: void function is missing a return statement [-Wreturn-type]
    }
    ^
/public/home/zhangkewei/zr/rocm-libraries-rocm-7.2.2/projects/rocfft/library/src/device/../include/data_descriptor.h:154:5: warning: void function is missing a return statement [-Wreturn-type]
    }
    ^
/public/home/zhangkewei/zr/rocm-libraries-rocm-7.2.2/projects/rocfft/library/src/device/../include/data_descriptor.h:172:5: warning: void function is missing a return statement [-Wreturn-type]
    }
    ^
/public/home/zhangkewei/zr/rocm-libraries-rocm-7.2.2/projects/rocfft/library/src/device/../include/data_descriptor.h:163:5: warning: void function is missing a return statement [-Wreturn-type]
    }
    ^
/public/home/zhangkewei/zr/rocm-libraries-rocm-7.2.2/projects/rocfft/library/src/device/../include/data_descriptor.h:172:5: warning: void function is missing a return statement [-Wreturn-type]
    }
    ^
In file included from /public/home/zhangkewei/zr/build/rocfft_build/library/src/device/function_pool_init_1.cpp:1:
In file included from /public/home/zhangkewei/zr/rocm-libraries-rocm-7.2.2/projects/rocfft/library/src/device/../include/function_pool.h:29:
In file included from /public/home/zhangkewei/zr/rocm-libraries-rocm-7.2.2/projects/rocfft/library/src/device/../include/function_map_key.h:30:
/public/home/zhangkewei/zr/rocm-libraries-rocm-7.2.2/projects/rocfft/library/src/device/../include/data_descriptor.h:145:5: warning: void function is missing a return statement [-Wreturn-type]
    }
    ^
/public/home/zhangkewei/zr/rocm-libraries-rocm-7.2.2/projects/rocfft/library/src/device/../include/data_descriptor.h:154:5: warning: void function is missing a return statement [-Wreturn-type]
    }
    ^
/public/home/zhangkewei/zr/rocm-libraries-rocm-7.2.2/projects/rocfft/library/src/device/../include/data_descriptor.h:163:5: warning: void function is missing a return statement [-Wreturn-type]
    }
    ^
/public/home/zhangkewei/zr/rocm-libraries-rocm-7.2.2/projects/rocfft/library/src/device/../include/data_descriptor.h:172:5: warning: void function is missing a return statement [-Wreturn-type]
    }
    ^
In file included from /public/home/zhangkewei/zr/build/rocfft_build/library/src/device/function_pool_init_1.cpp:1:
In file included from /public/home/zhangkewei/zr/rocm-libraries-rocm-7.2.2/projects/rocfft/library/src/device/../include/function_pool.h:29:
/public/home/zhangkewei/zr/rocm-libraries-rocm-7.2.2/projects/rocfft/library/src/device/../include/function_map_key.h:284:5: warning: void function is missing a return statement [-Wreturn-type]
    }
    ^
In file included from /public/home/zhangkewei/zr/build/rocfft_build/library/src/device/function_pool_init_1.cpp:1:
In file included from /public/home/zhangkewei/zr/rocm-libraries-rocm-7.2.2/projects/rocfft/library/src/device/../include/function_pool.h:29:
/public/home/zhangkewei/zr/rocm-libraries-rocm-7.2.2/projects/rocfft/library/src/device/../include/function_map_key.h:284:5: warning: void function is missing a return statement [-Wreturn-type]
    }
    ^
In file included from /public/home/zhangkewei/zr/build/rocfft_build/library/src/device/function_pool_init_1.cpp:1:
In file included from /public/home/zhangkewei/zr/rocm-libraries-rocm-7.2.2/projects/rocfft/library/src/device/../include/function_pool.h:29:
/public/home/zhangkewei/zr/rocm-libraries-rocm-7.2.2/projects/rocfft/library/src/device/../include/function_map_key.h:284:5: warning: void function is missing a return statement [-Wreturn-type]
    }
    ^
/public/home/zhangkewei/zr/rocm-libraries-rocm-7.2.2/projects/rocfft/library/src/device/../include/function_map_key.h:420:1: warning: void function is missing a return statement [-Wreturn-type]
}
^
/public/home/zhangkewei/zr/rocm-libraries-rocm-7.2.2/projects/rocfft/library/src/device/../include/function_map_key.h:420:1: warning: void function is missing a return statement [-Wreturn-type]
}
^
/public/home/zhangkewei/zr/rocm-libraries-rocm-7.2.2/projects/rocfft/library/src/device/../include/function_map_key.h:463:5: warning: void function is missing a return statement [-Wreturn-type]
    }
    ^
/public/home/zhangkewei/zr/rocm-libraries-rocm-7.2.2/projects/rocfft/library/src/device/../include/function_map_key.h:463:5: warning: void function is missing a return statement [-Wreturn-type]
    }
    ^
/public/home/zhangkewei/zr/rocm-libraries-rocm-7.2.2/projects/rocfft/library/src/device/../include/function_map_key.h:420:1: warning: void function is missing a return statement [-Wreturn-type]
}
^
/public/home/zhangkewei/zr/rocm-libraries-rocm-7.2.2/projects/rocfft/library/src/device/../include/function_map_key.h:463:5: warning: void function is missing a return statement [-Wreturn-type]
    }
    ^
In file included from /public/home/zhangkewei/zr/build/rocfft_build/library/src/device/function_pool_init_1.cpp:1:
/public/home/zhangkewei/zr/rocm-libraries-rocm-7.2.2/projects/rocfft/library/src/device/../include/function_pool.h:410:1: warning: void function is missing a return statement [-Wreturn-type]
}
^
In file included from /public/home/zhangkewei/zr/build/rocfft_build/library/src/device/function_pool_init_1.cpp:1:
/public/home/zhangkewei/zr/rocm-libraries-rocm-7.2.2/projects/rocfft/library/src/device/../include/function_pool.h:410:1: warning: void function is missing a return statement [-Wreturn-type]
}
^
/public/home/zhangkewei/zr/rocm-libraries-rocm-7.2.2/projects/rocfft/library/src/device/../include/function_pool.h:433:1: warning: void function is missing a return statement [-Wreturn-type]
}
^
/public/home/zhangkewei/zr/rocm-libraries-rocm-7.2.2/projects/rocfft/library/src/device/../include/function_pool.h:433:1: warning: void function is missing a return statement [-Wreturn-type]
}
^
In file included from /public/home/zhangkewei/zr/build/rocfft_build/library/src/device/function_pool_init_1.cpp:1:
/public/home/zhangkewei/zr/rocm-libraries-rocm-7.2.2/projects/rocfft/library/src/device/../include/function_pool.h:410:1: warning: void function is missing a return statement [-Wreturn-type]
}
^
/public/home/zhangkewei/zr/rocm-libraries-rocm-7.2.2/projects/rocfft/library/src/device/../include/function_pool.h:433:1: warning: void function is missing a return statement [-Wreturn-type]
}
^
/public/home/zhangkewei/zr/build/rocfft_build/library/src/device/function_pool_init_1.cpp:653:250: warning: void function is missing a return statement [-Wreturn-type]
insert_default_entry(PPFMKey(64, 64, 64, rocfft_precision_single, CS_3D_PP, pp_kernel_1.get_kernel_config(), pp_kernel_2.get_kernel_config()), pp_kernel_1, pp_kernel_2, std::get<1>(def_keys), std::get<1>(function_maps), 65536);/* generator.py:821 */}
                                                                                                                                                                                                                                                         ^
/public/home/zhangkewei/zr/build/rocfft_build/library/src/device/function_pool_init_1.cpp:653:250: warning: void function is missing a return statement [-Wreturn-type]
insert_default_entry(PPFMKey(64, 64, 64, rocfft_precision_single, CS_3D_PP, pp_kernel_1.get_kernel_config(), pp_kernel_2.get_kernel_config()), pp_kernel_1, pp_kernel_2, std::get<1>(def_keys), std::get<1>(function_maps), 65536);/* generator.py:821 */}
                                                                                                                                                                                                                                                         ^
/public/home/zhangkewei/zr/build/rocfft_build/library/src/device/function_pool_init_1.cpp:653:250: warning: void function is missing a return statement [-Wreturn-type]
insert_default_entry(PPFMKey(64, 64, 64, rocfft_precision_single, CS_3D_PP, pp_kernel_1.get_kernel_config(), pp_kernel_2.get_kernel_config()), pp_kernel_1, pp_kernel_2, std::get<1>(def_keys), std::get<1>(function_maps), 65536);/* generator.py:821 */}
                                                                                                                                                                                                                                                         ^
In file included from /public/home/zhangkewei/zr/build/rocfft_build/library/src/device/function_pool_init_1.cpp:1:
In file included from /public/home/zhangkewei/zr/rocm-libraries-rocm-7.2.2/projects/rocfft/library/src/device/../include/function_pool.h:29:
In file included from /public/home/zhangkewei/zr/rocm-libraries-rocm-7.2.2/projects/rocfft/library/src/device/../include/function_map_key.h:30:
/public/home/zhangkewei/zr/rocm-libraries-rocm-7.2.2/projects/rocfft/library/src/device/../include/data_descriptor.h:201:5: warning: void function is missing a return statement [-Wreturn-type]
    }
    ^
/public/home/zhangkewei/zr/rocm-libraries-rocm-7.2.2/projects/rocfft/library/src/device/../include/function_map_key.h:248:29: note: in instantiation of member function 'FieldParser<bool>::parse' requested here
        FieldParser<bool>().parse("use_3steps", ret.use_3steps_large_twd, current);
                            ^
In file included from /public/home/zhangkewei/zr/build/rocfft_build/library/src/device/function_pool_init_1.cpp:1:
In file included from /public/home/zhangkewei/zr/rocm-libraries-rocm-7.2.2/projects/rocfft/library/src/device/../include/function_pool.h:29:
In file included from /public/home/zhangkewei/zr/rocm-libraries-rocm-7.2.2/projects/rocfft/library/src/device/../include/function_map_key.h:30:
/public/home/zhangkewei/zr/rocm-libraries-rocm-7.2.2/projects/rocfft/library/src/device/../include/data_descriptor.h:201:5: warning: void function is missing a return statement [-Wreturn-type]
    }
    ^
/public/home/zhangkewei/zr/rocm-libraries-rocm-7.2.2/projects/rocfft/library/src/device/../include/function_map_key.h:248:29: note: in instantiation of member function 'FieldParser<bool>::parse' requested here
        FieldParser<bool>().parse("use_3steps", ret.use_3steps_large_twd, current);
                            ^
In file included from /public/home/zhangkewei/zr/build/rocfft_build/library/src/device/function_pool_init_1.cpp:1:
In file included from /public/home/zhangkewei/zr/rocm-libraries-rocm-7.2.2/projects/rocfft/library/src/device/../include/function_pool.h:29:
In file included from /public/home/zhangkewei/zr/rocm-libraries-rocm-7.2.2/projects/rocfft/library/src/device/../include/function_map_key.h:30:
/public/home/zhangkewei/zr/rocm-libraries-rocm-7.2.2/projects/rocfft/library/src/device/../include/data_descriptor.h:201:5: warning: void function is missing a return statement [-Wreturn-type]
    }
    ^
/public/home/zhangkewei/zr/rocm-libraries-rocm-7.2.2/projects/rocfft/library/src/device/../include/function_map_key.h:248:29: note: in instantiation of member function 'FieldParser<bool>::parse' requested here
        FieldParser<bool>().parse("use_3steps", ret.use_3steps_large_twd, current);
                            ^
In file included from /public/home/zhangkewei/zr/build/rocfft_build/library/src/device/function_pool_init_1.cpp:1:
In file included from /public/home/zhangkewei/zr/rocm-libraries-rocm-7.2.2/projects/rocfft/library/src/device/../include/function_pool.h:29:
In file included from /public/home/zhangkewei/zr/rocm-libraries-rocm-7.2.2/projects/rocfft/library/src/device/../include/function_map_key.h:30:
/public/home/zhangkewei/zr/rocm-libraries-rocm-7.2.2/projects/rocfft/library/src/device/../include/data_descriptor.h:201:5: warning: void function is missing a return statement [-Wreturn-type]
    }
    ^
/public/home/zhangkewei/zr/rocm-libraries-rocm-7.2.2/projects/rocfft/library/src/device/../include/function_map_key.h:252:31: note: in instantiation of member function 'FieldParser<unsigned long>::parse' requested here
        FieldParser<size_t>().parse("tpb", tpb, current);
                              ^
In file included from /public/home/zhangkewei/zr/build/rocfft_build/library/src/device/function_pool_init_1.cpp:1:
In file included from /public/home/zhangkewei/zr/rocm-libraries-rocm-7.2.2/projects/rocfft/library/src/device/../include/function_pool.h:29:
In file included from /public/home/zhangkewei/zr/rocm-libraries-rocm-7.2.2/projects/rocfft/library/src/device/../include/function_map_key.h:30:
/public/home/zhangkewei/zr/rocm-libraries-rocm-7.2.2/projects/rocfft/library/src/device/../include/data_descriptor.h:201:5: warning: void function is missing a return statement [-Wreturn-type]
    }
    ^
/public/home/zhangkewei/zr/rocm-libraries-rocm-7.2.2/projects/rocfft/library/src/device/../include/function_map_key.h:254:28: note: in instantiation of member function 'FieldParser<int>::parse' requested here
        FieldParser<int>().parse("wgs", ret.workgroup_size, current);
                           ^
In file included from /public/home/zhangkewei/zr/build/rocfft_build/library/src/device/function_pool_init_1.cpp:1:
In file included from /public/home/zhangkewei/zr/rocm-libraries-rocm-7.2.2/projects/rocfft/library/src/device/../include/function_pool.h:29:
In file included from /public/home/zhangkewei/zr/rocm-libraries-rocm-7.2.2/projects/rocfft/library/src/device/../include/function_map_key.h:30:
/public/home/zhangkewei/zr/rocm-libraries-rocm-7.2.2/projects/rocfft/library/src/device/../include/data_descriptor.h:217:5: warning: void function is missing a return statement [-Wreturn-type]
    }
    ^
/public/home/zhangkewei/zr/rocm-libraries-rocm-7.2.2/projects/rocfft/library/src/device/../include/function_map_key.h:255:34: note: in instantiation of member function 'VectorFieldParser<int>::parse' requested here
        VectorFieldParser<int>().parse("tpt", tpt, current);
                                 ^
In file included from /public/home/zhangkewei/zr/build/rocfft_build/library/src/device/function_pool_init_1.cpp:1:
In file included from /public/home/zhangkewei/zr/rocm-libraries-rocm-7.2.2/projects/rocfft/library/src/device/../include/function_pool.h:29:
In file included from /public/home/zhangkewei/zr/rocm-libraries-rocm-7.2.2/projects/rocfft/library/src/device/../include/function_map_key.h:30:
/public/home/zhangkewei/zr/rocm-libraries-rocm-7.2.2/projects/rocfft/library/src/device/../include/data_descriptor.h:188:5: warning: void function is missing a return statement [-Wreturn-type]
    }
    ^
/public/home/zhangkewei/zr/rocm-libraries-rocm-7.2.2/projects/rocfft/library/src/device/../include/data_descriptor.h:216:29: note: in instantiation of member function 'StringToVector<int>::Get' requested here
        StringToVector<T>().Get(vec, current);
                            ^
/public/home/zhangkewei/zr/rocm-libraries-rocm-7.2.2/projects/rocfft/library/src/device/../include/function_map_key.h:255:34: note: in instantiation of member function 'VectorFieldParser<int>::parse' requested here
        VectorFieldParser<int>().parse("tpt", tpt, current);
                                 ^
In file included from /public/home/zhangkewei/zr/build/rocfft_build/library/src/device/function_pool_init_1.cpp:1:
In file included from /public/home/zhangkewei/zr/rocm-libraries-rocm-7.2.2/projects/rocfft/library/src/device/../include/function_pool.h:29:
In file included from /public/home/zhangkewei/zr/rocm-libraries-rocm-7.2.2/projects/rocfft/library/src/device/../include/function_map_key.h:30:
/public/home/zhangkewei/zr/rocm-libraries-rocm-7.2.2/projects/rocfft/library/src/device/../include/data_descriptor.h:201:5: warning: void function is missing a return statement [-Wreturn-type]
    }
    ^
/public/home/zhangkewei/zr/rocm-libraries-rocm-7.2.2/projects/rocfft/library/src/device/../include/function_map_key.h:252:31: note: in instantiation of member function 'FieldParser<unsigned long>::parse' requested here
        FieldParser<size_t>().parse("tpb", tpb, current);
                              ^
In file included from /public/home/zhangkewei/zr/build/rocfft_build/library/src/device/function_pool_init_1.cpp:1:
In file included from /public/home/zhangkewei/zr/rocm-libraries-rocm-7.2.2/projects/rocfft/library/src/device/../include/function_pool.h:29:
In file included from /public/home/zhangkewei/zr/rocm-libraries-rocm-7.2.2/projects/rocfft/library/src/device/../include/function_map_key.h:30:
/public/home/zhangkewei/zr/rocm-libraries-rocm-7.2.2/projects/rocfft/library/src/device/../include/data_descriptor.h:201:5: warning: void function is missing a return statement [-Wreturn-type]
    }
    ^
/public/home/zhangkewei/zr/rocm-libraries-rocm-7.2.2/projects/rocfft/library/src/device/../include/function_map_key.h:254:28: note: in instantiation of member function 'FieldParser<int>::parse' requested here
        FieldParser<int>().parse("wgs", ret.workgroup_size, current);
                           ^
In file included from /public/home/zhangkewei/zr/build/rocfft_build/library/src/device/function_pool_init_1.cpp:1:
In file included from /public/home/zhangkewei/zr/rocm-libraries-rocm-7.2.2/projects/rocfft/library/src/device/../include/function_pool.h:29:
In file included from /public/home/zhangkewei/zr/rocm-libraries-rocm-7.2.2/projects/rocfft/library/src/device/../include/function_map_key.h:30:
/public/home/zhangkewei/zr/rocm-libraries-rocm-7.2.2/projects/rocfft/library/src/device/../include/data_descriptor.h:217:5: warning: void function is missing a return statement [-Wreturn-type]
    }
    ^
/public/home/zhangkewei/zr/rocm-libraries-rocm-7.2.2/projects/rocfft/library/src/device/../include/function_map_key.h:255:34: note: in instantiation of member function 'VectorFieldParser<int>::parse' requested here
        VectorFieldParser<int>().parse("tpt", tpt, current);
                                 ^
In file included from /public/home/zhangkewei/zr/build/rocfft_build/library/src/device/function_pool_init_1.cpp:1:
In file included from /public/home/zhangkewei/zr/rocm-libraries-rocm-7.2.2/projects/rocfft/library/src/device/../include/function_pool.h:29:
In file included from /public/home/zhangkewei/zr/rocm-libraries-rocm-7.2.2/projects/rocfft/library/src/device/../include/function_map_key.h:30:
/public/home/zhangkewei/zr/rocm-libraries-rocm-7.2.2/projects/rocfft/library/src/device/../include/data_descriptor.h:188:5: warning: void function is missing a return statement [-Wreturn-type]
    }
    ^
/public/home/zhangkewei/zr/rocm-libraries-rocm-7.2.2/projects/rocfft/library/src/device/../include/data_descriptor.h:216:29: note: in instantiation of member function 'StringToVector<int>::Get' requested here
        StringToVector<T>().Get(vec, current);
                            ^
/public/home/zhangkewei/zr/rocm-libraries-rocm-7.2.2/projects/rocfft/library/src/device/../include/function_map_key.h:255:34: note: in instantiation of member function 'VectorFieldParser<int>::parse' requested here
        VectorFieldParser<int>().parse("tpt", tpt, current);
                                 ^
In file included from /public/home/zhangkewei/zr/build/rocfft_build/library/src/device/function_pool_init_1.cpp:1:
In file included from /public/home/zhangkewei/zr/rocm-libraries-rocm-7.2.2/projects/rocfft/library/src/device/../include/function_pool.h:29:
In file included from /public/home/zhangkewei/zr/rocm-libraries-rocm-7.2.2/projects/rocfft/library/src/device/../include/function_map_key.h:30:
/public/home/zhangkewei/zr/rocm-libraries-rocm-7.2.2/projects/rocfft/library/src/device/../include/data_descriptor.h:217:5: warning: void function is missing a return statement [-Wreturn-type]
    }
    ^
/public/home/zhangkewei/zr/rocm-libraries-rocm-7.2.2/projects/rocfft/library/src/device/../include/function_map_key.h:256:37: note: in instantiation of member function 'VectorFieldParser<unsigned long>::parse' requested here
        VectorFieldParser<size_t>().parse("factors", ret.factors, current);
                                    ^
In file included from /public/home/zhangkewei/zr/build/rocfft_build/library/src/device/function_pool_init_1.cpp:1:
In file included from /public/home/zhangkewei/zr/rocm-libraries-rocm-7.2.2/projects/rocfft/library/src/device/../include/function_pool.h:29:
In file included from /public/home/zhangkewei/zr/rocm-libraries-rocm-7.2.2/projects/rocfft/library/src/device/../include/function_map_key.h:30:
/public/home/zhangkewei/zr/rocm-libraries-rocm-7.2.2/projects/rocfft/library/src/device/../include/data_descriptor.h:188:5: warning: void function is missing a return statement [-Wreturn-type]
    }
    ^
/public/home/zhangkewei/zr/rocm-libraries-rocm-7.2.2/projects/rocfft/library/src/device/../include/data_descriptor.h:216:29: note: in instantiation of member function 'StringToVector<unsigned long>::Get' requested here
        StringToVector<T>().Get(vec, current);
                            ^
/public/home/zhangkewei/zr/rocm-libraries-rocm-7.2.2/projects/rocfft/library/src/device/../include/function_map_key.h:256:37: note: in instantiation of member function 'VectorFieldParser<unsigned long>::parse' requested here
        VectorFieldParser<size_t>().parse("factors", ret.factors, current);
                                    ^
In file included from /public/home/zhangkewei/zr/build/rocfft_build/library/src/device/function_pool_init_1.cpp:1:
In file included from /public/home/zhangkewei/zr/rocm-libraries-rocm-7.2.2/projects/rocfft/library/src/device/../include/function_pool.h:29:
In file included from /public/home/zhangkewei/zr/rocm-libraries-rocm-7.2.2/projects/rocfft/library/src/device/../include/function_map_key.h:30:
/public/home/zhangkewei/zr/rocm-libraries-rocm-7.2.2/projects/rocfft/library/src/device/../include/data_descriptor.h:201:5: warning: void function is missing a return statement [-Wreturn-type]
    }
    ^
/public/home/zhangkewei/zr/rocm-libraries-rocm-7.2.2/projects/rocfft/library/src/device/../include/function_map_key.h:269:40: note: in instantiation of member function 'FieldParser<std::basic_string<char>>::parse' requested here
            FieldParser<std::string>().parse("ebtype", ebTypeStr, current);
                                       ^
In file included from /public/home/zhangkewei/zr/build/rocfft_build/library/src/device/function_pool_init_1.cpp:1:
In file included from /public/home/zhangkewei/zr/rocm-libraries-rocm-7.2.2/projects/rocfft/library/src/device/../include/function_pool.h:29:
In file included from /public/home/zhangkewei/zr/rocm-libraries-rocm-7.2.2/projects/rocfft/library/src/device/../include/function_map_key.h:30:
/public/home/zhangkewei/zr/rocm-libraries-rocm-7.2.2/projects/rocfft/library/src/device/../include/data_descriptor.h:217:5: warning: void function is missing a return statement [-Wreturn-type]
    }
    ^
/public/home/zhangkewei/zr/rocm-libraries-rocm-7.2.2/projects/rocfft/library/src/device/../include/function_map_key.h:256:37: note: in instantiation of member function 'VectorFieldParser<unsigned long>::parse' requested here
        VectorFieldParser<size_t>().parse("factors", ret.factors, current);
                                    ^
In file included from /public/home/zhangkewei/zr/build/rocfft_build/library/src/device/function_pool_init_1.cpp:1:
In file included from /public/home/zhangkewei/zr/rocm-libraries-rocm-7.2.2/projects/rocfft/library/src/device/../include/function_pool.h:29:
In file included from /public/home/zhangkewei/zr/rocm-libraries-rocm-7.2.2/projects/rocfft/library/src/device/../include/function_map_key.h:30:
/public/home/zhangkewei/zr/rocm-libraries-rocm-7.2.2/projects/rocfft/library/src/device/../include/data_descriptor.h:188:5: warning: void function is missing a return statement [-Wreturn-type]
    }
    ^
/public/home/zhangkewei/zr/rocm-libraries-rocm-7.2.2/projects/rocfft/library/src/device/../include/data_descriptor.h:216:29: note: in instantiation of member function 'StringToVector<unsigned long>::Get' requested here
        StringToVector<T>().Get(vec, current);
                            ^
/public/home/zhangkewei/zr/rocm-libraries-rocm-7.2.2/projects/rocfft/library/src/device/../include/function_map_key.h:256:37: note: in instantiation of member function 'VectorFieldParser<unsigned long>::parse' requested here
        VectorFieldParser<size_t>().parse("factors", ret.factors, current);
                                    ^
In file included from /public/home/zhangkewei/zr/build/rocfft_build/library/src/device/function_pool_init_1.cpp:1:
In file included from /public/home/zhangkewei/zr/rocm-libraries-rocm-7.2.2/projects/rocfft/library/src/device/../include/function_pool.h:29:
In file included from /public/home/zhangkewei/zr/rocm-libraries-rocm-7.2.2/projects/rocfft/library/src/device/../include/function_map_key.h:30:
/public/home/zhangkewei/zr/rocm-libraries-rocm-7.2.2/projects/rocfft/library/src/device/../include/data_descriptor.h:201:5: warning: void function is missing a return statement [-Wreturn-type]
    }
    ^
/public/home/zhangkewei/zr/rocm-libraries-rocm-7.2.2/projects/rocfft/library/src/device/../include/function_map_key.h:269:40: note: in instantiation of member function 'FieldParser<std::basic_string<char>>::parse' requested here
            FieldParser<std::string>().parse("ebtype", ebTypeStr, current);
                                       ^
In file included from /public/home/zhangkewei/zr/build/rocfft_build/library/src/device/function_pool_init_1.cpp:1:
In file included from /public/home/zhangkewei/zr/rocm-libraries-rocm-7.2.2/projects/rocfft/library/src/device/../include/function_pool.h:29:
In file included from /public/home/zhangkewei/zr/rocm-libraries-rocm-7.2.2/projects/rocfft/library/src/device/../include/function_map_key.h:30:
/public/home/zhangkewei/zr/rocm-libraries-rocm-7.2.2/projects/rocfft/library/src/device/../include/data_descriptor.h:201:5: warning: void function is missing a return statement [-Wreturn-type]
    }
    ^
/public/home/zhangkewei/zr/rocm-libraries-rocm-7.2.2/projects/rocfft/library/src/device/../include/function_map_key.h:456:37: note: in instantiation of member function 'FieldParser<KernelConfig>::parse' requested here
        FieldParser<KernelConfig>().parse("kernelConfig", config, current);
                                    ^
In file included from /public/home/zhangkewei/zr/build/rocfft_build/library/src/device/function_pool_init_1.cpp:1:
In file included from /public/home/zhangkewei/zr/rocm-libraries-rocm-7.2.2/projects/rocfft/library/src/device/../include/function_pool.h:29:
In file included from /public/home/zhangkewei/zr/rocm-libraries-rocm-7.2.2/projects/rocfft/library/src/device/../include/function_map_key.h:30:
/public/home/zhangkewei/zr/rocm-libraries-rocm-7.2.2/projects/rocfft/library/src/device/../include/data_descriptor.h:201:5: warning: void function is missing a return statement [-Wreturn-type]
    }
    ^
/public/home/zhangkewei/zr/rocm-libraries-rocm-7.2.2/projects/rocfft/library/src/device/../include/function_map_key.h:456:37: note: in instantiation of member function 'FieldParser<KernelConfig>::parse' requested here
        FieldParser<KernelConfig>().parse("kernelConfig", config, current);
                                    ^
In file included from /public/home/zhangkewei/zr/build/rocfft_build/library/src/device/function_pool_init_1.cpp:1:
In file included from /public/home/zhangkewei/zr/rocm-libraries-rocm-7.2.2/projects/rocfft/library/src/device/../include/function_pool.h:29:
In file included from /public/home/zhangkewei/zr/rocm-libraries-rocm-7.2.2/projects/rocfft/library/src/device/../include/function_map_key.h:30:
/public/home/zhangkewei/zr/rocm-libraries-rocm-7.2.2/projects/rocfft/library/src/device/../include/data_descriptor.h:201:5: warning: void function is missing a return statement [-Wreturn-type]
    }
    ^
/public/home/zhangkewei/zr/rocm-libraries-rocm-7.2.2/projects/rocfft/library/src/device/../include/function_map_key.h:252:31: note: in instantiation of member function 'FieldParser<unsigned long>::parse' requested here
        FieldParser<size_t>().parse("tpb", tpb, current);
                              ^
In file included from /public/home/zhangkewei/zr/build/rocfft_build/library/src/device/function_pool_init_1.cpp:1:
In file included from /public/home/zhangkewei/zr/rocm-libraries-rocm-7.2.2/projects/rocfft/library/src/device/../include/function_pool.h:29:
In file included from /public/home/zhangkewei/zr/rocm-libraries-rocm-7.2.2/projects/rocfft/library/src/device/../include/function_map_key.h:30:
/public/home/zhangkewei/zr/rocm-libraries-rocm-7.2.2/projects/rocfft/library/src/device/../include/data_descriptor.h:201:5: warning: void function is missing a return statement [-Wreturn-type]
    }
    ^
/public/home/zhangkewei/zr/rocm-libraries-rocm-7.2.2/projects/rocfft/library/src/device/../include/function_map_key.h:254:28: note: in instantiation of member function 'FieldParser<int>::parse' requested here
        FieldParser<int>().parse("wgs", ret.workgroup_size, current);
                           ^
In file included from /public/home/zhangkewei/zr/build/rocfft_build/library/src/device/function_pool_init_1.cpp:1:
In file included from /public/home/zhangkewei/zr/rocm-libraries-rocm-7.2.2/projects/rocfft/library/src/device/../include/function_pool.h:29:
In file included from /public/home/zhangkewei/zr/rocm-libraries-rocm-7.2.2/projects/rocfft/library/src/device/../include/function_map_key.h:30:
/public/home/zhangkewei/zr/rocm-libraries-rocm-7.2.2/projects/rocfft/library/src/device/../include/data_descriptor.h:217:5: warning: void function is missing a return statement [-Wreturn-type]
    }
    ^
/public/home/zhangkewei/zr/rocm-libraries-rocm-7.2.2/projects/rocfft/library/src/device/../include/function_map_key.h:255:34: note: in instantiation of member function 'VectorFieldParser<int>::parse' requested here
        VectorFieldParser<int>().parse("tpt", tpt, current);
                                 ^
In file included from /public/home/zhangkewei/zr/build/rocfft_build/library/src/device/function_pool_init_1.cpp:1:
In file included from /public/home/zhangkewei/zr/rocm-libraries-rocm-7.2.2/projects/rocfft/library/src/device/../include/function_pool.h:29:
In file included from /public/home/zhangkewei/zr/rocm-libraries-rocm-7.2.2/projects/rocfft/library/src/device/../include/function_map_key.h:30:
/public/home/zhangkewei/zr/rocm-libraries-rocm-7.2.2/projects/rocfft/library/src/device/../include/data_descriptor.h:188:5: warning: void function is missing a return statement [-Wreturn-type]
    }
    ^
/public/home/zhangkewei/zr/rocm-libraries-rocm-7.2.2/projects/rocfft/library/src/device/../include/data_descriptor.h:216:29: note: in instantiation of member function 'StringToVector<int>::Get' requested here
        StringToVector<T>().Get(vec, current);
                            ^
/public/home/zhangkewei/zr/rocm-libraries-rocm-7.2.2/projects/rocfft/library/src/device/../include/function_map_key.h:255:34: note: in instantiation of member function 'VectorFieldParser<int>::parse' requested here
        VectorFieldParser<int>().parse("tpt", tpt, current);
                                 ^
In file included from /public/home/zhangkewei/zr/build/rocfft_build/library/src/device/function_pool_init_1.cpp:1:
In file included from /public/home/zhangkewei/zr/rocm-libraries-rocm-7.2.2/projects/rocfft/library/src/device/../include/function_pool.h:29:
In file included from /public/home/zhangkewei/zr/rocm-libraries-rocm-7.2.2/projects/rocfft/library/src/device/../include/function_map_key.h:30:
/public/home/zhangkewei/zr/rocm-libraries-rocm-7.2.2/projects/rocfft/library/src/device/../include/data_descriptor.h:217:5: warning: void function is missing a return statement [-Wreturn-type]
    }
    ^
/public/home/zhangkewei/zr/rocm-libraries-rocm-7.2.2/projects/rocfft/library/src/device/../include/function_map_key.h:256:37: note: in instantiation of member function 'VectorFieldParser<unsigned long>::parse' requested here
        VectorFieldParser<size_t>().parse("factors", ret.factors, current);
                                    ^
In file included from /public/home/zhangkewei/zr/build/rocfft_build/library/src/device/function_pool_init_1.cpp:1:
In file included from /public/home/zhangkewei/zr/rocm-libraries-rocm-7.2.2/projects/rocfft/library/src/device/../include/function_pool.h:29:
In file included from /public/home/zhangkewei/zr/rocm-libraries-rocm-7.2.2/projects/rocfft/library/src/device/../include/function_map_key.h:30:
/public/home/zhangkewei/zr/rocm-libraries-rocm-7.2.2/projects/rocfft/library/src/device/../include/data_descriptor.h:188:5: warning: void function is missing a return statement [-Wreturn-type]
    }
    ^
/public/home/zhangkewei/zr/rocm-libraries-rocm-7.2.2/projects/rocfft/library/src/device/../include/data_descriptor.h:216:29: note: in instantiation of member function 'StringToVector<unsigned long>::Get' requested here
        StringToVector<T>().Get(vec, current);
                            ^
/public/home/zhangkewei/zr/rocm-libraries-rocm-7.2.2/projects/rocfft/library/src/device/../include/function_map_key.h:256:37: note: in instantiation of member function 'VectorFieldParser<unsigned long>::parse' requested here
        VectorFieldParser<size_t>().parse("factors", ret.factors, current);
                                    ^
In file included from /public/home/zhangkewei/zr/build/rocfft_build/library/src/device/function_pool_init_1.cpp:1:
In file included from /public/home/zhangkewei/zr/rocm-libraries-rocm-7.2.2/projects/rocfft/library/src/device/../include/function_pool.h:29:
In file included from /public/home/zhangkewei/zr/rocm-libraries-rocm-7.2.2/projects/rocfft/library/src/device/../include/function_map_key.h:30:
/public/home/zhangkewei/zr/rocm-libraries-rocm-7.2.2/projects/rocfft/library/src/device/../include/data_descriptor.h:201:5: warning: void function is missing a return statement [-Wreturn-type]
    }
    ^
/public/home/zhangkewei/zr/rocm-libraries-rocm-7.2.2/projects/rocfft/library/src/device/../include/function_map_key.h:269:40: note: in instantiation of member function 'FieldParser<std::basic_string<char>>::parse' requested here
            FieldParser<std::string>().parse("ebtype", ebTypeStr, current);
                                       ^
In file included from /public/home/zhangkewei/zr/build/rocfft_build/library/src/device/function_pool_init_1.cpp:1:
In file included from /public/home/zhangkewei/zr/rocm-libraries-rocm-7.2.2/projects/rocfft/library/src/device/../include/function_pool.h:29:
In file included from /public/home/zhangkewei/zr/rocm-libraries-rocm-7.2.2/projects/rocfft/library/src/device/../include/function_map_key.h:30:
/public/home/zhangkewei/zr/rocm-libraries-rocm-7.2.2/projects/rocfft/library/src/device/../include/data_descriptor.h:201:5: warning: void function is missing a return statement [-Wreturn-type]
    }
    ^
/public/home/zhangkewei/zr/rocm-libraries-rocm-7.2.2/projects/rocfft/library/src/device/../include/function_map_key.h:456:37: note: in instantiation of member function 'FieldParser<KernelConfig>::parse' requested here
        FieldParser<KernelConfig>().parse("kernelConfig", config, current);
                                    ^
19 warnings generated when compiling for gfx926.
19 warnings generated when compiling for gfx928.
19 warnings generated when compiling for gfx906.
In file included from /public/home/zhangkewei/zr/build/rocfft_build/library/src/device/function_pool_init_1.cpp:1:
In file included from /public/home/zhangkewei/zr/rocm-libraries-rocm-7.2.2/projects/rocfft/library/src/device/../include/function_pool.h:29:
In file included from /public/home/zhangkewei/zr/rocm-libraries-rocm-7.2.2/projects/rocfft/library/src/device/../include/function_map_key.h:30:
/public/home/zhangkewei/zr/rocm-libraries-rocm-7.2.2/projects/rocfft/library/src/device/../include/data_descriptor.h:145:5: warning: void function is missing a return statement [-Wreturn-type]
    }
    ^
/public/home/zhangkewei/zr/rocm-libraries-rocm-7.2.2/projects/rocfft/library/src/device/../include/data_descriptor.h:154:5: warning: void function is missing a return statement [-Wreturn-type]
    }
    ^
/public/home/zhangkewei/zr/rocm-libraries-rocm-7.2.2/projects/rocfft/library/src/device/../include/data_descriptor.h:163:5: warning: void function is missing a return statement [-Wreturn-type]
    }
    ^
/public/home/zhangkewei/zr/rocm-libraries-rocm-7.2.2/projects/rocfft/library/src/device/../include/data_descriptor.h:172:5: warning: void function is missing a return statement [-Wreturn-type]
    }
    ^
In file included from /public/home/zhangkewei/zr/build/rocfft_build/library/src/device/function_pool_init_1.cpp:1:
In file included from /public/home/zhangkewei/zr/rocm-libraries-rocm-7.2.2/projects/rocfft/library/src/device/../include/function_pool.h:29:
/public/home/zhangkewei/zr/rocm-libraries-rocm-7.2.2/projects/rocfft/library/src/device/../include/function_map_key.h:284:5: warning: void function is missing a return statement [-Wreturn-type]
    }
    ^
/public/home/zhangkewei/zr/rocm-libraries-rocm-7.2.2/projects/rocfft/library/src/device/../include/function_map_key.h:420:1: warning: void function is missing a return statement [-Wreturn-type]
}
^
/public/home/zhangkewei/zr/rocm-libraries-rocm-7.2.2/projects/rocfft/library/src/device/../include/function_map_key.h:463:5: warning: void function is missing a return statement [-Wreturn-type]
    }
    ^
In file included from /public/home/zhangkewei/zr/build/rocfft_build/library/src/device/function_pool_init_1.cpp:1:
/public/home/zhangkewei/zr/rocm-libraries-rocm-7.2.2/projects/rocfft/library/src/device/../include/function_pool.h:410:1: warning: void function is missing a return statement [-Wreturn-type]
}
^
/public/home/zhangkewei/zr/rocm-libraries-rocm-7.2.2/projects/rocfft/library/src/device/../include/function_pool.h:433:1: warning: void function is missing a return statement [-Wreturn-type]
}
^
/public/home/zhangkewei/zr/build/rocfft_build/library/src/device/function_pool_init_1.cpp:653:250: warning: void function is missing a return statement [-Wreturn-type]
insert_default_entry(PPFMKey(64, 64, 64, rocfft_precision_single, CS_3D_PP, pp_kernel_1.get_kernel_config(), pp_kernel_2.get_kernel_config()), pp_kernel_1, pp_kernel_2, std::get<1>(def_keys), std::get<1>(function_maps), 65536);/* generator.py:821 */}
                                                                                                                                                                                                                                                         ^
In file included from /public/home/zhangkewei/zr/build/rocfft_build/library/src/device/function_pool_init_1.cpp:1:
In file included from /public/home/zhangkewei/zr/rocm-libraries-rocm-7.2.2/projects/rocfft/library/src/device/../include/function_pool.h:29:
In file included from /public/home/zhangkewei/zr/rocm-libraries-rocm-7.2.2/projects/rocfft/library/src/device/../include/function_map_key.h:30:
/public/home/zhangkewei/zr/rocm-libraries-rocm-7.2.2/projects/rocfft/library/src/device/../include/data_descriptor.h:201:5: warning: void function is missing a return statement [-Wreturn-type]
    }
    ^
/public/home/zhangkewei/zr/rocm-libraries-rocm-7.2.2/projects/rocfft/library/src/device/../include/function_map_key.h:248:29: note: in instantiation of member function 'FieldParser<bool>::parse' requested here
        FieldParser<bool>().parse("use_3steps", ret.use_3steps_large_twd, current);
                            ^
In file included from /public/home/zhangkewei/zr/build/rocfft_build/library/src/device/function_pool_init_1.cpp:1:
In file included from /public/home/zhangkewei/zr/rocm-libraries-rocm-7.2.2/projects/rocfft/library/src/device/../include/function_pool.h:29:
In file included from /public/home/zhangkewei/zr/rocm-libraries-rocm-7.2.2/projects/rocfft/library/src/device/../include/function_map_key.h:30:
/public/home/zhangkewei/zr/rocm-libraries-rocm-7.2.2/projects/rocfft/library/src/device/../include/data_descriptor.h:201:5: warning: void function is missing a return statement [-Wreturn-type]
    }
    ^
/public/home/zhangkewei/zr/rocm-libraries-rocm-7.2.2/projects/rocfft/library/src/device/../include/function_map_key.h:252:31: note: in instantiation of member function 'FieldParser<unsigned long>::parse' requested here
        FieldParser<size_t>().parse("tpb", tpb, current);
                              ^
In file included from /public/home/zhangkewei/zr/build/rocfft_build/library/src/device/function_pool_init_1.cpp:1:
In file included from /public/home/zhangkewei/zr/rocm-libraries-rocm-7.2.2/projects/rocfft/library/src/device/../include/function_pool.h:29:
In file included from /public/home/zhangkewei/zr/rocm-libraries-rocm-7.2.2/projects/rocfft/library/src/device/../include/function_map_key.h:30:
/public/home/zhangkewei/zr/rocm-libraries-rocm-7.2.2/projects/rocfft/library/src/device/../include/data_descriptor.h:201:5: warning: void function is missing a return statement [-Wreturn-type]
    }
    ^
/public/home/zhangkewei/zr/rocm-libraries-rocm-7.2.2/projects/rocfft/library/src/device/../include/function_map_key.h:254:28: note: in instantiation of member function 'FieldParser<int>::parse' requested here
        FieldParser<int>().parse("wgs", ret.workgroup_size, current);
                           ^
In file included from /public/home/zhangkewei/zr/build/rocfft_build/library/src/device/function_pool_init_1.cpp:1:
In file included from /public/home/zhangkewei/zr/rocm-libraries-rocm-7.2.2/projects/rocfft/library/src/device/../include/function_pool.h:29:
In file included from /public/home/zhangkewei/zr/rocm-libraries-rocm-7.2.2/projects/rocfft/library/src/device/../include/function_map_key.h:30:
/public/home/zhangkewei/zr/rocm-libraries-rocm-7.2.2/projects/rocfft/library/src/device/../include/data_descriptor.h:217:5: warning: void function is missing a return statement [-Wreturn-type]
    }
    ^
/public/home/zhangkewei/zr/rocm-libraries-rocm-7.2.2/projects/rocfft/library/src/device/../include/function_map_key.h:255:34: note: in instantiation of member function 'VectorFieldParser<int>::parse' requested here
        VectorFieldParser<int>().parse("tpt", tpt, current);
                                 ^
In file included from /public/home/zhangkewei/zr/build/rocfft_build/library/src/device/function_pool_init_1.cpp:1:
In file included from /public/home/zhangkewei/zr/rocm-libraries-rocm-7.2.2/projects/rocfft/library/src/device/../include/function_pool.h:29:
In file included from /public/home/zhangkewei/zr/rocm-libraries-rocm-7.2.2/projects/rocfft/library/src/device/../include/function_map_key.h:30:
/public/home/zhangkewei/zr/rocm-libraries-rocm-7.2.2/projects/rocfft/library/src/device/../include/data_descriptor.h:188:5: warning: void function is missing a return statement [-Wreturn-type]
    }
    ^
/public/home/zhangkewei/zr/rocm-libraries-rocm-7.2.2/projects/rocfft/library/src/device/../include/data_descriptor.h:216:29: note: in instantiation of member function 'StringToVector<int>::Get' requested here
        StringToVector<T>().Get(vec, current);
                            ^
/public/home/zhangkewei/zr/rocm-libraries-rocm-7.2.2/projects/rocfft/library/src/device/../include/function_map_key.h:255:34: note: in instantiation of member function 'VectorFieldParser<int>::parse' requested here
        VectorFieldParser<int>().parse("tpt", tpt, current);
                                 ^
In file included from /public/home/zhangkewei/zr/build/rocfft_build/library/src/device/function_pool_init_1.cpp:1:
In file included from /public/home/zhangkewei/zr/rocm-libraries-rocm-7.2.2/projects/rocfft/library/src/device/../include/function_pool.h:29:
In file included from /public/home/zhangkewei/zr/rocm-libraries-rocm-7.2.2/projects/rocfft/library/src/device/../include/function_map_key.h:30:
/public/home/zhangkewei/zr/rocm-libraries-rocm-7.2.2/projects/rocfft/library/src/device/../include/data_descriptor.h:217:5: warning: void function is missing a return statement [-Wreturn-type]
    }
    ^
/public/home/zhangkewei/zr/rocm-libraries-rocm-7.2.2/projects/rocfft/library/src/device/../include/function_map_key.h:256:37: note: in instantiation of member function 'VectorFieldParser<unsigned long>::parse' requested here
        VectorFieldParser<size_t>().parse("factors", ret.factors, current);
                                    ^
In file included from /public/home/zhangkewei/zr/build/rocfft_build/library/src/device/function_pool_init_1.cpp:1:
In file included from /public/home/zhangkewei/zr/rocm-libraries-rocm-7.2.2/projects/rocfft/library/src/device/../include/function_pool.h:29:
In file included from /public/home/zhangkewei/zr/rocm-libraries-rocm-7.2.2/projects/rocfft/library/src/device/../include/function_map_key.h:30:
/public/home/zhangkewei/zr/rocm-libraries-rocm-7.2.2/projects/rocfft/library/src/device/../include/data_descriptor.h:188:5: warning: void function is missing a return statement [-Wreturn-type]
    }
    ^
/public/home/zhangkewei/zr/rocm-libraries-rocm-7.2.2/projects/rocfft/library/src/device/../include/data_descriptor.h:216:29: note: in instantiation of member function 'StringToVector<unsigned long>::Get' requested here
        StringToVector<T>().Get(vec, current);
                            ^
/public/home/zhangkewei/zr/rocm-libraries-rocm-7.2.2/projects/rocfft/library/src/device/../include/function_map_key.h:256:37: note: in instantiation of member function 'VectorFieldParser<unsigned long>::parse' requested here
        VectorFieldParser<size_t>().parse("factors", ret.factors, current);
                                    ^
In file included from /public/home/zhangkewei/zr/build/rocfft_build/library/src/device/function_pool_init_1.cpp:1:
In file included from /public/home/zhangkewei/zr/rocm-libraries-rocm-7.2.2/projects/rocfft/library/src/device/../include/function_pool.h:29:
In file included from /public/home/zhangkewei/zr/rocm-libraries-rocm-7.2.2/projects/rocfft/library/src/device/../include/function_map_key.h:30:
/public/home/zhangkewei/zr/rocm-libraries-rocm-7.2.2/projects/rocfft/library/src/device/../include/data_descriptor.h:201:5: warning: void function is missing a return statement [-Wreturn-type]
    }
    ^
/public/home/zhangkewei/zr/rocm-libraries-rocm-7.2.2/projects/rocfft/library/src/device/../include/function_map_key.h:269:40: note: in instantiation of member function 'FieldParser<std::basic_string<char>>::parse' requested here
            FieldParser<std::string>().parse("ebtype", ebTypeStr, current);
                                       ^
In file included from /public/home/zhangkewei/zr/build/rocfft_build/library/src/device/function_pool_init_1.cpp:1:
In file included from /public/home/zhangkewei/zr/rocm-libraries-rocm-7.2.2/projects/rocfft/library/src/device/../include/function_pool.h:29:
In file included from /public/home/zhangkewei/zr/rocm-libraries-rocm-7.2.2/projects/rocfft/library/src/device/../include/function_map_key.h:30:
/public/home/zhangkewei/zr/rocm-libraries-rocm-7.2.2/projects/rocfft/library/src/device/../include/data_descriptor.h:201:5: warning: void function is missing a return statement [-Wreturn-type]
    }
    ^
/public/home/zhangkewei/zr/rocm-libraries-rocm-7.2.2/projects/rocfft/library/src/device/../include/function_map_key.h:456:37: note: in instantiation of member function 'FieldParser<KernelConfig>::parse' requested here
        FieldParser<KernelConfig>().parse("kernelConfig", config, current);
                                    ^
19 warnings generated when compiling for gfx936.
In file included from /public/home/zhangkewei/zr/build/rocfft_build/library/src/device/function_pool_init_1.cpp:1:
In file included from /public/home/zhangkewei/zr/rocm-libraries-rocm-7.2.2/projects/rocfft/library/src/device/../include/function_pool.h:29:
In file included from /public/home/zhangkewei/zr/rocm-libraries-rocm-7.2.2/projects/rocfft/library/src/device/../include/function_map_key.h:30:
/public/home/zhangkewei/zr/rocm-libraries-rocm-7.2.2/projects/rocfft/library/src/device/../include/data_descriptor.h:145:5: warning: void function is missing a return statement [-Wreturn-type]
    }
    ^
/public/home/zhangkewei/zr/rocm-libraries-rocm-7.2.2/projects/rocfft/library/src/device/../include/data_descriptor.h:154:5: warning: void function is missing a return statement [-Wreturn-type]
    }
    ^
/public/home/zhangkewei/zr/rocm-libraries-rocm-7.2.2/projects/rocfft/library/src/device/../include/data_descriptor.h:163:5: warning: void function is missing a return statement [-Wreturn-type]
    }
    ^
/public/home/zhangkewei/zr/rocm-libraries-rocm-7.2.2/projects/rocfft/library/src/device/../include/data_descriptor.h:172:5: warning: void function is missing a return statement [-Wreturn-type]
    }
    ^
In file included from /public/home/zhangkewei/zr/build/rocfft_build/library/src/device/function_pool_init_1.cpp:1:
In file included from /public/home/zhangkewei/zr/rocm-libraries-rocm-7.2.2/projects/rocfft/library/src/device/../include/function_pool.h:29:
/public/home/zhangkewei/zr/rocm-libraries-rocm-7.2.2/projects/rocfft/library/src/device/../include/function_map_key.h:284:5: warning: void function is missing a return statement [-Wreturn-type]
    }
    ^
/public/home/zhangkewei/zr/rocm-libraries-rocm-7.2.2/projects/rocfft/library/src/device/../include/function_map_key.h:420:1: warning: void function is missing a return statement [-Wreturn-type]
}
^
/public/home/zhangkewei/zr/rocm-libraries-rocm-7.2.2/projects/rocfft/library/src/device/../include/function_map_key.h:463:5: warning: void function is missing a return statement [-Wreturn-type]
    }
    ^
In file included from /public/home/zhangkewei/zr/build/rocfft_build/library/src/device/function_pool_init_1.cpp:1:
/public/home/zhangkewei/zr/rocm-libraries-rocm-7.2.2/projects/rocfft/library/src/device/../include/function_pool.h:410:1: warning: void function is missing a return statement [-Wreturn-type]
}
^
/public/home/zhangkewei/zr/rocm-libraries-rocm-7.2.2/projects/rocfft/library/src/device/../include/function_pool.h:433:1: warning: void function is missing a return statement [-Wreturn-type]
}
^
/public/home/zhangkewei/zr/build/rocfft_build/library/src/device/function_pool_init_1.cpp:653:250: warning: void function is missing a return statement [-Wreturn-type]
insert_default_entry(PPFMKey(64, 64, 64, rocfft_precision_single, CS_3D_PP, pp_kernel_1.get_kernel_config(), pp_kernel_2.get_kernel_config()), pp_kernel_1, pp_kernel_2, std::get<1>(def_keys), std::get<1>(function_maps), 65536);/* generator.py:821 */}
                                                                                                                                                                                                                                                         ^
In file included from /public/home/zhangkewei/zr/build/rocfft_build/library/src/device/function_pool_init_1.cpp:1:
In file included from /public/home/zhangkewei/zr/rocm-libraries-rocm-7.2.2/projects/rocfft/library/src/device/../include/function_pool.h:29:
In file included from /public/home/zhangkewei/zr/rocm-libraries-rocm-7.2.2/projects/rocfft/library/src/device/../include/function_map_key.h:30:
/public/home/zhangkewei/zr/rocm-libraries-rocm-7.2.2/projects/rocfft/library/src/device/../include/data_descriptor.h:201:5: warning: void function is missing a return statement [-Wreturn-type]
    }
    ^
/public/home/zhangkewei/zr/rocm-libraries-rocm-7.2.2/projects/rocfft/library/src/device/../include/function_map_key.h:248:29: note: in instantiation of member function 'FieldParser<bool>::parse' requested here
        FieldParser<bool>().parse("use_3steps", ret.use_3steps_large_twd, current);
                            ^
In file included from /public/home/zhangkewei/zr/build/rocfft_build/library/src/device/function_pool_init_1.cpp:1:
In file included from /public/home/zhangkewei/zr/rocm-libraries-rocm-7.2.2/projects/rocfft/library/src/device/../include/function_pool.h:29:
In file included from /public/home/zhangkewei/zr/rocm-libraries-rocm-7.2.2/projects/rocfft/library/src/device/../include/function_map_key.h:30:
/public/home/zhangkewei/zr/rocm-libraries-rocm-7.2.2/projects/rocfft/library/src/device/../include/data_descriptor.h:201:5: warning: void function is missing a return statement [-Wreturn-type]
    }
    ^
/public/home/zhangkewei/zr/rocm-libraries-rocm-7.2.2/projects/rocfft/library/src/device/../include/function_map_key.h:252:31: note: in instantiation of member function 'FieldParser<unsigned long>::parse' requested here
        FieldParser<size_t>().parse("tpb", tpb, current);
                              ^
In file included from /public/home/zhangkewei/zr/build/rocfft_build/library/src/device/function_pool_init_1.cpp:1:
In file included from /public/home/zhangkewei/zr/rocm-libraries-rocm-7.2.2/projects/rocfft/library/src/device/../include/function_pool.h:29:
In file included from /public/home/zhangkewei/zr/rocm-libraries-rocm-7.2.2/projects/rocfft/library/src/device/../include/function_map_key.h:30:
/public/home/zhangkewei/zr/rocm-libraries-rocm-7.2.2/projects/rocfft/library/src/device/../include/data_descriptor.h:201:5: warning: void function is missing a return statement [-Wreturn-type]
    }
    ^
/public/home/zhangkewei/zr/rocm-libraries-rocm-7.2.2/projects/rocfft/library/src/device/../include/function_map_key.h:254:28: note: in instantiation of member function 'FieldParser<int>::parse' requested here
        FieldParser<int>().parse("wgs", ret.workgroup_size, current);
                           ^
In file included from /public/home/zhangkewei/zr/build/rocfft_build/library/src/device/function_pool_init_1.cpp:1:
In file included from /public/home/zhangkewei/zr/rocm-libraries-rocm-7.2.2/projects/rocfft/library/src/device/../include/function_pool.h:29:
In file included from /public/home/zhangkewei/zr/rocm-libraries-rocm-7.2.2/projects/rocfft/library/src/device/../include/function_map_key.h:30:
/public/home/zhangkewei/zr/rocm-libraries-rocm-7.2.2/projects/rocfft/library/src/device/../include/data_descriptor.h:217:5: warning: void function is missing a return statement [-Wreturn-type]
    }
    ^
/public/home/zhangkewei/zr/rocm-libraries-rocm-7.2.2/projects/rocfft/library/src/device/../include/function_map_key.h:255:34: note: in instantiation of member function 'VectorFieldParser<int>::parse' requested here
        VectorFieldParser<int>().parse("tpt", tpt, current);
                                 ^
In file included from /public/home/zhangkewei/zr/build/rocfft_build/library/src/device/function_pool_init_1.cpp:1:
In file included from /public/home/zhangkewei/zr/rocm-libraries-rocm-7.2.2/projects/rocfft/library/src/device/../include/function_pool.h:29:
In file included from /public/home/zhangkewei/zr/rocm-libraries-rocm-7.2.2/projects/rocfft/library/src/device/../include/function_map_key.h:30:
/public/home/zhangkewei/zr/rocm-libraries-rocm-7.2.2/projects/rocfft/library/src/device/../include/data_descriptor.h:188:5: warning: void function is missing a return statement [-Wreturn-type]
    }
    ^
/public/home/zhangkewei/zr/rocm-libraries-rocm-7.2.2/projects/rocfft/library/src/device/../include/data_descriptor.h:216:29: note: in instantiation of member function 'StringToVector<int>::Get' requested here
        StringToVector<T>().Get(vec, current);
                            ^
/public/home/zhangkewei/zr/rocm-libraries-rocm-7.2.2/projects/rocfft/library/src/device/../include/function_map_key.h:255:34: note: in instantiation of member function 'VectorFieldParser<int>::parse' requested here
        VectorFieldParser<int>().parse("tpt", tpt, current);
                                 ^
In file included from /public/home/zhangkewei/zr/build/rocfft_build/library/src/device/function_pool_init_1.cpp:1:
In file included from /public/home/zhangkewei/zr/rocm-libraries-rocm-7.2.2/projects/rocfft/library/src/device/../include/function_pool.h:29:
In file included from /public/home/zhangkewei/zr/rocm-libraries-rocm-7.2.2/projects/rocfft/library/src/device/../include/function_map_key.h:30:
/public/home/zhangkewei/zr/rocm-libraries-rocm-7.2.2/projects/rocfft/library/src/device/../include/data_descriptor.h:217:5: warning: void function is missing a return statement [-Wreturn-type]
    }
    ^
/public/home/zhangkewei/zr/rocm-libraries-rocm-7.2.2/projects/rocfft/library/src/device/../include/function_map_key.h:256:37: note: in instantiation of member function 'VectorFieldParser<unsigned long>::parse' requested here
        VectorFieldParser<size_t>().parse("factors", ret.factors, current);
                                    ^
In file included from /public/home/zhangkewei/zr/build/rocfft_build/library/src/device/function_pool_init_1.cpp:1:
In file included from /public/home/zhangkewei/zr/rocm-libraries-rocm-7.2.2/projects/rocfft/library/src/device/../include/function_pool.h:29:
In file included from /public/home/zhangkewei/zr/rocm-libraries-rocm-7.2.2/projects/rocfft/library/src/device/../include/function_map_key.h:30:
/public/home/zhangkewei/zr/rocm-libraries-rocm-7.2.2/projects/rocfft/library/src/device/../include/data_descriptor.h:188:5: warning: void function is missing a return statement [-Wreturn-type]
    }
    ^
/public/home/zhangkewei/zr/rocm-libraries-rocm-7.2.2/projects/rocfft/library/src/device/../include/data_descriptor.h:216:29: note: in instantiation of member function 'StringToVector<unsigned long>::Get' requested here
        StringToVector<T>().Get(vec, current);
                            ^
/public/home/zhangkewei/zr/rocm-libraries-rocm-7.2.2/projects/rocfft/library/src/device/../include/function_map_key.h:256:37: note: in instantiation of member function 'VectorFieldParser<unsigned long>::parse' requested here
        VectorFieldParser<size_t>().parse("factors", ret.factors, current);
                                    ^
In file included from /public/home/zhangkewei/zr/build/rocfft_build/library/src/device/function_pool_init_1.cpp:1:
In file included from /public/home/zhangkewei/zr/rocm-libraries-rocm-7.2.2/projects/rocfft/library/src/device/../include/function_pool.h:29:
In file included from /public/home/zhangkewei/zr/rocm-libraries-rocm-7.2.2/projects/rocfft/library/src/device/../include/function_map_key.h:30:
/public/home/zhangkewei/zr/rocm-libraries-rocm-7.2.2/projects/rocfft/library/src/device/../include/data_descriptor.h:201:5: warning: void function is missing a return statement [-Wreturn-type]
    }
    ^
/public/home/zhangkewei/zr/rocm-libraries-rocm-7.2.2/projects/rocfft/library/src/device/../include/function_map_key.h:269:40: note: in instantiation of member function 'FieldParser<std::basic_string<char>>::parse' requested here
            FieldParser<std::string>().parse("ebtype", ebTypeStr, current);
                                       ^
In file included from /public/home/zhangkewei/zr/build/rocfft_build/library/src/device/function_pool_init_1.cpp:1:
In file included from /public/home/zhangkewei/zr/rocm-libraries-rocm-7.2.2/projects/rocfft/library/src/device/../include/function_pool.h:29:
In file included from /public/home/zhangkewei/zr/rocm-libraries-rocm-7.2.2/projects/rocfft/library/src/device/../include/function_map_key.h:30:
/public/home/zhangkewei/zr/rocm-libraries-rocm-7.2.2/projects/rocfft/library/src/device/../include/data_descriptor.h:201:5: warning: void function is missing a return statement [-Wreturn-type]
    }
    ^
/public/home/zhangkewei/zr/rocm-libraries-rocm-7.2.2/projects/rocfft/library/src/device/../include/function_map_key.h:456:37: note: in instantiation of member function 'FieldParser<KernelConfig>::parse' requested here
        FieldParser<KernelConfig>().parse("kernelConfig", config, current);
                                    ^
19 warnings generated when compiling for host.
In file included from /public/home/zhangkewei/zr/build/rocfft_build/library/src/device/function_pool_init_2.cpp:1:
In file included from /public/home/zhangkewei/zr/rocm-libraries-rocm-7.2.2/projects/rocfft/library/src/device/../include/function_pool.h:29:
In file included from /public/home/zhangkewei/zr/rocm-libraries-rocm-7.2.2/projects/rocfft/library/src/device/../include/function_map_key.h:30:
In file included from /public/home/zhangkewei/zr/build/rocfft_build/library/src/device/function_pool_init_2.cpp:1:
In file included from /public/home/zhangkewei/zr/rocm-libraries-rocm-7.2.2/projects/rocfft/library/src/device/../include/function_pool.h:29:
In file included from /public/home/zhangkewei/zr/rocm-libraries-rocm-7.2.2/projects/rocfft/library/src/device/../include/function_map_key.h:30:
/public/home/zhangkewei/zr/rocm-libraries-rocm-7.2.2/projects/rocfft/library/src/device/../include/data_descriptor.h:145:5: warning: void function is missing a return statement [-Wreturn-type]
    }
    ^
/public/home/zhangkewei/zr/rocm-libraries-rocm-7.2.2/projects/rocfft/library/src/device/../include/data_descriptor.h:154:5: warning: void function is missing a return statement [-Wreturn-type]
    }
    ^
/public/home/zhangkewei/zr/rocm-libraries-rocm-7.2.2/projects/rocfft/library/src/device/../include/data_descriptor.h:163:5: warning: void function is missing a return statement [-Wreturn-type]
    }
    ^
/public/home/zhangkewei/zr/rocm-libraries-rocm-7.2.2/projects/rocfft/library/src/device/../include/data_descriptor.h:145:5: warning: void function is missing a return statement [-Wreturn-type]
    }
    ^
/public/home/zhangkewei/zr/rocm-libraries-rocm-7.2.2/projects/rocfft/library/src/device/../include/data_descriptor.h:154:5: warning: void function is missing a return statement [-Wreturn-type]
    }
    ^
/public/home/zhangkewei/zr/rocm-libraries-rocm-7.2.2/projects/rocfft/library/src/device/../include/data_descriptor.h:163:5: warning: void function is missing a return statement [-Wreturn-type]
    }
    ^
/public/home/zhangkewei/zr/rocm-libraries-rocm-7.2.2/projects/rocfft/library/src/device/../include/data_descriptor.h:172:5: warning: void function is missing a return statement [-Wreturn-type]
    }
    ^
/public/home/zhangkewei/zr/rocm-libraries-rocm-7.2.2/projects/rocfft/library/src/device/../include/data_descriptor.h:172:5: warning: void function is missing a return statement [-Wreturn-type]
    }
    ^
In file included from /public/home/zhangkewei/zr/build/rocfft_build/library/src/device/function_pool_init_2.cpp:1:
In file included from /public/home/zhangkewei/zr/rocm-libraries-rocm-7.2.2/projects/rocfft/library/src/device/../include/function_pool.h:29:
In file included from /public/home/zhangkewei/zr/rocm-libraries-rocm-7.2.2/projects/rocfft/library/src/device/../include/function_map_key.h:30:
/public/home/zhangkewei/zr/rocm-libraries-rocm-7.2.2/projects/rocfft/library/src/device/../include/data_descriptor.h:145:5: warning: void function is missing a return statement [-Wreturn-type]
    }
    ^
/public/home/zhangkewei/zr/rocm-libraries-rocm-7.2.2/projects/rocfft/library/src/device/../include/data_descriptor.h:154:5: warning: void function is missing a return statement [-Wreturn-type]
    }
    ^
/public/home/zhangkewei/zr/rocm-libraries-rocm-7.2.2/projects/rocfft/library/src/device/../include/data_descriptor.h:163:5: warning: void function is missing a return statement [-Wreturn-type]
    }
    ^
/public/home/zhangkewei/zr/rocm-libraries-rocm-7.2.2/projects/rocfft/library/src/device/../include/data_descriptor.h:172:5: warning: void function is missing a return statement [-Wreturn-type]
    }
    ^
In file included from /public/home/zhangkewei/zr/build/rocfft_build/library/src/device/function_pool_init_2.cpp:1:
In file included from /public/home/zhangkewei/zr/rocm-libraries-rocm-7.2.2/projects/rocfft/library/src/device/../include/function_pool.h:29:
/public/home/zhangkewei/zr/rocm-libraries-rocm-7.2.2/projects/rocfft/library/src/device/../include/function_map_key.h:284:5: warning: void function is missing a return statement [-Wreturn-type]
    }
    ^
In file included from /public/home/zhangkewei/zr/build/rocfft_build/library/src/device/function_pool_init_2.cpp:1:
In file included from /public/home/zhangkewei/zr/rocm-libraries-rocm-7.2.2/projects/rocfft/library/src/device/../include/function_pool.h:29:
/public/home/zhangkewei/zr/rocm-libraries-rocm-7.2.2/projects/rocfft/library/src/device/../include/function_map_key.h:284:5: warning: void function is missing a return statement [-Wreturn-type]
    }
    ^
In file included from /public/home/zhangkewei/zr/build/rocfft_build/library/src/device/function_pool_init_2.cpp:1:
In file included from /public/home/zhangkewei/zr/rocm-libraries-rocm-7.2.2/projects/rocfft/library/src/device/../include/function_pool.h:29:
/public/home/zhangkewei/zr/rocm-libraries-rocm-7.2.2/projects/rocfft/library/src/device/../include/function_map_key.h:284:5: warning: void function is missing a return statement [-Wreturn-type]
    }
    ^
/public/home/zhangkewei/zr/rocm-libraries-rocm-7.2.2/projects/rocfft/library/src/device/../include/function_map_key.h:420:1: warning: void function is missing a return statement [-Wreturn-type]
}
^
/public/home/zhangkewei/zr/rocm-libraries-rocm-7.2.2/projects/rocfft/library/src/device/../include/function_map_key.h:420:1: warning: void function is missing a return statement [-Wreturn-type]
}
^
/public/home/zhangkewei/zr/rocm-libraries-rocm-7.2.2/projects/rocfft/library/src/device/../include/function_map_key.h:463:5: warning: void function is missing a return statement [-Wreturn-type]
    }
    ^
/public/home/zhangkewei/zr/rocm-libraries-rocm-7.2.2/projects/rocfft/library/src/device/../include/function_map_key.h:463:5: warning: void function is missing a return statement [-Wreturn-type]
    }
    ^
/public/home/zhangkewei/zr/rocm-libraries-rocm-7.2.2/projects/rocfft/library/src/device/../include/function_map_key.h:420:1: warning: void function is missing a return statement [-Wreturn-type]
}
^
/public/home/zhangkewei/zr/rocm-libraries-rocm-7.2.2/projects/rocfft/library/src/device/../include/function_map_key.h:463:5: warning: void function is missing a return statement [-Wreturn-type]
    }
    ^
In file included from /public/home/zhangkewei/zr/build/rocfft_build/library/src/device/function_pool_init_2.cpp:1:
/public/home/zhangkewei/zr/rocm-libraries-rocm-7.2.2/projects/rocfft/library/src/device/../include/function_pool.h:410:1: warning: void function is missing a return statement [-Wreturn-type]
}
^
In file included from /public/home/zhangkewei/zr/build/rocfft_build/library/src/device/function_pool_init_2.cpp:1:
/public/home/zhangkewei/zr/rocm-libraries-rocm-7.2.2/projects/rocfft/library/src/device/../include/function_pool.h:410:1: warning: void function is missing a return statement [-Wreturn-type]
}
^
/public/home/zhangkewei/zr/rocm-libraries-rocm-7.2.2/projects/rocfft/library/src/device/../include/function_pool.h:433:1: warning: void function is missing a return statement [-Wreturn-type]
}
^
/public/home/zhangkewei/zr/rocm-libraries-rocm-7.2.2/projects/rocfft/library/src/device/../include/function_pool.h:433:1: warning: void function is missing a return statement [-Wreturn-type]
}
^
In file included from /public/home/zhangkewei/zr/build/rocfft_build/library/src/device/function_pool_init_2.cpp:1:
/public/home/zhangkewei/zr/rocm-libraries-rocm-7.2.2/projects/rocfft/library/src/device/../include/function_pool.h:410:1: warning: void function is missing a return statement [-Wreturn-type]
}
^
/public/home/zhangkewei/zr/rocm-libraries-rocm-7.2.2/projects/rocfft/library/src/device/../include/function_pool.h:433:1: warning: void function is missing a return statement [-Wreturn-type]
}
^
/public/home/zhangkewei/zr/build/rocfft_build/library/src/device/function_pool_init_2.cpp:654:248: warning: void function is missing a return statement [-Wreturn-type]
insert_default_entry(PPFMKey(64, 64, 64, rocfft_precision_half, CS_3D_PP, pp_kernel_1.get_kernel_config(), pp_kernel_2.get_kernel_config()), pp_kernel_1, pp_kernel_2, std::get<1>(def_keys), std::get<1>(function_maps), 65536);/* generator.py:821 */}
                                                                                                                                                                                                                                                       ^
/public/home/zhangkewei/zr/build/rocfft_build/library/src/device/function_pool_init_2.cpp:654:248: warning: void function is missing a return statement [-Wreturn-type]
insert_default_entry(PPFMKey(64, 64, 64, rocfft_precision_half, CS_3D_PP, pp_kernel_1.get_kernel_config(), pp_kernel_2.get_kernel_config()), pp_kernel_1, pp_kernel_2, std::get<1>(def_keys), std::get<1>(function_maps), 65536);/* generator.py:821 */}
                                                                                                                                                                                                                                                       ^
/public/home/zhangkewei/zr/build/rocfft_build/library/src/device/function_pool_init_2.cpp:654:248: warning: void function is missing a return statement [-Wreturn-type]
insert_default_entry(PPFMKey(64, 64, 64, rocfft_precision_half, CS_3D_PP, pp_kernel_1.get_kernel_config(), pp_kernel_2.get_kernel_config()), pp_kernel_1, pp_kernel_2, std::get<1>(def_keys), std::get<1>(function_maps), 65536);/* generator.py:821 */}
                                                                                                                                                                                                                                                       ^
In file included from /public/home/zhangkewei/zr/build/rocfft_build/library/src/device/function_pool_init_2.cpp:1:
In file included from /public/home/zhangkewei/zr/rocm-libraries-rocm-7.2.2/projects/rocfft/library/src/device/../include/function_pool.h:29:
In file included from /public/home/zhangkewei/zr/rocm-libraries-rocm-7.2.2/projects/rocfft/library/src/device/../include/function_map_key.h:30:
/public/home/zhangkewei/zr/rocm-libraries-rocm-7.2.2/projects/rocfft/library/src/device/../include/data_descriptor.h:201:5: warning: void function is missing a return statement [-Wreturn-type]
    }
    ^
/public/home/zhangkewei/zr/rocm-libraries-rocm-7.2.2/projects/rocfft/library/src/device/../include/function_map_key.h:248:29: note: in instantiation of member function 'FieldParser<bool>::parse' requested here
        FieldParser<bool>().parse("use_3steps", ret.use_3steps_large_twd, current);
                            ^
In file included from /public/home/zhangkewei/zr/build/rocfft_build/library/src/device/function_pool_init_2.cpp:1:
In file included from /public/home/zhangkewei/zr/rocm-libraries-rocm-7.2.2/projects/rocfft/library/src/device/../include/function_pool.h:29:
In file included from /public/home/zhangkewei/zr/rocm-libraries-rocm-7.2.2/projects/rocfft/library/src/device/../include/function_map_key.h:30:
/public/home/zhangkewei/zr/rocm-libraries-rocm-7.2.2/projects/rocfft/library/src/device/../include/data_descriptor.h:201:5: warning: void function is missing a return statement [-Wreturn-type]
    }
    ^
/public/home/zhangkewei/zr/rocm-libraries-rocm-7.2.2/projects/rocfft/library/src/device/../include/function_map_key.h:248:29: note: in instantiation of member function 'FieldParser<bool>::parse' requested here
        FieldParser<bool>().parse("use_3steps", ret.use_3steps_large_twd, current);
                            ^
In file included from /public/home/zhangkewei/zr/build/rocfft_build/library/src/device/function_pool_init_2.cpp:1:
In file included from /public/home/zhangkewei/zr/rocm-libraries-rocm-7.2.2/projects/rocfft/library/src/device/../include/function_pool.h:29:
In file included from /public/home/zhangkewei/zr/rocm-libraries-rocm-7.2.2/projects/rocfft/library/src/device/../include/function_map_key.h:30:
/public/home/zhangkewei/zr/rocm-libraries-rocm-7.2.2/projects/rocfft/library/src/device/../include/data_descriptor.h:201:5: warning: void function is missing a return statement [-Wreturn-type]
    }
    ^
/public/home/zhangkewei/zr/rocm-libraries-rocm-7.2.2/projects/rocfft/library/src/device/../include/function_map_key.h:248:29: note: in instantiation of member function 'FieldParser<bool>::parse' requested here
        FieldParser<bool>().parse("use_3steps", ret.use_3steps_large_twd, current);
                            ^
In file included from /public/home/zhangkewei/zr/build/rocfft_build/library/src/device/function_pool_init_2.cpp:1:
In file included from /public/home/zhangkewei/zr/rocm-libraries-rocm-7.2.2/projects/rocfft/library/src/device/../include/function_pool.h:29:
In file included from /public/home/zhangkewei/zr/rocm-libraries-rocm-7.2.2/projects/rocfft/library/src/device/../include/function_map_key.h:30:
/public/home/zhangkewei/zr/rocm-libraries-rocm-7.2.2/projects/rocfft/library/src/device/../include/data_descriptor.h:201:5: warning: void function is missing a return statement [-Wreturn-type]
    }
    ^
/public/home/zhangkewei/zr/rocm-libraries-rocm-7.2.2/projects/rocfft/library/src/device/../include/function_map_key.h:252:31: note: in instantiation of member function 'FieldParser<unsigned long>::parse' requested here
        FieldParser<size_t>().parse("tpb", tpb, current);
                              ^
In file included from /public/home/zhangkewei/zr/build/rocfft_build/library/src/device/function_pool_init_2.cpp:1:
In file included from /public/home/zhangkewei/zr/rocm-libraries-rocm-7.2.2/projects/rocfft/library/src/device/../include/function_pool.h:29:
In file included from /public/home/zhangkewei/zr/rocm-libraries-rocm-7.2.2/projects/rocfft/library/src/device/../include/function_map_key.h:30:
/public/home/zhangkewei/zr/rocm-libraries-rocm-7.2.2/projects/rocfft/library/src/device/../include/data_descriptor.h:201:5: warning: void function is missing a return statement [-Wreturn-type]
    }
    ^
/public/home/zhangkewei/zr/rocm-libraries-rocm-7.2.2/projects/rocfft/library/src/device/../include/function_map_key.h:254:28: note: in instantiation of member function 'FieldParser<int>::parse' requested here
        FieldParser<int>().parse("wgs", ret.workgroup_size, current);
                           ^
In file included from /public/home/zhangkewei/zr/build/rocfft_build/library/src/device/function_pool_init_2.cpp:1:
In file included from /public/home/zhangkewei/zr/rocm-libraries-rocm-7.2.2/projects/rocfft/library/src/device/../include/function_pool.h:29:
In file included from /public/home/zhangkewei/zr/rocm-libraries-rocm-7.2.2/projects/rocfft/library/src/device/../include/function_map_key.h:30:
/public/home/zhangkewei/zr/rocm-libraries-rocm-7.2.2/projects/rocfft/library/src/device/../include/data_descriptor.h:201:5: warning: void function is missing a return statement [-Wreturn-type]
    }
    ^
/public/home/zhangkewei/zr/rocm-libraries-rocm-7.2.2/projects/rocfft/library/src/device/../include/function_map_key.h:252:31: note: in instantiation of member function 'FieldParser<unsigned long>::parse' requested here
        FieldParser<size_t>().parse("tpb", tpb, current);
                              ^
In file included from /public/home/zhangkewei/zr/build/rocfft_build/library/src/device/function_pool_init_2.cpp:1:
In file included from /public/home/zhangkewei/zr/rocm-libraries-rocm-7.2.2/projects/rocfft/library/src/device/../include/function_pool.h:29:
In file included from /public/home/zhangkewei/zr/rocm-libraries-rocm-7.2.2/projects/rocfft/library/src/device/../include/function_map_key.h:30:
/public/home/zhangkewei/zr/rocm-libraries-rocm-7.2.2/projects/rocfft/library/src/device/../include/data_descriptor.h:201:5: warning: void function is missing a return statement [-Wreturn-type]
    }
    ^
/public/home/zhangkewei/zr/rocm-libraries-rocm-7.2.2/projects/rocfft/library/src/device/../include/function_map_key.h:254:28: note: in instantiation of member function 'FieldParser<int>::parse' requested here
        FieldParser<int>().parse("wgs", ret.workgroup_size, current);
                           ^
In file included from /public/home/zhangkewei/zr/build/rocfft_build/library/src/device/function_pool_init_2.cpp:1:
In file included from /public/home/zhangkewei/zr/rocm-libraries-rocm-7.2.2/projects/rocfft/library/src/device/../include/function_pool.h:29:
In file included from /public/home/zhangkewei/zr/rocm-libraries-rocm-7.2.2/projects/rocfft/library/src/device/../include/function_map_key.h:30:
/public/home/zhangkewei/zr/rocm-libraries-rocm-7.2.2/projects/rocfft/library/src/device/../include/data_descriptor.h:217:5: warning: void function is missing a return statement [-Wreturn-type]
    }
    ^
/public/home/zhangkewei/zr/rocm-libraries-rocm-7.2.2/projects/rocfft/library/src/device/../include/function_map_key.h:255:34: note: in instantiation of member function 'VectorFieldParser<int>::parse' requested here
        VectorFieldParser<int>().parse("tpt", tpt, current);
                                 ^
In file included from /public/home/zhangkewei/zr/build/rocfft_build/library/src/device/function_pool_init_2.cpp:1:
In file included from /public/home/zhangkewei/zr/rocm-libraries-rocm-7.2.2/projects/rocfft/library/src/device/../include/function_pool.h:29:
In file included from /public/home/zhangkewei/zr/rocm-libraries-rocm-7.2.2/projects/rocfft/library/src/device/../include/function_map_key.h:30:
/public/home/zhangkewei/zr/rocm-libraries-rocm-7.2.2/projects/rocfft/library/src/device/../include/data_descriptor.h:188:5: warning: void function is missing a return statement [-Wreturn-type]
    }
    ^
/public/home/zhangkewei/zr/rocm-libraries-rocm-7.2.2/projects/rocfft/library/src/device/../include/data_descriptor.h:216:29: note: in instantiation of member function 'StringToVector<int>::Get' requested here
        StringToVector<T>().Get(vec, current);
                            ^
/public/home/zhangkewei/zr/rocm-libraries-rocm-7.2.2/projects/rocfft/library/src/device/../include/function_map_key.h:255:34: note: in instantiation of member function 'VectorFieldParser<int>::parse' requested here
        VectorFieldParser<int>().parse("tpt", tpt, current);
                                 ^
In file included from /public/home/zhangkewei/zr/build/rocfft_build/library/src/device/function_pool_init_2.cpp:1:
In file included from /public/home/zhangkewei/zr/rocm-libraries-rocm-7.2.2/projects/rocfft/library/src/device/../include/function_pool.h:29:
In file included from /public/home/zhangkewei/zr/rocm-libraries-rocm-7.2.2/projects/rocfft/library/src/device/../include/function_map_key.h:30:
/public/home/zhangkewei/zr/rocm-libraries-rocm-7.2.2/projects/rocfft/library/src/device/../include/data_descriptor.h:217:5: warning: void function is missing a return statement [-Wreturn-type]
    }
    ^
/public/home/zhangkewei/zr/rocm-libraries-rocm-7.2.2/projects/rocfft/library/src/device/../include/function_map_key.h:255:34: note: in instantiation of member function 'VectorFieldParser<int>::parse' requested here
        VectorFieldParser<int>().parse("tpt", tpt, current);
                                 ^
In file included from /public/home/zhangkewei/zr/build/rocfft_build/library/src/device/function_pool_init_2.cpp:1:
In file included from /public/home/zhangkewei/zr/rocm-libraries-rocm-7.2.2/projects/rocfft/library/src/device/../include/function_pool.h:29:
In file included from /public/home/zhangkewei/zr/rocm-libraries-rocm-7.2.2/projects/rocfft/library/src/device/../include/function_map_key.h:30:
/public/home/zhangkewei/zr/rocm-libraries-rocm-7.2.2/projects/rocfft/library/src/device/../include/data_descriptor.h:188:5: warning: void function is missing a return statement [-Wreturn-type]
    }
    ^
/public/home/zhangkewei/zr/rocm-libraries-rocm-7.2.2/projects/rocfft/library/src/device/../include/data_descriptor.h:216:29: note: in instantiation of member function 'StringToVector<int>::Get' requested here
        StringToVector<T>().Get(vec, current);
                            ^
/public/home/zhangkewei/zr/rocm-libraries-rocm-7.2.2/projects/rocfft/library/src/device/../include/function_map_key.h:255:34: note: in instantiation of member function 'VectorFieldParser<int>::parse' requested here
        VectorFieldParser<int>().parse("tpt", tpt, current);
                                 ^
In file included from /public/home/zhangkewei/zr/build/rocfft_build/library/src/device/function_pool_init_2.cpp:1:
In file included from /public/home/zhangkewei/zr/rocm-libraries-rocm-7.2.2/projects/rocfft/library/src/device/../include/function_pool.h:29:
In file included from /public/home/zhangkewei/zr/rocm-libraries-rocm-7.2.2/projects/rocfft/library/src/device/../include/function_map_key.h:30:
/public/home/zhangkewei/zr/rocm-libraries-rocm-7.2.2/projects/rocfft/library/src/device/../include/data_descriptor.h:201:5: warning: void function is missing a return statement [-Wreturn-type]
    }
    ^
/public/home/zhangkewei/zr/rocm-libraries-rocm-7.2.2/projects/rocfft/library/src/device/../include/function_map_key.h:252:31: note: in instantiation of member function 'FieldParser<unsigned long>::parse' requested here
        FieldParser<size_t>().parse("tpb", tpb, current);
                              ^
In file included from /public/home/zhangkewei/zr/build/rocfft_build/library/src/device/function_pool_init_2.cpp:1:
In file included from /public/home/zhangkewei/zr/rocm-libraries-rocm-7.2.2/projects/rocfft/library/src/device/../include/function_pool.h:29:
In file included from /public/home/zhangkewei/zr/rocm-libraries-rocm-7.2.2/projects/rocfft/library/src/device/../include/function_map_key.h:30:
/public/home/zhangkewei/zr/rocm-libraries-rocm-7.2.2/projects/rocfft/library/src/device/../include/data_descriptor.h:201:5: warning: void function is missing a return statement [-Wreturn-type]
    }
    ^
/public/home/zhangkewei/zr/rocm-libraries-rocm-7.2.2/projects/rocfft/library/src/device/../include/function_map_key.h:254:28: note: in instantiation of member function 'FieldParser<int>::parse' requested here
        FieldParser<int>().parse("wgs", ret.workgroup_size, current);
                           ^
In file included from /public/home/zhangkewei/zr/build/rocfft_build/library/src/device/function_pool_init_2.cpp:1:
In file included from /public/home/zhangkewei/zr/rocm-libraries-rocm-7.2.2/projects/rocfft/library/src/device/../include/function_pool.h:29:
In file included from /public/home/zhangkewei/zr/rocm-libraries-rocm-7.2.2/projects/rocfft/library/src/device/../include/function_map_key.h:30:
/public/home/zhangkewei/zr/rocm-libraries-rocm-7.2.2/projects/rocfft/library/src/device/../include/data_descriptor.h:217:5: warning: void function is missing a return statement [-Wreturn-type]
    }
    ^
/public/home/zhangkewei/zr/rocm-libraries-rocm-7.2.2/projects/rocfft/library/src/device/../include/function_map_key.h:255:34: note: in instantiation of member function 'VectorFieldParser<int>::parse' requested here
        VectorFieldParser<int>().parse("tpt", tpt, current);
                                 ^
In file included from /public/home/zhangkewei/zr/build/rocfft_build/library/src/device/function_pool_init_2.cpp:1:
In file included from /public/home/zhangkewei/zr/rocm-libraries-rocm-7.2.2/projects/rocfft/library/src/device/../include/function_pool.h:29:
In file included from /public/home/zhangkewei/zr/rocm-libraries-rocm-7.2.2/projects/rocfft/library/src/device/../include/function_map_key.h:30:
/public/home/zhangkewei/zr/rocm-libraries-rocm-7.2.2/projects/rocfft/library/src/device/../include/data_descriptor.h:188:5: warning: void function is missing a return statement [-Wreturn-type]
    }
    ^
/public/home/zhangkewei/zr/rocm-libraries-rocm-7.2.2/projects/rocfft/library/src/device/../include/data_descriptor.h:216:29: note: in instantiation of member function 'StringToVector<int>::Get' requested here
        StringToVector<T>().Get(vec, current);
                            ^
/public/home/zhangkewei/zr/rocm-libraries-rocm-7.2.2/projects/rocfft/library/src/device/../include/function_map_key.h:255:34: note: in instantiation of member function 'VectorFieldParser<int>::parse' requested here
        VectorFieldParser<int>().parse("tpt", tpt, current);
                                 ^
In file included from /public/home/zhangkewei/zr/build/rocfft_build/library/src/device/function_pool_init_2.cpp:1:
In file included from /public/home/zhangkewei/zr/rocm-libraries-rocm-7.2.2/projects/rocfft/library/src/device/../include/function_pool.h:29:
In file included from /public/home/zhangkewei/zr/rocm-libraries-rocm-7.2.2/projects/rocfft/library/src/device/../include/function_map_key.h:30:
/public/home/zhangkewei/zr/rocm-libraries-rocm-7.2.2/projects/rocfft/library/src/device/../include/data_descriptor.h:217:5: warning: void function is missing a return statement [-Wreturn-type]
    }
    ^
/public/home/zhangkewei/zr/rocm-libraries-rocm-7.2.2/projects/rocfft/library/src/device/../include/function_map_key.h:256:37: note: in instantiation of member function 'VectorFieldParser<unsigned long>::parse' requested here
        VectorFieldParser<size_t>().parse("factors", ret.factors, current);
                                    ^
In file included from /public/home/zhangkewei/zr/build/rocfft_build/library/src/device/function_pool_init_2.cpp:1:
In file included from /public/home/zhangkewei/zr/rocm-libraries-rocm-7.2.2/projects/rocfft/library/src/device/../include/function_pool.h:29:
In file included from /public/home/zhangkewei/zr/rocm-libraries-rocm-7.2.2/projects/rocfft/library/src/device/../include/function_map_key.h:30:
/public/home/zhangkewei/zr/rocm-libraries-rocm-7.2.2/projects/rocfft/library/src/device/../include/data_descriptor.h:217:5: warning: void function is missing a return statement [-Wreturn-type]
    }
    ^
/public/home/zhangkewei/zr/rocm-libraries-rocm-7.2.2/projects/rocfft/library/src/device/../include/function_map_key.h:256:37: note: in instantiation of member function 'VectorFieldParser<unsigned long>::parse' requested here
        VectorFieldParser<size_t>().parse("factors", ret.factors, current);
                                    ^
In file included from /public/home/zhangkewei/zr/build/rocfft_build/library/src/device/function_pool_init_2.cpp:1:
In file included from /public/home/zhangkewei/zr/rocm-libraries-rocm-7.2.2/projects/rocfft/library/src/device/../include/function_pool.h:29:
In file included from /public/home/zhangkewei/zr/rocm-libraries-rocm-7.2.2/projects/rocfft/library/src/device/../include/function_map_key.h:30:
/public/home/zhangkewei/zr/rocm-libraries-rocm-7.2.2/projects/rocfft/library/src/device/../include/data_descriptor.h:188:5: warning: void function is missing a return statement [-Wreturn-type]
    }
    ^
/public/home/zhangkewei/zr/rocm-libraries-rocm-7.2.2/projects/rocfft/library/src/device/../include/data_descriptor.h:216:29: note: in instantiation of member function 'StringToVector<unsigned long>::Get' requested here
        StringToVector<T>().Get(vec, current);
                            ^
/public/home/zhangkewei/zr/rocm-libraries-rocm-7.2.2/projects/rocfft/library/src/device/../include/function_map_key.h:256:37: note: in instantiation of member function 'VectorFieldParser<unsigned long>::parse' requested here
        VectorFieldParser<size_t>().parse("factors", ret.factors, current);
                                    ^
In file included from /public/home/zhangkewei/zr/build/rocfft_build/library/src/device/function_pool_init_2.cpp:1:
In file included from /public/home/zhangkewei/zr/rocm-libraries-rocm-7.2.2/projects/rocfft/library/src/device/../include/function_pool.h:29:
In file included from /public/home/zhangkewei/zr/rocm-libraries-rocm-7.2.2/projects/rocfft/library/src/device/../include/function_map_key.h:30:
/public/home/zhangkewei/zr/rocm-libraries-rocm-7.2.2/projects/rocfft/library/src/device/../include/data_descriptor.h:201:5: warning: void function is missing a return statement [-Wreturn-type]
    }
    ^
/public/home/zhangkewei/zr/rocm-libraries-rocm-7.2.2/projects/rocfft/library/src/device/../include/function_map_key.h:269:40: note: in instantiation of member function 'FieldParser<std::basic_string<char>>::parse' requested here
            FieldParser<std::string>().parse("ebtype", ebTypeStr, current);
                                       ^
In file included from /public/home/zhangkewei/zr/build/rocfft_build/library/src/device/function_pool_init_2.cpp:1:
In file included from /public/home/zhangkewei/zr/rocm-libraries-rocm-7.2.2/projects/rocfft/library/src/device/../include/function_pool.h:29:
In file included from /public/home/zhangkewei/zr/rocm-libraries-rocm-7.2.2/projects/rocfft/library/src/device/../include/function_map_key.h:30:
/public/home/zhangkewei/zr/rocm-libraries-rocm-7.2.2/projects/rocfft/library/src/device/../include/data_descriptor.h:188:5: warning: void function is missing a return statement [-Wreturn-type]
    }
    ^
/public/home/zhangkewei/zr/rocm-libraries-rocm-7.2.2/projects/rocfft/library/src/device/../include/data_descriptor.h:216:29: note: in instantiation of member function 'StringToVector<unsigned long>::Get' requested here
        StringToVector<T>().Get(vec, current);
                            ^
/public/home/zhangkewei/zr/rocm-libraries-rocm-7.2.2/projects/rocfft/library/src/device/../include/function_map_key.h:256:37: note: in instantiation of member function 'VectorFieldParser<unsigned long>::parse' requested here
        VectorFieldParser<size_t>().parse("factors", ret.factors, current);
                                    ^
In file included from /public/home/zhangkewei/zr/build/rocfft_build/library/src/device/function_pool_init_2.cpp:1:
In file included from /public/home/zhangkewei/zr/rocm-libraries-rocm-7.2.2/projects/rocfft/library/src/device/../include/function_pool.h:29:
In file included from /public/home/zhangkewei/zr/rocm-libraries-rocm-7.2.2/projects/rocfft/library/src/device/../include/function_map_key.h:30:
/public/home/zhangkewei/zr/rocm-libraries-rocm-7.2.2/projects/rocfft/library/src/device/../include/data_descriptor.h:201:5: warning: void function is missing a return statement [-Wreturn-type]
    }
    ^
/public/home/zhangkewei/zr/rocm-libraries-rocm-7.2.2/projects/rocfft/library/src/device/../include/function_map_key.h:269:40: note: in instantiation of member function 'FieldParser<std::basic_string<char>>::parse' requested here
            FieldParser<std::string>().parse("ebtype", ebTypeStr, current);
                                       ^
In file included from /public/home/zhangkewei/zr/build/rocfft_build/library/src/device/function_pool_init_2.cpp:1:
In file included from /public/home/zhangkewei/zr/rocm-libraries-rocm-7.2.2/projects/rocfft/library/src/device/../include/function_pool.h:29:
In file included from /public/home/zhangkewei/zr/rocm-libraries-rocm-7.2.2/projects/rocfft/library/src/device/../include/function_map_key.h:30:
/public/home/zhangkewei/zr/rocm-libraries-rocm-7.2.2/projects/rocfft/library/src/device/../include/data_descriptor.h:217:5: warning: void function is missing a return statement [-Wreturn-type]
    }
    ^
/public/home/zhangkewei/zr/rocm-libraries-rocm-7.2.2/projects/rocfft/library/src/device/../include/function_map_key.h:256:37: note: in instantiation of member function 'VectorFieldParser<unsigned long>::parse' requested here
        VectorFieldParser<size_t>().parse("factors", ret.factors, current);
                                    ^
In file included from /public/home/zhangkewei/zr/build/rocfft_build/library/src/device/function_pool_init_2.cpp:1:
In file included from /public/home/zhangkewei/zr/rocm-libraries-rocm-7.2.2/projects/rocfft/library/src/device/../include/function_pool.h:29:
In file included from /public/home/zhangkewei/zr/rocm-libraries-rocm-7.2.2/projects/rocfft/library/src/device/../include/function_map_key.h:30:
/public/home/zhangkewei/zr/rocm-libraries-rocm-7.2.2/projects/rocfft/library/src/device/../include/data_descriptor.h:188:5: warning: void function is missing a return statement [-Wreturn-type]
    }
    ^
/public/home/zhangkewei/zr/rocm-libraries-rocm-7.2.2/projects/rocfft/library/src/device/../include/data_descriptor.h:216:29: note: in instantiation of member function 'StringToVector<unsigned long>::Get' requested here
        StringToVector<T>().Get(vec, current);
                            ^
/public/home/zhangkewei/zr/rocm-libraries-rocm-7.2.2/projects/rocfft/library/src/device/../include/function_map_key.h:256:37: note: in instantiation of member function 'VectorFieldParser<unsigned long>::parse' requested here
        VectorFieldParser<size_t>().parse("factors", ret.factors, current);
                                    ^
In file included from /public/home/zhangkewei/zr/build/rocfft_build/library/src/device/function_pool_init_2.cpp:1:
In file included from /public/home/zhangkewei/zr/rocm-libraries-rocm-7.2.2/projects/rocfft/library/src/device/../include/function_pool.h:29:
In file included from /public/home/zhangkewei/zr/rocm-libraries-rocm-7.2.2/projects/rocfft/library/src/device/../include/function_map_key.h:30:
/public/home/zhangkewei/zr/rocm-libraries-rocm-7.2.2/projects/rocfft/library/src/device/../include/data_descriptor.h:201:5: warning: void function is missing a return statement [-Wreturn-type]
    }
    ^
/public/home/zhangkewei/zr/rocm-libraries-rocm-7.2.2/projects/rocfft/library/src/device/../include/function_map_key.h:269:40: note: in instantiation of member function 'FieldParser<std::basic_string<char>>::parse' requested here
            FieldParser<std::string>().parse("ebtype", ebTypeStr, current);
                                       ^
In file included from /public/home/zhangkewei/zr/build/rocfft_build/library/src/device/function_pool_init_2.cpp:1:
In file included from /public/home/zhangkewei/zr/rocm-libraries-rocm-7.2.2/projects/rocfft/library/src/device/../include/function_pool.h:29:
In file included from /public/home/zhangkewei/zr/rocm-libraries-rocm-7.2.2/projects/rocfft/library/src/device/../include/function_map_key.h:30:
/public/home/zhangkewei/zr/rocm-libraries-rocm-7.2.2/projects/rocfft/library/src/device/../include/data_descriptor.h:201:5: warning: void function is missing a return statement [-Wreturn-type]
    }
    ^
/public/home/zhangkewei/zr/rocm-libraries-rocm-7.2.2/projects/rocfft/library/src/device/../include/function_map_key.h:456:37: note: in instantiation of member function 'FieldParser<KernelConfig>::parse' requested here
        FieldParser<KernelConfig>().parse("kernelConfig", config, current);
                                    ^
In file included from /public/home/zhangkewei/zr/build/rocfft_build/library/src/device/function_pool_init_2.cpp:1:
In file included from /public/home/zhangkewei/zr/rocm-libraries-rocm-7.2.2/projects/rocfft/library/src/device/../include/function_pool.h:29:
In file included from /public/home/zhangkewei/zr/rocm-libraries-rocm-7.2.2/projects/rocfft/library/src/device/../include/function_map_key.h:30:
/public/home/zhangkewei/zr/rocm-libraries-rocm-7.2.2/projects/rocfft/library/src/device/../include/data_descriptor.h:201:5: warning: void function is missing a return statement [-Wreturn-type]
    }
    ^
/public/home/zhangkewei/zr/rocm-libraries-rocm-7.2.2/projects/rocfft/library/src/device/../include/function_map_key.h:456:37: note: in instantiation of member function 'FieldParser<KernelConfig>::parse' requested here
        FieldParser<KernelConfig>().parse("kernelConfig", config, current);
                                    ^
In file included from /public/home/zhangkewei/zr/build/rocfft_build/library/src/device/function_pool_init_2.cpp:1:
In file included from /public/home/zhangkewei/zr/rocm-libraries-rocm-7.2.2/projects/rocfft/library/src/device/../include/function_pool.h:29:
In file included from /public/home/zhangkewei/zr/rocm-libraries-rocm-7.2.2/projects/rocfft/library/src/device/../include/function_map_key.h:30:
/public/home/zhangkewei/zr/rocm-libraries-rocm-7.2.2/projects/rocfft/library/src/device/../include/data_descriptor.h:201:5: warning: void function is missing a return statement [-Wreturn-type]
    }
    ^
/public/home/zhangkewei/zr/rocm-libraries-rocm-7.2.2/projects/rocfft/library/src/device/../include/function_map_key.h:456:37: note: in instantiation of member function 'FieldParser<KernelConfig>::parse' requested here
        FieldParser<KernelConfig>().parse("kernelConfig", config, current);
                                    ^
19 warnings generated when compiling for gfx928.
19 warnings generated when compiling for gfx926.
19 warnings generated when compiling for gfx906.
In file included from /public/home/zhangkewei/zr/build/rocfft_build/library/src/device/function_pool_init_2.cpp:1:
In file included from /public/home/zhangkewei/zr/rocm-libraries-rocm-7.2.2/projects/rocfft/library/src/device/../include/function_pool.h:29:
In file included from /public/home/zhangkewei/zr/rocm-libraries-rocm-7.2.2/projects/rocfft/library/src/device/../include/function_map_key.h:30:
/public/home/zhangkewei/zr/rocm-libraries-rocm-7.2.2/projects/rocfft/library/src/device/../include/data_descriptor.h:145:5: warning: void function is missing a return statement [-Wreturn-type]
    }
    ^
/public/home/zhangkewei/zr/rocm-libraries-rocm-7.2.2/projects/rocfft/library/src/device/../include/data_descriptor.h:154:5: warning: void function is missing a return statement [-Wreturn-type]
    }
    ^
/public/home/zhangkewei/zr/rocm-libraries-rocm-7.2.2/projects/rocfft/library/src/device/../include/data_descriptor.h:163:5: warning: void function is missing a return statement [-Wreturn-type]
    }
    ^
/public/home/zhangkewei/zr/rocm-libraries-rocm-7.2.2/projects/rocfft/library/src/device/../include/data_descriptor.h:172:5: warning: void function is missing a return statement [-Wreturn-type]
    }
    ^
In file included from /public/home/zhangkewei/zr/build/rocfft_build/library/src/device/function_pool_init_2.cpp:1:
In file included from /public/home/zhangkewei/zr/rocm-libraries-rocm-7.2.2/projects/rocfft/library/src/device/../include/function_pool.h:29:
/public/home/zhangkewei/zr/rocm-libraries-rocm-7.2.2/projects/rocfft/library/src/device/../include/function_map_key.h:284:5: warning: void function is missing a return statement [-Wreturn-type]
    }
    ^
/public/home/zhangkewei/zr/rocm-libraries-rocm-7.2.2/projects/rocfft/library/src/device/../include/function_map_key.h:420:1: warning: void function is missing a return statement [-Wreturn-type]
}
^
/public/home/zhangkewei/zr/rocm-libraries-rocm-7.2.2/projects/rocfft/library/src/device/../include/function_map_key.h:463:5: warning: void function is missing a return statement [-Wreturn-type]
    }
    ^
In file included from /public/home/zhangkewei/zr/build/rocfft_build/library/src/device/function_pool_init_2.cpp:1:
/public/home/zhangkewei/zr/rocm-libraries-rocm-7.2.2/projects/rocfft/library/src/device/../include/function_pool.h:410:1: warning: void function is missing a return statement [-Wreturn-type]
}
^
/public/home/zhangkewei/zr/rocm-libraries-rocm-7.2.2/projects/rocfft/library/src/device/../include/function_pool.h:433:1: warning: void function is missing a return statement [-Wreturn-type]
}
^
/public/home/zhangkewei/zr/build/rocfft_build/library/src/device/function_pool_init_2.cpp:654:248: warning: void function is missing a return statement [-Wreturn-type]
insert_default_entry(PPFMKey(64, 64, 64, rocfft_precision_half, CS_3D_PP, pp_kernel_1.get_kernel_config(), pp_kernel_2.get_kernel_config()), pp_kernel_1, pp_kernel_2, std::get<1>(def_keys), std::get<1>(function_maps), 65536);/* generator.py:821 */}
                                                                                                                                                                                                                                                       ^
In file included from /public/home/zhangkewei/zr/build/rocfft_build/library/src/device/function_pool_init_2.cpp:1:
In file included from /public/home/zhangkewei/zr/rocm-libraries-rocm-7.2.2/projects/rocfft/library/src/device/../include/function_pool.h:29:
In file included from /public/home/zhangkewei/zr/rocm-libraries-rocm-7.2.2/projects/rocfft/library/src/device/../include/function_map_key.h:30:
/public/home/zhangkewei/zr/rocm-libraries-rocm-7.2.2/projects/rocfft/library/src/device/../include/data_descriptor.h:201:5: warning: void function is missing a return statement [-Wreturn-type]
    }
    ^
/public/home/zhangkewei/zr/rocm-libraries-rocm-7.2.2/projects/rocfft/library/src/device/../include/function_map_key.h:248:29: note: in instantiation of member function 'FieldParser<bool>::parse' requested here
        FieldParser<bool>().parse("use_3steps", ret.use_3steps_large_twd, current);
                            ^
In file included from /public/home/zhangkewei/zr/build/rocfft_build/library/src/device/function_pool_init_2.cpp:1:
In file included from /public/home/zhangkewei/zr/rocm-libraries-rocm-7.2.2/projects/rocfft/library/src/device/../include/function_pool.h:29:
In file included from /public/home/zhangkewei/zr/rocm-libraries-rocm-7.2.2/projects/rocfft/library/src/device/../include/function_map_key.h:30:
/public/home/zhangkewei/zr/rocm-libraries-rocm-7.2.2/projects/rocfft/library/src/device/../include/data_descriptor.h:201:5: warning: void function is missing a return statement [-Wreturn-type]
    }
    ^
/public/home/zhangkewei/zr/rocm-libraries-rocm-7.2.2/projects/rocfft/library/src/device/../include/function_map_key.h:252:31: note: in instantiation of member function 'FieldParser<unsigned long>::parse' requested here
        FieldParser<size_t>().parse("tpb", tpb, current);
                              ^
In file included from /public/home/zhangkewei/zr/build/rocfft_build/library/src/device/function_pool_init_2.cpp:1:
In file included from /public/home/zhangkewei/zr/rocm-libraries-rocm-7.2.2/projects/rocfft/library/src/device/../include/function_pool.h:29:
In file included from /public/home/zhangkewei/zr/rocm-libraries-rocm-7.2.2/projects/rocfft/library/src/device/../include/function_map_key.h:30:
/public/home/zhangkewei/zr/rocm-libraries-rocm-7.2.2/projects/rocfft/library/src/device/../include/data_descriptor.h:201:5: warning: void function is missing a return statement [-Wreturn-type]
    }
    ^
/public/home/zhangkewei/zr/rocm-libraries-rocm-7.2.2/projects/rocfft/library/src/device/../include/function_map_key.h:254:28: note: in instantiation of member function 'FieldParser<int>::parse' requested here
        FieldParser<int>().parse("wgs", ret.workgroup_size, current);
                           ^
In file included from /public/home/zhangkewei/zr/build/rocfft_build/library/src/device/function_pool_init_2.cpp:1:
In file included from /public/home/zhangkewei/zr/rocm-libraries-rocm-7.2.2/projects/rocfft/library/src/device/../include/function_pool.h:29:
In file included from /public/home/zhangkewei/zr/rocm-libraries-rocm-7.2.2/projects/rocfft/library/src/device/../include/function_map_key.h:30:
/public/home/zhangkewei/zr/rocm-libraries-rocm-7.2.2/projects/rocfft/library/src/device/../include/data_descriptor.h:217:5: warning: void function is missing a return statement [-Wreturn-type]
    }
    ^
/public/home/zhangkewei/zr/rocm-libraries-rocm-7.2.2/projects/rocfft/library/src/device/../include/function_map_key.h:255:34: note: in instantiation of member function 'VectorFieldParser<int>::parse' requested here
        VectorFieldParser<int>().parse("tpt", tpt, current);
                                 ^
In file included from /public/home/zhangkewei/zr/build/rocfft_build/library/src/device/function_pool_init_2.cpp:1:
In file included from /public/home/zhangkewei/zr/rocm-libraries-rocm-7.2.2/projects/rocfft/library/src/device/../include/function_pool.h:29:
In file included from /public/home/zhangkewei/zr/rocm-libraries-rocm-7.2.2/projects/rocfft/library/src/device/../include/function_map_key.h:30:
/public/home/zhangkewei/zr/rocm-libraries-rocm-7.2.2/projects/rocfft/library/src/device/../include/data_descriptor.h:188:5: warning: void function is missing a return statement [-Wreturn-type]
    }
    ^
/public/home/zhangkewei/zr/rocm-libraries-rocm-7.2.2/projects/rocfft/library/src/device/../include/data_descriptor.h:216:29: note: in instantiation of member function 'StringToVector<int>::Get' requested here
        StringToVector<T>().Get(vec, current);
                            ^
/public/home/zhangkewei/zr/rocm-libraries-rocm-7.2.2/projects/rocfft/library/src/device/../include/function_map_key.h:255:34: note: in instantiation of member function 'VectorFieldParser<int>::parse' requested here
        VectorFieldParser<int>().parse("tpt", tpt, current);
                                 ^
In file included from /public/home/zhangkewei/zr/build/rocfft_build/library/src/device/function_pool_init_2.cpp:1:
In file included from /public/home/zhangkewei/zr/rocm-libraries-rocm-7.2.2/projects/rocfft/library/src/device/../include/function_pool.h:29:
In file included from /public/home/zhangkewei/zr/rocm-libraries-rocm-7.2.2/projects/rocfft/library/src/device/../include/function_map_key.h:30:
/public/home/zhangkewei/zr/rocm-libraries-rocm-7.2.2/projects/rocfft/library/src/device/../include/data_descriptor.h:217:5: warning: void function is missing a return statement [-Wreturn-type]
    }
    ^
/public/home/zhangkewei/zr/rocm-libraries-rocm-7.2.2/projects/rocfft/library/src/device/../include/function_map_key.h:256:37: note: in instantiation of member function 'VectorFieldParser<unsigned long>::parse' requested here
        VectorFieldParser<size_t>().parse("factors", ret.factors, current);
                                    ^
In file included from /public/home/zhangkewei/zr/build/rocfft_build/library/src/device/function_pool_init_2.cpp:1:
In file included from /public/home/zhangkewei/zr/rocm-libraries-rocm-7.2.2/projects/rocfft/library/src/device/../include/function_pool.h:29:
In file included from /public/home/zhangkewei/zr/rocm-libraries-rocm-7.2.2/projects/rocfft/library/src/device/../include/function_map_key.h:30:
/public/home/zhangkewei/zr/rocm-libraries-rocm-7.2.2/projects/rocfft/library/src/device/../include/data_descriptor.h:188:5: warning: void function is missing a return statement [-Wreturn-type]
    }
    ^
/public/home/zhangkewei/zr/rocm-libraries-rocm-7.2.2/projects/rocfft/library/src/device/../include/data_descriptor.h:216:29: note: in instantiation of member function 'StringToVector<unsigned long>::Get' requested here
        StringToVector<T>().Get(vec, current);
                            ^
/public/home/zhangkewei/zr/rocm-libraries-rocm-7.2.2/projects/rocfft/library/src/device/../include/function_map_key.h:256:37: note: in instantiation of member function 'VectorFieldParser<unsigned long>::parse' requested here
        VectorFieldParser<size_t>().parse("factors", ret.factors, current);
                                    ^
In file included from /public/home/zhangkewei/zr/build/rocfft_build/library/src/device/function_pool_init_2.cpp:1:
In file included from /public/home/zhangkewei/zr/rocm-libraries-rocm-7.2.2/projects/rocfft/library/src/device/../include/function_pool.h:29:
In file included from /public/home/zhangkewei/zr/rocm-libraries-rocm-7.2.2/projects/rocfft/library/src/device/../include/function_map_key.h:30:
/public/home/zhangkewei/zr/rocm-libraries-rocm-7.2.2/projects/rocfft/library/src/device/../include/data_descriptor.h:201:5: warning: void function is missing a return statement [-Wreturn-type]
    }
    ^
/public/home/zhangkewei/zr/rocm-libraries-rocm-7.2.2/projects/rocfft/library/src/device/../include/function_map_key.h:269:40: note: in instantiation of member function 'FieldParser<std::basic_string<char>>::parse' requested here
            FieldParser<std::string>().parse("ebtype", ebTypeStr, current);
                                       ^
In file included from /public/home/zhangkewei/zr/build/rocfft_build/library/src/device/function_pool_init_2.cpp:1:
In file included from /public/home/zhangkewei/zr/rocm-libraries-rocm-7.2.2/projects/rocfft/library/src/device/../include/function_pool.h:29:
In file included from /public/home/zhangkewei/zr/rocm-libraries-rocm-7.2.2/projects/rocfft/library/src/device/../include/function_map_key.h:30:
/public/home/zhangkewei/zr/rocm-libraries-rocm-7.2.2/projects/rocfft/library/src/device/../include/data_descriptor.h:201:5: warning: void function is missing a return statement [-Wreturn-type]
    }
    ^
/public/home/zhangkewei/zr/rocm-libraries-rocm-7.2.2/projects/rocfft/library/src/device/../include/function_map_key.h:456:37: note: in instantiation of member function 'FieldParser<KernelConfig>::parse' requested here
        FieldParser<KernelConfig>().parse("kernelConfig", config, current);
                                    ^
19 warnings generated when compiling for gfx936.
In file included from /public/home/zhangkewei/zr/build/rocfft_build/library/src/device/function_pool_init_2.cpp:1:
In file included from /public/home/zhangkewei/zr/rocm-libraries-rocm-7.2.2/projects/rocfft/library/src/device/../include/function_pool.h:29:
In file included from /public/home/zhangkewei/zr/rocm-libraries-rocm-7.2.2/projects/rocfft/library/src/device/../include/function_map_key.h:30:
/public/home/zhangkewei/zr/rocm-libraries-rocm-7.2.2/projects/rocfft/library/src/device/../include/data_descriptor.h:145:5: warning: void function is missing a return statement [-Wreturn-type]
    }
    ^
/public/home/zhangkewei/zr/rocm-libraries-rocm-7.2.2/projects/rocfft/library/src/device/../include/data_descriptor.h:154:5: warning: void function is missing a return statement [-Wreturn-type]
    }
    ^
/public/home/zhangkewei/zr/rocm-libraries-rocm-7.2.2/projects/rocfft/library/src/device/../include/data_descriptor.h:163:5: warning: void function is missing a return statement [-Wreturn-type]
    }
    ^
/public/home/zhangkewei/zr/rocm-libraries-rocm-7.2.2/projects/rocfft/library/src/device/../include/data_descriptor.h:172:5: warning: void function is missing a return statement [-Wreturn-type]
    }
    ^
In file included from /public/home/zhangkewei/zr/build/rocfft_build/library/src/device/function_pool_init_2.cpp:1:
In file included from /public/home/zhangkewei/zr/rocm-libraries-rocm-7.2.2/projects/rocfft/library/src/device/../include/function_pool.h:29:
/public/home/zhangkewei/zr/rocm-libraries-rocm-7.2.2/projects/rocfft/library/src/device/../include/function_map_key.h:284:5: warning: void function is missing a return statement [-Wreturn-type]
    }
    ^
/public/home/zhangkewei/zr/rocm-libraries-rocm-7.2.2/projects/rocfft/library/src/device/../include/function_map_key.h:420:1: warning: void function is missing a return statement [-Wreturn-type]
}
^
/public/home/zhangkewei/zr/rocm-libraries-rocm-7.2.2/projects/rocfft/library/src/device/../include/function_map_key.h:463:5: warning: void function is missing a return statement [-Wreturn-type]
    }
    ^
In file included from /public/home/zhangkewei/zr/build/rocfft_build/library/src/device/function_pool_init_2.cpp:1:
/public/home/zhangkewei/zr/rocm-libraries-rocm-7.2.2/projects/rocfft/library/src/device/../include/function_pool.h:410:1: warning: void function is missing a return statement [-Wreturn-type]
}
^
/public/home/zhangkewei/zr/rocm-libraries-rocm-7.2.2/projects/rocfft/library/src/device/../include/function_pool.h:433:1: warning: void function is missing a return statement [-Wreturn-type]
}
^
/public/home/zhangkewei/zr/build/rocfft_build/library/src/device/function_pool_init_2.cpp:654:248: warning: void function is missing a return statement [-Wreturn-type]
insert_default_entry(PPFMKey(64, 64, 64, rocfft_precision_half, CS_3D_PP, pp_kernel_1.get_kernel_config(), pp_kernel_2.get_kernel_config()), pp_kernel_1, pp_kernel_2, std::get<1>(def_keys), std::get<1>(function_maps), 65536);/* generator.py:821 */}
                                                                                                                                                                                                                                                       ^
In file included from /public/home/zhangkewei/zr/build/rocfft_build/library/src/device/function_pool_init_2.cpp:1:
In file included from /public/home/zhangkewei/zr/rocm-libraries-rocm-7.2.2/projects/rocfft/library/src/device/../include/function_pool.h:29:
In file included from /public/home/zhangkewei/zr/rocm-libraries-rocm-7.2.2/projects/rocfft/library/src/device/../include/function_map_key.h:30:
/public/home/zhangkewei/zr/rocm-libraries-rocm-7.2.2/projects/rocfft/library/src/device/../include/data_descriptor.h:201:5: warning: void function is missing a return statement [-Wreturn-type]
    }
    ^
/public/home/zhangkewei/zr/rocm-libraries-rocm-7.2.2/projects/rocfft/library/src/device/../include/function_map_key.h:248:29: note: in instantiation of member function 'FieldParser<bool>::parse' requested here
        FieldParser<bool>().parse("use_3steps", ret.use_3steps_large_twd, current);
                            ^
In file included from /public/home/zhangkewei/zr/build/rocfft_build/library/src/device/function_pool_init_2.cpp:1:
In file included from /public/home/zhangkewei/zr/rocm-libraries-rocm-7.2.2/projects/rocfft/library/src/device/../include/function_pool.h:29:
In file included from /public/home/zhangkewei/zr/rocm-libraries-rocm-7.2.2/projects/rocfft/library/src/device/../include/function_map_key.h:30:
/public/home/zhangkewei/zr/rocm-libraries-rocm-7.2.2/projects/rocfft/library/src/device/../include/data_descriptor.h:201:5: warning: void function is missing a return statement [-Wreturn-type]
    }
    ^
/public/home/zhangkewei/zr/rocm-libraries-rocm-7.2.2/projects/rocfft/library/src/device/../include/function_map_key.h:252:31: note: in instantiation of member function 'FieldParser<unsigned long>::parse' requested here
        FieldParser<size_t>().parse("tpb", tpb, current);
                              ^
In file included from /public/home/zhangkewei/zr/build/rocfft_build/library/src/device/function_pool_init_2.cpp:1:
In file included from /public/home/zhangkewei/zr/rocm-libraries-rocm-7.2.2/projects/rocfft/library/src/device/../include/function_pool.h:29:
In file included from /public/home/zhangkewei/zr/rocm-libraries-rocm-7.2.2/projects/rocfft/library/src/device/../include/function_map_key.h:30:
/public/home/zhangkewei/zr/rocm-libraries-rocm-7.2.2/projects/rocfft/library/src/device/../include/data_descriptor.h:201:5: warning: void function is missing a return statement [-Wreturn-type]
    }
    ^
/public/home/zhangkewei/zr/rocm-libraries-rocm-7.2.2/projects/rocfft/library/src/device/../include/function_map_key.h:254:28: note: in instantiation of member function 'FieldParser<int>::parse' requested here
        FieldParser<int>().parse("wgs", ret.workgroup_size, current);
                           ^
In file included from /public/home/zhangkewei/zr/build/rocfft_build/library/src/device/function_pool_init_2.cpp:1:
In file included from /public/home/zhangkewei/zr/rocm-libraries-rocm-7.2.2/projects/rocfft/library/src/device/../include/function_pool.h:29:
In file included from /public/home/zhangkewei/zr/rocm-libraries-rocm-7.2.2/projects/rocfft/library/src/device/../include/function_map_key.h:30:
/public/home/zhangkewei/zr/rocm-libraries-rocm-7.2.2/projects/rocfft/library/src/device/../include/data_descriptor.h:217:5: warning: void function is missing a return statement [-Wreturn-type]
    }
    ^
/public/home/zhangkewei/zr/rocm-libraries-rocm-7.2.2/projects/rocfft/library/src/device/../include/function_map_key.h:255:34: note: in instantiation of member function 'VectorFieldParser<int>::parse' requested here
        VectorFieldParser<int>().parse("tpt", tpt, current);
                                 ^
In file included from /public/home/zhangkewei/zr/build/rocfft_build/library/src/device/function_pool_init_2.cpp:1:
In file included from /public/home/zhangkewei/zr/rocm-libraries-rocm-7.2.2/projects/rocfft/library/src/device/../include/function_pool.h:29:
In file included from /public/home/zhangkewei/zr/rocm-libraries-rocm-7.2.2/projects/rocfft/library/src/device/../include/function_map_key.h:30:
/public/home/zhangkewei/zr/rocm-libraries-rocm-7.2.2/projects/rocfft/library/src/device/../include/data_descriptor.h:188:5: warning: void function is missing a return statement [-Wreturn-type]
    }
    ^
/public/home/zhangkewei/zr/rocm-libraries-rocm-7.2.2/projects/rocfft/library/src/device/../include/data_descriptor.h:216:29: note: in instantiation of member function 'StringToVector<int>::Get' requested here
        StringToVector<T>().Get(vec, current);
                            ^
/public/home/zhangkewei/zr/rocm-libraries-rocm-7.2.2/projects/rocfft/library/src/device/../include/function_map_key.h:255:34: note: in instantiation of member function 'VectorFieldParser<int>::parse' requested here
        VectorFieldParser<int>().parse("tpt", tpt, current);
                                 ^
In file included from /public/home/zhangkewei/zr/build/rocfft_build/library/src/device/function_pool_init_2.cpp:1:
In file included from /public/home/zhangkewei/zr/rocm-libraries-rocm-7.2.2/projects/rocfft/library/src/device/../include/function_pool.h:29:
In file included from /public/home/zhangkewei/zr/rocm-libraries-rocm-7.2.2/projects/rocfft/library/src/device/../include/function_map_key.h:30:
/public/home/zhangkewei/zr/rocm-libraries-rocm-7.2.2/projects/rocfft/library/src/device/../include/data_descriptor.h:217:5: warning: void function is missing a return statement [-Wreturn-type]
    }
    ^
/public/home/zhangkewei/zr/rocm-libraries-rocm-7.2.2/projects/rocfft/library/src/device/../include/function_map_key.h:256:37: note: in instantiation of member function 'VectorFieldParser<unsigned long>::parse' requested here
        VectorFieldParser<size_t>().parse("factors", ret.factors, current);
                                    ^
In file included from /public/home/zhangkewei/zr/build/rocfft_build/library/src/device/function_pool_init_2.cpp:1:
In file included from /public/home/zhangkewei/zr/rocm-libraries-rocm-7.2.2/projects/rocfft/library/src/device/../include/function_pool.h:29:
In file included from /public/home/zhangkewei/zr/rocm-libraries-rocm-7.2.2/projects/rocfft/library/src/device/../include/function_map_key.h:30:
/public/home/zhangkewei/zr/rocm-libraries-rocm-7.2.2/projects/rocfft/library/src/device/../include/data_descriptor.h:188:5: warning: void function is missing a return statement [-Wreturn-type]
    }
    ^
/public/home/zhangkewei/zr/rocm-libraries-rocm-7.2.2/projects/rocfft/library/src/device/../include/data_descriptor.h:216:29: note: in instantiation of member function 'StringToVector<unsigned long>::Get' requested here
        StringToVector<T>().Get(vec, current);
                            ^
/public/home/zhangkewei/zr/rocm-libraries-rocm-7.2.2/projects/rocfft/library/src/device/../include/function_map_key.h:256:37: note: in instantiation of member function 'VectorFieldParser<unsigned long>::parse' requested here
        VectorFieldParser<size_t>().parse("factors", ret.factors, current);
                                    ^
In file included from /public/home/zhangkewei/zr/build/rocfft_build/library/src/device/function_pool_init_2.cpp:1:
In file included from /public/home/zhangkewei/zr/rocm-libraries-rocm-7.2.2/projects/rocfft/library/src/device/../include/function_pool.h:29:
In file included from /public/home/zhangkewei/zr/rocm-libraries-rocm-7.2.2/projects/rocfft/library/src/device/../include/function_map_key.h:30:
/public/home/zhangkewei/zr/rocm-libraries-rocm-7.2.2/projects/rocfft/library/src/device/../include/data_descriptor.h:201:5: warning: void function is missing a return statement [-Wreturn-type]
    }
    ^
/public/home/zhangkewei/zr/rocm-libraries-rocm-7.2.2/projects/rocfft/library/src/device/../include/function_map_key.h:269:40: note: in instantiation of member function 'FieldParser<std::basic_string<char>>::parse' requested here
            FieldParser<std::string>().parse("ebtype", ebTypeStr, current);
                                       ^
In file included from /public/home/zhangkewei/zr/build/rocfft_build/library/src/device/function_pool_init_2.cpp:1:
In file included from /public/home/zhangkewei/zr/rocm-libraries-rocm-7.2.2/projects/rocfft/library/src/device/../include/function_pool.h:29:
In file included from /public/home/zhangkewei/zr/rocm-libraries-rocm-7.2.2/projects/rocfft/library/src/device/../include/function_map_key.h:30:
/public/home/zhangkewei/zr/rocm-libraries-rocm-7.2.2/projects/rocfft/library/src/device/../include/data_descriptor.h:201:5: warning: void function is missing a return statement [-Wreturn-type]
    }
    ^
/public/home/zhangkewei/zr/rocm-libraries-rocm-7.2.2/projects/rocfft/library/src/device/../include/function_map_key.h:456:37: note: in instantiation of member function 'FieldParser<KernelConfig>::parse' requested here
        FieldParser<KernelConfig>().parse("kernelConfig", config, current);
                                    ^
19 warnings generated when compiling for host.
In file included from /public/home/zhangkewei/zr/build/rocfft_build/library/src/device/function_pool_init_3.cpp:1:
In file included from /public/home/zhangkewei/zr/rocm-libraries-rocm-7.2.2/projects/rocfft/library/src/device/../include/function_pool.h:29:
In file included from /public/home/zhangkewei/zr/rocm-libraries-rocm-7.2.2/projects/rocfft/library/src/device/../include/function_map_key.h:30:
/public/home/zhangkewei/zr/rocm-libraries-rocm-7.2.2/projects/rocfft/library/src/device/../include/data_descriptor.h:145:5: warning: void function is missing a return statement [-Wreturn-type]
    }
    ^
/public/home/zhangkewei/zr/rocm-libraries-rocm-7.2.2/projects/rocfft/library/src/device/../include/data_descriptor.h:154:5: warning: void function is missing a return statement [-Wreturn-type]
    }
    ^
/public/home/zhangkewei/zr/rocm-libraries-rocm-7.2.2/projects/rocfft/library/src/device/../include/data_descriptor.h:163:5: warning: void function is missing a return statement [-Wreturn-type]
    }
    ^
In file included from /public/home/zhangkewei/zr/build/rocfft_build/library/src/device/function_pool_init_3.cpp:1:
In file included from /public/home/zhangkewei/zr/rocm-libraries-rocm-7.2.2/projects/rocfft/library/src/device/../include/function_pool.h:29:
In file included from /public/home/zhangkewei/zr/rocm-libraries-rocm-7.2.2/projects/rocfft/library/src/device/../include/function_map_key.h:30:
/public/home/zhangkewei/zr/rocm-libraries-rocm-7.2.2/projects/rocfft/library/src/device/../include/data_descriptor.h:145:5: warning: void function is missing a return statement [-Wreturn-type]
    }
    ^
/public/home/zhangkewei/zr/rocm-libraries-rocm-7.2.2/projects/rocfft/library/src/device/../include/data_descriptor.h:154:5: warning: void function is missing a return statement [-Wreturn-type]
    }
    ^
/public/home/zhangkewei/zr/rocm-libraries-rocm-7.2.2/projects/rocfft/library/src/device/../include/data_descriptor.h:163:5: warning: void function is missing a return statement [-Wreturn-type]
    }
    ^
/public/home/zhangkewei/zr/rocm-libraries-rocm-7.2.2/projects/rocfft/library/src/device/../include/data_descriptor.h:172:5: warning: void function is missing a return statement [-Wreturn-type]
    }
    ^
/public/home/zhangkewei/zr/rocm-libraries-rocm-7.2.2/projects/rocfft/library/src/device/../include/data_descriptor.h:172:5: warning: void function is missing a return statement [-Wreturn-type]
    }
    ^
In file included from /public/home/zhangkewei/zr/build/rocfft_build/library/src/device/function_pool_init_3.cpp:1:
In file included from /public/home/zhangkewei/zr/rocm-libraries-rocm-7.2.2/projects/rocfft/library/src/device/../include/function_pool.h:29:
In file included from /public/home/zhangkewei/zr/rocm-libraries-rocm-7.2.2/projects/rocfft/library/src/device/../include/function_map_key.h:30:
/public/home/zhangkewei/zr/rocm-libraries-rocm-7.2.2/projects/rocfft/library/src/device/../include/data_descriptor.h:145:5: warning: void function is missing a return statement [-Wreturn-type]
    }
    ^
/public/home/zhangkewei/zr/rocm-libraries-rocm-7.2.2/projects/rocfft/library/src/device/../include/data_descriptor.h:154:5: warning: void function is missing a return statement [-Wreturn-type]
    }
    ^
/public/home/zhangkewei/zr/rocm-libraries-rocm-7.2.2/projects/rocfft/library/src/device/../include/data_descriptor.h:163:5: warning: void function is missing a return statement [-Wreturn-type]
    }
    ^
/public/home/zhangkewei/zr/rocm-libraries-rocm-7.2.2/projects/rocfft/library/src/device/../include/data_descriptor.h:172:5: warning: void function is missing a return statement [-Wreturn-type]
    }
    ^
In file included from /public/home/zhangkewei/zr/build/rocfft_build/library/src/device/function_pool_init_3.cpp:1:
In file included from /public/home/zhangkewei/zr/rocm-libraries-rocm-7.2.2/projects/rocfft/library/src/device/../include/function_pool.h:29:
/public/home/zhangkewei/zr/rocm-libraries-rocm-7.2.2/projects/rocfft/library/src/device/../include/function_map_key.h:284:5: warning: void function is missing a return statement [-Wreturn-type]
In file included from /public/home/zhangkewei/zr/build/rocfft_build/library/src/device/function_pool_init_3.cpp:1:
In file included from /public/home/zhangkewei/zr/rocm-libraries-rocm-7.2.2/projects/rocfft/library/src/device/../include/function_pool.h:29:
/public/home/zhangkewei/zr/rocm-libraries-rocm-7.2.2/projects/rocfft/library/src/device/../include/function_map_key.h:284:5: warning: void function is missing a return statement [-Wreturn-type]
    }
    ^
    }
    ^
In file included from /public/home/zhangkewei/zr/build/rocfft_build/library/src/device/function_pool_init_3.cpp:1:
In file included from /public/home/zhangkewei/zr/rocm-libraries-rocm-7.2.2/projects/rocfft/library/src/device/../include/function_pool.h:29:
/public/home/zhangkewei/zr/rocm-libraries-rocm-7.2.2/projects/rocfft/library/src/device/../include/function_map_key.h:284:5: warning: void function is missing a return statement [-Wreturn-type]
    }
    ^
/public/home/zhangkewei/zr/rocm-libraries-rocm-7.2.2/projects/rocfft/library/src/device/../include/function_map_key.h:420:1: warning: void function is missing a return statement [-Wreturn-type]
}
^
/public/home/zhangkewei/zr/rocm-libraries-rocm-7.2.2/projects/rocfft/library/src/device/../include/function_map_key.h:420:1: warning: void function is missing a return statement [-Wreturn-type]
}
^
/public/home/zhangkewei/zr/rocm-libraries-rocm-7.2.2/projects/rocfft/library/src/device/../include/function_map_key.h:463:5: warning: void function is missing a return statement [-Wreturn-type]
    }
    ^
/public/home/zhangkewei/zr/rocm-libraries-rocm-7.2.2/projects/rocfft/library/src/device/../include/function_map_key.h:463:5: warning: void function is missing a return statement [-Wreturn-type]
    }
    ^
/public/home/zhangkewei/zr/rocm-libraries-rocm-7.2.2/projects/rocfft/library/src/device/../include/function_map_key.h:420:1: warning: void function is missing a return statement [-Wreturn-type]
}
^
/public/home/zhangkewei/zr/rocm-libraries-rocm-7.2.2/projects/rocfft/library/src/device/../include/function_map_key.h:463:5: warning: void function is missing a return statement [-Wreturn-type]
    }
    ^
In file included from /public/home/zhangkewei/zr/build/rocfft_build/library/src/device/function_pool_init_3.cpp:1:
/public/home/zhangkewei/zr/rocm-libraries-rocm-7.2.2/projects/rocfft/library/src/device/../include/function_pool.h:410:1: warning: void function is missing a return statement [-Wreturn-type]
}
^
In file included from /public/home/zhangkewei/zr/build/rocfft_build/library/src/device/function_pool_init_3.cpp:1:
/public/home/zhangkewei/zr/rocm-libraries-rocm-7.2.2/projects/rocfft/library/src/device/../include/function_pool.h:410:1: warning: void function is missing a return statement [-Wreturn-type]
}
^
/public/home/zhangkewei/zr/rocm-libraries-rocm-7.2.2/projects/rocfft/library/src/device/../include/function_pool.h:433:1: warning: void function is missing a return statement [-Wreturn-type]
}
^
/public/home/zhangkewei/zr/rocm-libraries-rocm-7.2.2/projects/rocfft/library/src/device/../include/function_pool.h:433:1: warning: void function is missing a return statement [-Wreturn-type]
}
^
In file included from /public/home/zhangkewei/zr/build/rocfft_build/library/src/device/function_pool_init_3.cpp:1:
/public/home/zhangkewei/zr/rocm-libraries-rocm-7.2.2/projects/rocfft/library/src/device/../include/function_pool.h:410:1: warning: void function is missing a return statement [-Wreturn-type]
}
^
/public/home/zhangkewei/zr/rocm-libraries-rocm-7.2.2/projects/rocfft/library/src/device/../include/function_pool.h:433:1: warning: void function is missing a return statement [-Wreturn-type]
}
^
/public/home/zhangkewei/zr/build/rocfft_build/library/src/device/function_pool_init_3.cpp:654:250: warning: void function is missing a return statement [-Wreturn-type]
insert_default_entry(PPFMKey(52, 64, 64, rocfft_precision_double, CS_3D_PP, pp_kernel_1.get_kernel_config(), pp_kernel_2.get_kernel_config()), pp_kernel_1, pp_kernel_2, std::get<1>(def_keys), std::get<1>(function_maps), 65536);/* generator.py:821 */}
                                                                                                                                                                                                                                                         ^
/public/home/zhangkewei/zr/build/rocfft_build/library/src/device/function_pool_init_3.cpp:654:250: warning: void function is missing a return statement [-Wreturn-type]
insert_default_entry(PPFMKey(52, 64, 64, rocfft_precision_double, CS_3D_PP, pp_kernel_1.get_kernel_config(), pp_kernel_2.get_kernel_config()), pp_kernel_1, pp_kernel_2, std::get<1>(def_keys), std::get<1>(function_maps), 65536);/* generator.py:821 */}
                                                                                                                                                                                                                                                         ^
/public/home/zhangkewei/zr/build/rocfft_build/library/src/device/function_pool_init_3.cpp:654:250: warning: void function is missing a return statement [-Wreturn-type]
insert_default_entry(PPFMKey(52, 64, 64, rocfft_precision_double, CS_3D_PP, pp_kernel_1.get_kernel_config(), pp_kernel_2.get_kernel_config()), pp_kernel_1, pp_kernel_2, std::get<1>(def_keys), std::get<1>(function_maps), 65536);/* generator.py:821 */}
                                                                                                                                                                                                                                                         ^
In file included from /public/home/zhangkewei/zr/build/rocfft_build/library/src/device/function_pool_init_3.cpp:1:
In file included from /public/home/zhangkewei/zr/rocm-libraries-rocm-7.2.2/projects/rocfft/library/src/device/../include/function_pool.h:29:
In file included from /public/home/zhangkewei/zr/rocm-libraries-rocm-7.2.2/projects/rocfft/library/src/device/../include/function_map_key.h:30:
/public/home/zhangkewei/zr/rocm-libraries-rocm-7.2.2/projects/rocfft/library/src/device/../include/data_descriptor.h:201:5: warning: void function is missing a return statement [-Wreturn-type]
    }
    ^
/public/home/zhangkewei/zr/rocm-libraries-rocm-7.2.2/projects/rocfft/library/src/device/../include/function_map_key.h:248:29: note: in instantiation of member function 'FieldParser<bool>::parse' requested here
        FieldParser<bool>().parse("use_3steps", ret.use_3steps_large_twd, current);
                            ^
In file included from /public/home/zhangkewei/zr/build/rocfft_build/library/src/device/function_pool_init_3.cpp:1:
In file included from /public/home/zhangkewei/zr/rocm-libraries-rocm-7.2.2/projects/rocfft/library/src/device/../include/function_pool.h:29:
In file included from /public/home/zhangkewei/zr/rocm-libraries-rocm-7.2.2/projects/rocfft/library/src/device/../include/function_map_key.h:30:
/public/home/zhangkewei/zr/rocm-libraries-rocm-7.2.2/projects/rocfft/library/src/device/../include/data_descriptor.h:201:5: warning: void function is missing a return statement [-Wreturn-type]
    }
    ^
/public/home/zhangkewei/zr/rocm-libraries-rocm-7.2.2/projects/rocfft/library/src/device/../include/function_map_key.h:248:29: note: in instantiation of member function 'FieldParser<bool>::parse' requested here
        FieldParser<bool>().parse("use_3steps", ret.use_3steps_large_twd, current);
                            ^
In file included from /public/home/zhangkewei/zr/build/rocfft_build/library/src/device/function_pool_init_3.cpp:1:
In file included from /public/home/zhangkewei/zr/rocm-libraries-rocm-7.2.2/projects/rocfft/library/src/device/../include/function_pool.h:29:
In file included from /public/home/zhangkewei/zr/rocm-libraries-rocm-7.2.2/projects/rocfft/library/src/device/../include/function_map_key.h:30:
/public/home/zhangkewei/zr/rocm-libraries-rocm-7.2.2/projects/rocfft/library/src/device/../include/data_descriptor.h:201:5: warning: void function is missing a return statement [-Wreturn-type]
    }
    ^
/public/home/zhangkewei/zr/rocm-libraries-rocm-7.2.2/projects/rocfft/library/src/device/../include/function_map_key.h:248:29: note: in instantiation of member function 'FieldParser<bool>::parse' requested here
        FieldParser<bool>().parse("use_3steps", ret.use_3steps_large_twd, current);
                            ^
In file included from /public/home/zhangkewei/zr/build/rocfft_build/library/src/device/function_pool_init_3.cpp:1:
In file included from /public/home/zhangkewei/zr/rocm-libraries-rocm-7.2.2/projects/rocfft/library/src/device/../include/function_pool.h:29:
In file included from /public/home/zhangkewei/zr/rocm-libraries-rocm-7.2.2/projects/rocfft/library/src/device/../include/function_map_key.h:30:
/public/home/zhangkewei/zr/rocm-libraries-rocm-7.2.2/projects/rocfft/library/src/device/../include/data_descriptor.h:201:5: warning: void function is missing a return statement [-Wreturn-type]
    }
    ^
/public/home/zhangkewei/zr/rocm-libraries-rocm-7.2.2/projects/rocfft/library/src/device/../include/function_map_key.h:252:31: note: in instantiation of member function 'FieldParser<unsigned long>::parse' requested here
        FieldParser<size_t>().parse("tpb", tpb, current);
                              ^
In file included from /public/home/zhangkewei/zr/build/rocfft_build/library/src/device/function_pool_init_3.cpp:1:
In file included from /public/home/zhangkewei/zr/rocm-libraries-rocm-7.2.2/projects/rocfft/library/src/device/../include/function_pool.h:29:
In file included from /public/home/zhangkewei/zr/rocm-libraries-rocm-7.2.2/projects/rocfft/library/src/device/../include/function_map_key.h:30:
/public/home/zhangkewei/zr/rocm-libraries-rocm-7.2.2/projects/rocfft/library/src/device/../include/data_descriptor.h:201:5: warning: void function is missing a return statement [-Wreturn-type]
    }
    ^
/public/home/zhangkewei/zr/rocm-libraries-rocm-7.2.2/projects/rocfft/library/src/device/../include/function_map_key.h:254:28: note: in instantiation of member function 'FieldParser<int>::parse' requested here
        FieldParser<int>().parse("wgs", ret.workgroup_size, current);
                           ^
In file included from /public/home/zhangkewei/zr/build/rocfft_build/library/src/device/function_pool_init_3.cpp:1:
In file included from /public/home/zhangkewei/zr/rocm-libraries-rocm-7.2.2/projects/rocfft/library/src/device/../include/function_pool.h:29:
In file included from /public/home/zhangkewei/zr/rocm-libraries-rocm-7.2.2/projects/rocfft/library/src/device/../include/function_map_key.h:30:
/public/home/zhangkewei/zr/rocm-libraries-rocm-7.2.2/projects/rocfft/library/src/device/../include/data_descriptor.h:217:5: warning: void function is missing a return statement [-Wreturn-type]
    }
    ^
/public/home/zhangkewei/zr/rocm-libraries-rocm-7.2.2/projects/rocfft/library/src/device/../include/function_map_key.h:255:34: note: in instantiation of member function 'VectorFieldParser<int>::parse' requested here
        VectorFieldParser<int>().parse("tpt", tpt, current);
                                 ^
In file included from /public/home/zhangkewei/zr/build/rocfft_build/library/src/device/function_pool_init_3.cpp:1:
In file included from /public/home/zhangkewei/zr/rocm-libraries-rocm-7.2.2/projects/rocfft/library/src/device/../include/function_pool.h:29:
In file included from /public/home/zhangkewei/zr/rocm-libraries-rocm-7.2.2/projects/rocfft/library/src/device/../include/function_map_key.h:30:
/public/home/zhangkewei/zr/rocm-libraries-rocm-7.2.2/projects/rocfft/library/src/device/../include/data_descriptor.h:188:5: warning: void function is missing a return statement [-Wreturn-type]
    }
    ^
/public/home/zhangkewei/zr/rocm-libraries-rocm-7.2.2/projects/rocfft/library/src/device/../include/data_descriptor.h:216:29: note: in instantiation of member function 'StringToVector<int>::Get' requested here
        StringToVector<T>().Get(vec, current);
                            ^
/public/home/zhangkewei/zr/rocm-libraries-rocm-7.2.2/projects/rocfft/library/src/device/../include/function_map_key.h:255:34: note: in instantiation of member function 'VectorFieldParser<int>::parse' requested here
        VectorFieldParser<int>().parse("tpt", tpt, current);
                                 ^
In file included from /public/home/zhangkewei/zr/build/rocfft_build/library/src/device/function_pool_init_3.cpp:1:
In file included from /public/home/zhangkewei/zr/rocm-libraries-rocm-7.2.2/projects/rocfft/library/src/device/../include/function_pool.h:29:
In file included from /public/home/zhangkewei/zr/rocm-libraries-rocm-7.2.2/projects/rocfft/library/src/device/../include/function_map_key.h:30:
/public/home/zhangkewei/zr/rocm-libraries-rocm-7.2.2/projects/rocfft/library/src/device/../include/data_descriptor.h:201:5: warning: void function is missing a return statement [-Wreturn-type]
    }
    ^
/public/home/zhangkewei/zr/rocm-libraries-rocm-7.2.2/projects/rocfft/library/src/device/../include/function_map_key.h:252:31: note: in instantiation of member function 'FieldParser<unsigned long>::parse' requested here
        FieldParser<size_t>().parse("tpb", tpb, current);
                              ^
In file included from /public/home/zhangkewei/zr/build/rocfft_build/library/src/device/function_pool_init_3.cpp:1:
In file included from /public/home/zhangkewei/zr/rocm-libraries-rocm-7.2.2/projects/rocfft/library/src/device/../include/function_pool.h:29:
In file included from /public/home/zhangkewei/zr/rocm-libraries-rocm-7.2.2/projects/rocfft/library/src/device/../include/function_map_key.h:30:
/public/home/zhangkewei/zr/rocm-libraries-rocm-7.2.2/projects/rocfft/library/src/device/../include/data_descriptor.h:201:5: warning: void function is missing a return statement [-Wreturn-type]
    }
    ^
/public/home/zhangkewei/zr/rocm-libraries-rocm-7.2.2/projects/rocfft/library/src/device/../include/function_map_key.h:254:28: note: in instantiation of member function 'FieldParser<int>::parse' requested here
        FieldParser<int>().parse("wgs", ret.workgroup_size, current);
                           ^
In file included from /public/home/zhangkewei/zr/build/rocfft_build/library/src/device/function_pool_init_3.cpp:1:
In file included from /public/home/zhangkewei/zr/rocm-libraries-rocm-7.2.2/projects/rocfft/library/src/device/../include/function_pool.h:29:
In file included from /public/home/zhangkewei/zr/rocm-libraries-rocm-7.2.2/projects/rocfft/library/src/device/../include/function_map_key.h:30:
/public/home/zhangkewei/zr/rocm-libraries-rocm-7.2.2/projects/rocfft/library/src/device/../include/data_descriptor.h:217:5: warning: void function is missing a return statement [-Wreturn-type]
    }
    ^
/public/home/zhangkewei/zr/rocm-libraries-rocm-7.2.2/projects/rocfft/library/src/device/../include/function_map_key.h:255:34: note: in instantiation of member function 'VectorFieldParser<int>::parse' requested here
        VectorFieldParser<int>().parse("tpt", tpt, current);
                                 ^
In file included from /public/home/zhangkewei/zr/build/rocfft_build/library/src/device/function_pool_init_3.cpp:1:
In file included from /public/home/zhangkewei/zr/rocm-libraries-rocm-7.2.2/projects/rocfft/library/src/device/../include/function_pool.h:29:
In file included from /public/home/zhangkewei/zr/rocm-libraries-rocm-7.2.2/projects/rocfft/library/src/device/../include/function_map_key.h:30:
/public/home/zhangkewei/zr/rocm-libraries-rocm-7.2.2/projects/rocfft/library/src/device/../include/data_descriptor.h:188:5: warning: void function is missing a return statement [-Wreturn-type]
    }
    ^
/public/home/zhangkewei/zr/rocm-libraries-rocm-7.2.2/projects/rocfft/library/src/device/../include/data_descriptor.h:216:29: note: in instantiation of member function 'StringToVector<int>::Get' requested here
        StringToVector<T>().Get(vec, current);
                            ^
/public/home/zhangkewei/zr/rocm-libraries-rocm-7.2.2/projects/rocfft/library/src/device/../include/function_map_key.h:255:34: note: in instantiation of member function 'VectorFieldParser<int>::parse' requested here
        VectorFieldParser<int>().parse("tpt", tpt, current);
                                 ^
In file included from /public/home/zhangkewei/zr/build/rocfft_build/library/src/device/function_pool_init_3.cpp:1:
In file included from /public/home/zhangkewei/zr/rocm-libraries-rocm-7.2.2/projects/rocfft/library/src/device/../include/function_pool.h:29:
In file included from /public/home/zhangkewei/zr/rocm-libraries-rocm-7.2.2/projects/rocfft/library/src/device/../include/function_map_key.h:30:
/public/home/zhangkewei/zr/rocm-libraries-rocm-7.2.2/projects/rocfft/library/src/device/../include/data_descriptor.h:217:5: warning: void function is missing a return statement [-Wreturn-type]
    }
    ^
/public/home/zhangkewei/zr/rocm-libraries-rocm-7.2.2/projects/rocfft/library/src/device/../include/function_map_key.h:256:37: note: in instantiation of member function 'VectorFieldParser<unsigned long>::parse' requested here
        VectorFieldParser<size_t>().parse("factors", ret.factors, current);
                                    ^
In file included from /public/home/zhangkewei/zr/build/rocfft_build/library/src/device/function_pool_init_3.cpp:1:
In file included from /public/home/zhangkewei/zr/rocm-libraries-rocm-7.2.2/projects/rocfft/library/src/device/../include/function_pool.h:29:
In file included from /public/home/zhangkewei/zr/rocm-libraries-rocm-7.2.2/projects/rocfft/library/src/device/../include/function_map_key.h:30:
/public/home/zhangkewei/zr/rocm-libraries-rocm-7.2.2/projects/rocfft/library/src/device/../include/data_descriptor.h:188:5: warning: void function is missing a return statement [-Wreturn-type]
    }
    ^
/public/home/zhangkewei/zr/rocm-libraries-rocm-7.2.2/projects/rocfft/library/src/device/../include/data_descriptor.h:216:29: note: in instantiation of member function 'StringToVector<unsigned long>::Get' requested here
        StringToVector<T>().Get(vec, current);
                            ^
/public/home/zhangkewei/zr/rocm-libraries-rocm-7.2.2/projects/rocfft/library/src/device/../include/function_map_key.h:256:37: note: in instantiation of member function 'VectorFieldParser<unsigned long>::parse' requested here
        VectorFieldParser<size_t>().parse("factors", ret.factors, current);
                                    ^
In file included from /public/home/zhangkewei/zr/build/rocfft_build/library/src/device/function_pool_init_3.cpp:1:
In file included from /public/home/zhangkewei/zr/rocm-libraries-rocm-7.2.2/projects/rocfft/library/src/device/../include/function_pool.h:29:
In file included from /public/home/zhangkewei/zr/rocm-libraries-rocm-7.2.2/projects/rocfft/library/src/device/../include/function_map_key.h:30:
/public/home/zhangkewei/zr/rocm-libraries-rocm-7.2.2/projects/rocfft/library/src/device/../include/data_descriptor.h:201:5: warning: void function is missing a return statement [-Wreturn-type]
    }
    ^
/public/home/zhangkewei/zr/rocm-libraries-rocm-7.2.2/projects/rocfft/library/src/device/../include/function_map_key.h:269:40: note: in instantiation of member function 'FieldParser<std::basic_string<char>>::parse' requested here
            FieldParser<std::string>().parse("ebtype", ebTypeStr, current);
                                       ^
In file included from /public/home/zhangkewei/zr/build/rocfft_build/library/src/device/function_pool_init_3.cpp:1:
In file included from /public/home/zhangkewei/zr/rocm-libraries-rocm-7.2.2/projects/rocfft/library/src/device/../include/function_pool.h:29:
In file included from /public/home/zhangkewei/zr/rocm-libraries-rocm-7.2.2/projects/rocfft/library/src/device/../include/function_map_key.h:30:
/public/home/zhangkewei/zr/rocm-libraries-rocm-7.2.2/projects/rocfft/library/src/device/../include/data_descriptor.h:217:5: warning: void function is missing a return statement [-Wreturn-type]
    }
    ^
/public/home/zhangkewei/zr/rocm-libraries-rocm-7.2.2/projects/rocfft/library/src/device/../include/function_map_key.h:256:37: note: in instantiation of member function 'VectorFieldParser<unsigned long>::parse' requested here
        VectorFieldParser<size_t>().parse("factors", ret.factors, current);
                                    ^
In file included from /public/home/zhangkewei/zr/build/rocfft_build/library/src/device/function_pool_init_3.cpp:1:
In file included from /public/home/zhangkewei/zr/rocm-libraries-rocm-7.2.2/projects/rocfft/library/src/device/../include/function_pool.h:29:
In file included from /public/home/zhangkewei/zr/rocm-libraries-rocm-7.2.2/projects/rocfft/library/src/device/../include/function_map_key.h:30:
/public/home/zhangkewei/zr/rocm-libraries-rocm-7.2.2/projects/rocfft/library/src/device/../include/data_descriptor.h:188:5: warning: void function is missing a return statement [-Wreturn-type]
    }
    ^
/public/home/zhangkewei/zr/rocm-libraries-rocm-7.2.2/projects/rocfft/library/src/device/../include/data_descriptor.h:216:29: note: in instantiation of member function 'StringToVector<unsigned long>::Get' requested here
        StringToVector<T>().Get(vec, current);
                            ^
/public/home/zhangkewei/zr/rocm-libraries-rocm-7.2.2/projects/rocfft/library/src/device/../include/function_map_key.h:256:37: note: in instantiation of member function 'VectorFieldParser<unsigned long>::parse' requested here
        VectorFieldParser<size_t>().parse("factors", ret.factors, current);
                                    ^
In file included from /public/home/zhangkewei/zr/build/rocfft_build/library/src/device/function_pool_init_3.cpp:1:
In file included from /public/home/zhangkewei/zr/rocm-libraries-rocm-7.2.2/projects/rocfft/library/src/device/../include/function_pool.h:29:
In file included from /public/home/zhangkewei/zr/rocm-libraries-rocm-7.2.2/projects/rocfft/library/src/device/../include/function_map_key.h:30:
/public/home/zhangkewei/zr/rocm-libraries-rocm-7.2.2/projects/rocfft/library/src/device/../include/data_descriptor.h:201:5: warning: void function is missing a return statement [-Wreturn-type]
    }
    ^
/public/home/zhangkewei/zr/rocm-libraries-rocm-7.2.2/projects/rocfft/library/src/device/../include/function_map_key.h:269:40: note: in instantiation of member function 'FieldParser<std::basic_string<char>>::parse' requested here
            FieldParser<std::string>().parse("ebtype", ebTypeStr, current);
                                       ^
In file included from /public/home/zhangkewei/zr/build/rocfft_build/library/src/device/function_pool_init_3.cpp:1:
In file included from /public/home/zhangkewei/zr/rocm-libraries-rocm-7.2.2/projects/rocfft/library/src/device/../include/function_pool.h:29:
In file included from /public/home/zhangkewei/zr/rocm-libraries-rocm-7.2.2/projects/rocfft/library/src/device/../include/function_map_key.h:30:
/public/home/zhangkewei/zr/rocm-libraries-rocm-7.2.2/projects/rocfft/library/src/device/../include/data_descriptor.h:201:5: warning: void function is missing a return statement [-Wreturn-type]
    }
    ^
/public/home/zhangkewei/zr/rocm-libraries-rocm-7.2.2/projects/rocfft/library/src/device/../include/function_map_key.h:456:37: note: in instantiation of member function 'FieldParser<KernelConfig>::parse' requested here
        FieldParser<KernelConfig>().parse("kernelConfig", config, current);
                                    ^
In file included from /public/home/zhangkewei/zr/build/rocfft_build/library/src/device/function_pool_init_3.cpp:1:
In file included from /public/home/zhangkewei/zr/rocm-libraries-rocm-7.2.2/projects/rocfft/library/src/device/../include/function_pool.h:29:
In file included from /public/home/zhangkewei/zr/rocm-libraries-rocm-7.2.2/projects/rocfft/library/src/device/../include/function_map_key.h:30:
/public/home/zhangkewei/zr/rocm-libraries-rocm-7.2.2/projects/rocfft/library/src/device/../include/data_descriptor.h:201:5: warning: void function is missing a return statement [-Wreturn-type]
    }
    ^
/public/home/zhangkewei/zr/rocm-libraries-rocm-7.2.2/projects/rocfft/library/src/device/../include/function_map_key.h:456:37: note: in instantiation of member function 'FieldParser<KernelConfig>::parse' requested here
        FieldParser<KernelConfig>().parse("kernelConfig", config, current);
                                    ^
In file included from /public/home/zhangkewei/zr/build/rocfft_build/library/src/device/function_pool_init_3.cpp:1:
In file included from /public/home/zhangkewei/zr/rocm-libraries-rocm-7.2.2/projects/rocfft/library/src/device/../include/function_pool.h:29:
In file included from /public/home/zhangkewei/zr/rocm-libraries-rocm-7.2.2/projects/rocfft/library/src/device/../include/function_map_key.h:30:
/public/home/zhangkewei/zr/rocm-libraries-rocm-7.2.2/projects/rocfft/library/src/device/../include/data_descriptor.h:201:5: warning: void function is missing a return statement [-Wreturn-type]
    }
    ^
/public/home/zhangkewei/zr/rocm-libraries-rocm-7.2.2/projects/rocfft/library/src/device/../include/function_map_key.h:252:31: note: in instantiation of member function 'FieldParser<unsigned long>::parse' requested here
        FieldParser<size_t>().parse("tpb", tpb, current);
                              ^
In file included from /public/home/zhangkewei/zr/build/rocfft_build/library/src/device/function_pool_init_3.cpp:1:
In file included from /public/home/zhangkewei/zr/rocm-libraries-rocm-7.2.2/projects/rocfft/library/src/device/../include/function_pool.h:29:
In file included from /public/home/zhangkewei/zr/rocm-libraries-rocm-7.2.2/projects/rocfft/library/src/device/../include/function_map_key.h:30:
/public/home/zhangkewei/zr/rocm-libraries-rocm-7.2.2/projects/rocfft/library/src/device/../include/data_descriptor.h:201:5: warning: void function is missing a return statement [-Wreturn-type]
    }
    ^
/public/home/zhangkewei/zr/rocm-libraries-rocm-7.2.2/projects/rocfft/library/src/device/../include/function_map_key.h:254:28: note: in instantiation of member function 'FieldParser<int>::parse' requested here
        FieldParser<int>().parse("wgs", ret.workgroup_size, current);
                           ^
In file included from /public/home/zhangkewei/zr/build/rocfft_build/library/src/device/function_pool_init_3.cpp:1:
In file included from /public/home/zhangkewei/zr/rocm-libraries-rocm-7.2.2/projects/rocfft/library/src/device/../include/function_pool.h:29:
In file included from /public/home/zhangkewei/zr/rocm-libraries-rocm-7.2.2/projects/rocfft/library/src/device/../include/function_map_key.h:30:
/public/home/zhangkewei/zr/rocm-libraries-rocm-7.2.2/projects/rocfft/library/src/device/../include/data_descriptor.h:217:5: warning: void function is missing a return statement [-Wreturn-type]
    }
    ^
/public/home/zhangkewei/zr/rocm-libraries-rocm-7.2.2/projects/rocfft/library/src/device/../include/function_map_key.h:255:34: note: in instantiation of member function 'VectorFieldParser<int>::parse' requested here
        VectorFieldParser<int>().parse("tpt", tpt, current);
                                 ^
In file included from /public/home/zhangkewei/zr/build/rocfft_build/library/src/device/function_pool_init_3.cpp:1:
In file included from /public/home/zhangkewei/zr/rocm-libraries-rocm-7.2.2/projects/rocfft/library/src/device/../include/function_pool.h:29:
In file included from /public/home/zhangkewei/zr/rocm-libraries-rocm-7.2.2/projects/rocfft/library/src/device/../include/function_map_key.h:30:
/public/home/zhangkewei/zr/rocm-libraries-rocm-7.2.2/projects/rocfft/library/src/device/../include/data_descriptor.h:188:5: warning: void function is missing a return statement [-Wreturn-type]
    }
    ^
/public/home/zhangkewei/zr/rocm-libraries-rocm-7.2.2/projects/rocfft/library/src/device/../include/data_descriptor.h:216:29: note: in instantiation of member function 'StringToVector<int>::Get' requested here
        StringToVector<T>().Get(vec, current);
                            ^
/public/home/zhangkewei/zr/rocm-libraries-rocm-7.2.2/projects/rocfft/library/src/device/../include/function_map_key.h:255:34: note: in instantiation of member function 'VectorFieldParser<int>::parse' requested here
        VectorFieldParser<int>().parse("tpt", tpt, current);
                                 ^
In file included from /public/home/zhangkewei/zr/build/rocfft_build/library/src/device/function_pool_init_3.cpp:1:
In file included from /public/home/zhangkewei/zr/rocm-libraries-rocm-7.2.2/projects/rocfft/library/src/device/../include/function_pool.h:29:
In file included from /public/home/zhangkewei/zr/rocm-libraries-rocm-7.2.2/projects/rocfft/library/src/device/../include/function_map_key.h:30:
/public/home/zhangkewei/zr/rocm-libraries-rocm-7.2.2/projects/rocfft/library/src/device/../include/data_descriptor.h:217:5: warning: void function is missing a return statement [-Wreturn-type]
    }
    ^
/public/home/zhangkewei/zr/rocm-libraries-rocm-7.2.2/projects/rocfft/library/src/device/../include/function_map_key.h:256:37: note: in instantiation of member function 'VectorFieldParser<unsigned long>::parse' requested here
        VectorFieldParser<size_t>().parse("factors", ret.factors, current);
                                    ^
In file included from /public/home/zhangkewei/zr/build/rocfft_build/library/src/device/function_pool_init_3.cpp:1:
In file included from /public/home/zhangkewei/zr/rocm-libraries-rocm-7.2.2/projects/rocfft/library/src/device/../include/function_pool.h:29:
In file included from /public/home/zhangkewei/zr/rocm-libraries-rocm-7.2.2/projects/rocfft/library/src/device/../include/function_map_key.h:30:
/public/home/zhangkewei/zr/rocm-libraries-rocm-7.2.2/projects/rocfft/library/src/device/../include/data_descriptor.h:188:5: warning: void function is missing a return statement [-Wreturn-type]
    }
    ^
/public/home/zhangkewei/zr/rocm-libraries-rocm-7.2.2/projects/rocfft/library/src/device/../include/data_descriptor.h:216:29: note: in instantiation of member function 'StringToVector<unsigned long>::Get' requested here
        StringToVector<T>().Get(vec, current);
                            ^
/public/home/zhangkewei/zr/rocm-libraries-rocm-7.2.2/projects/rocfft/library/src/device/../include/function_map_key.h:256:37: note: in instantiation of member function 'VectorFieldParser<unsigned long>::parse' requested here
        VectorFieldParser<size_t>().parse("factors", ret.factors, current);
                                    ^
In file included from /public/home/zhangkewei/zr/build/rocfft_build/library/src/device/function_pool_init_3.cpp:1:
In file included from /public/home/zhangkewei/zr/rocm-libraries-rocm-7.2.2/projects/rocfft/library/src/device/../include/function_pool.h:29:
In file included from /public/home/zhangkewei/zr/rocm-libraries-rocm-7.2.2/projects/rocfft/library/src/device/../include/function_map_key.h:30:
/public/home/zhangkewei/zr/rocm-libraries-rocm-7.2.2/projects/rocfft/library/src/device/../include/data_descriptor.h:201:5: warning: void function is missing a return statement [-Wreturn-type]
    }
    ^
/public/home/zhangkewei/zr/rocm-libraries-rocm-7.2.2/projects/rocfft/library/src/device/../include/function_map_key.h:269:40: note: in instantiation of member function 'FieldParser<std::basic_string<char>>::parse' requested here
            FieldParser<std::string>().parse("ebtype", ebTypeStr, current);
                                       ^
In file included from /public/home/zhangkewei/zr/build/rocfft_build/library/src/device/function_pool_init_3.cpp:1:
In file included from /public/home/zhangkewei/zr/rocm-libraries-rocm-7.2.2/projects/rocfft/library/src/device/../include/function_pool.h:29:
In file included from /public/home/zhangkewei/zr/rocm-libraries-rocm-7.2.2/projects/rocfft/library/src/device/../include/function_map_key.h:30:
/public/home/zhangkewei/zr/rocm-libraries-rocm-7.2.2/projects/rocfft/library/src/device/../include/data_descriptor.h:201:5: warning: void function is missing a return statement [-Wreturn-type]
    }
    ^
/public/home/zhangkewei/zr/rocm-libraries-rocm-7.2.2/projects/rocfft/library/src/device/../include/function_map_key.h:456:37: note: in instantiation of member function 'FieldParser<KernelConfig>::parse' requested here
        FieldParser<KernelConfig>().parse("kernelConfig", config, current);
                                    ^
19 warnings generated when compiling for gfx928.
19 warnings generated when compiling for gfx926.
19 warnings generated when compiling for gfx906.
In file included from /public/home/zhangkewei/zr/build/rocfft_build/library/src/device/function_pool_init_3.cpp:1:
In file included from /public/home/zhangkewei/zr/rocm-libraries-rocm-7.2.2/projects/rocfft/library/src/device/../include/function_pool.h:29:
In file included from /public/home/zhangkewei/zr/rocm-libraries-rocm-7.2.2/projects/rocfft/library/src/device/../include/function_map_key.h:30:
/public/home/zhangkewei/zr/rocm-libraries-rocm-7.2.2/projects/rocfft/library/src/device/../include/data_descriptor.h:145:5: warning: void function is missing a return statement [-Wreturn-type]
    }
    ^
/public/home/zhangkewei/zr/rocm-libraries-rocm-7.2.2/projects/rocfft/library/src/device/../include/data_descriptor.h:154:5: warning: void function is missing a return statement [-Wreturn-type]
    }
    ^
/public/home/zhangkewei/zr/rocm-libraries-rocm-7.2.2/projects/rocfft/library/src/device/../include/data_descriptor.h:163:5: warning: void function is missing a return statement [-Wreturn-type]
    }
    ^
/public/home/zhangkewei/zr/rocm-libraries-rocm-7.2.2/projects/rocfft/library/src/device/../include/data_descriptor.h:172:5: warning: void function is missing a return statement [-Wreturn-type]
    }
    ^
In file included from /public/home/zhangkewei/zr/build/rocfft_build/library/src/device/function_pool_init_3.cpp:1:
In file included from /public/home/zhangkewei/zr/rocm-libraries-rocm-7.2.2/projects/rocfft/library/src/device/../include/function_pool.h:29:
/public/home/zhangkewei/zr/rocm-libraries-rocm-7.2.2/projects/rocfft/library/src/device/../include/function_map_key.h:284:5: warning: void function is missing a return statement [-Wreturn-type]
    }
    ^
/public/home/zhangkewei/zr/rocm-libraries-rocm-7.2.2/projects/rocfft/library/src/device/../include/function_map_key.h:420:1: warning: void function is missing a return statement [-Wreturn-type]
}
^
/public/home/zhangkewei/zr/rocm-libraries-rocm-7.2.2/projects/rocfft/library/src/device/../include/function_map_key.h:463:5: warning: void function is missing a return statement [-Wreturn-type]
    }
    ^
In file included from /public/home/zhangkewei/zr/build/rocfft_build/library/src/device/function_pool_init_3.cpp:1:
/public/home/zhangkewei/zr/rocm-libraries-rocm-7.2.2/projects/rocfft/library/src/device/../include/function_pool.h:410:1: warning: void function is missing a return statement [-Wreturn-type]
}
^
/public/home/zhangkewei/zr/rocm-libraries-rocm-7.2.2/projects/rocfft/library/src/device/../include/function_pool.h:433:1: warning: void function is missing a return statement [-Wreturn-type]
}
^
/public/home/zhangkewei/zr/build/rocfft_build/library/src/device/function_pool_init_3.cpp:654:250: warning: void function is missing a return statement [-Wreturn-type]
insert_default_entry(PPFMKey(52, 64, 64, rocfft_precision_double, CS_3D_PP, pp_kernel_1.get_kernel_config(), pp_kernel_2.get_kernel_config()), pp_kernel_1, pp_kernel_2, std::get<1>(def_keys), std::get<1>(function_maps), 65536);/* generator.py:821 */}
                                                                                                                                                                                                                                                         ^
In file included from /public/home/zhangkewei/zr/build/rocfft_build/library/src/device/function_pool_init_3.cpp:1:
In file included from /public/home/zhangkewei/zr/rocm-libraries-rocm-7.2.2/projects/rocfft/library/src/device/../include/function_pool.h:29:
In file included from /public/home/zhangkewei/zr/rocm-libraries-rocm-7.2.2/projects/rocfft/library/src/device/../include/function_map_key.h:30:
/public/home/zhangkewei/zr/rocm-libraries-rocm-7.2.2/projects/rocfft/library/src/device/../include/data_descriptor.h:201:5: warning: void function is missing a return statement [-Wreturn-type]
    }
    ^
/public/home/zhangkewei/zr/rocm-libraries-rocm-7.2.2/projects/rocfft/library/src/device/../include/function_map_key.h:248:29: note: in instantiation of member function 'FieldParser<bool>::parse' requested here
        FieldParser<bool>().parse("use_3steps", ret.use_3steps_large_twd, current);
                            ^
In file included from /public/home/zhangkewei/zr/build/rocfft_build/library/src/device/function_pool_init_3.cpp:1:
In file included from /public/home/zhangkewei/zr/rocm-libraries-rocm-7.2.2/projects/rocfft/library/src/device/../include/function_pool.h:29:
In file included from /public/home/zhangkewei/zr/rocm-libraries-rocm-7.2.2/projects/rocfft/library/src/device/../include/function_map_key.h:30:
/public/home/zhangkewei/zr/rocm-libraries-rocm-7.2.2/projects/rocfft/library/src/device/../include/data_descriptor.h:201:5: warning: void function is missing a return statement [-Wreturn-type]
    }
    ^
/public/home/zhangkewei/zr/rocm-libraries-rocm-7.2.2/projects/rocfft/library/src/device/../include/function_map_key.h:252:31: note: in instantiation of member function 'FieldParser<unsigned long>::parse' requested here
        FieldParser<size_t>().parse("tpb", tpb, current);
                              ^
In file included from /public/home/zhangkewei/zr/build/rocfft_build/library/src/device/function_pool_init_3.cpp:1:
In file included from /public/home/zhangkewei/zr/rocm-libraries-rocm-7.2.2/projects/rocfft/library/src/device/../include/function_pool.h:29:
In file included from /public/home/zhangkewei/zr/rocm-libraries-rocm-7.2.2/projects/rocfft/library/src/device/../include/function_map_key.h:30:
/public/home/zhangkewei/zr/rocm-libraries-rocm-7.2.2/projects/rocfft/library/src/device/../include/data_descriptor.h:201:5: warning: void function is missing a return statement [-Wreturn-type]
    }
    ^
/public/home/zhangkewei/zr/rocm-libraries-rocm-7.2.2/projects/rocfft/library/src/device/../include/function_map_key.h:254:28: note: in instantiation of member function 'FieldParser<int>::parse' requested here
        FieldParser<int>().parse("wgs", ret.workgroup_size, current);
                           ^
In file included from /public/home/zhangkewei/zr/build/rocfft_build/library/src/device/function_pool_init_3.cpp:1:
In file included from /public/home/zhangkewei/zr/rocm-libraries-rocm-7.2.2/projects/rocfft/library/src/device/../include/function_pool.h:29:
In file included from /public/home/zhangkewei/zr/rocm-libraries-rocm-7.2.2/projects/rocfft/library/src/device/../include/function_map_key.h:30:
/public/home/zhangkewei/zr/rocm-libraries-rocm-7.2.2/projects/rocfft/library/src/device/../include/data_descriptor.h:217:5: warning: void function is missing a return statement [-Wreturn-type]
    }
    ^
/public/home/zhangkewei/zr/rocm-libraries-rocm-7.2.2/projects/rocfft/library/src/device/../include/function_map_key.h:255:34: note: in instantiation of member function 'VectorFieldParser<int>::parse' requested here
        VectorFieldParser<int>().parse("tpt", tpt, current);
                                 ^
In file included from /public/home/zhangkewei/zr/build/rocfft_build/library/src/device/function_pool_init_3.cpp:1:
In file included from /public/home/zhangkewei/zr/rocm-libraries-rocm-7.2.2/projects/rocfft/library/src/device/../include/function_pool.h:29:
In file included from /public/home/zhangkewei/zr/rocm-libraries-rocm-7.2.2/projects/rocfft/library/src/device/../include/function_map_key.h:30:
/public/home/zhangkewei/zr/rocm-libraries-rocm-7.2.2/projects/rocfft/library/src/device/../include/data_descriptor.h:188:5: warning: void function is missing a return statement [-Wreturn-type]
    }
    ^
/public/home/zhangkewei/zr/rocm-libraries-rocm-7.2.2/projects/rocfft/library/src/device/../include/data_descriptor.h:216:29: note: in instantiation of member function 'StringToVector<int>::Get' requested here
        StringToVector<T>().Get(vec, current);
                            ^
/public/home/zhangkewei/zr/rocm-libraries-rocm-7.2.2/projects/rocfft/library/src/device/../include/function_map_key.h:255:34: note: in instantiation of member function 'VectorFieldParser<int>::parse' requested here
        VectorFieldParser<int>().parse("tpt", tpt, current);
                                 ^
In file included from /public/home/zhangkewei/zr/build/rocfft_build/library/src/device/function_pool_init_3.cpp:1:
In file included from /public/home/zhangkewei/zr/rocm-libraries-rocm-7.2.2/projects/rocfft/library/src/device/../include/function_pool.h:29:
In file included from /public/home/zhangkewei/zr/rocm-libraries-rocm-7.2.2/projects/rocfft/library/src/device/../include/function_map_key.h:30:
/public/home/zhangkewei/zr/rocm-libraries-rocm-7.2.2/projects/rocfft/library/src/device/../include/data_descriptor.h:217:5: warning: void function is missing a return statement [-Wreturn-type]
    }
    ^
/public/home/zhangkewei/zr/rocm-libraries-rocm-7.2.2/projects/rocfft/library/src/device/../include/function_map_key.h:256:37: note: in instantiation of member function 'VectorFieldParser<unsigned long>::parse' requested here
        VectorFieldParser<size_t>().parse("factors", ret.factors, current);
                                    ^
In file included from /public/home/zhangkewei/zr/build/rocfft_build/library/src/device/function_pool_init_3.cpp:1:
In file included from /public/home/zhangkewei/zr/rocm-libraries-rocm-7.2.2/projects/rocfft/library/src/device/../include/function_pool.h:29:
In file included from /public/home/zhangkewei/zr/rocm-libraries-rocm-7.2.2/projects/rocfft/library/src/device/../include/function_map_key.h:30:
/public/home/zhangkewei/zr/rocm-libraries-rocm-7.2.2/projects/rocfft/library/src/device/../include/data_descriptor.h:188:5: warning: void function is missing a return statement [-Wreturn-type]
    }
    ^
/public/home/zhangkewei/zr/rocm-libraries-rocm-7.2.2/projects/rocfft/library/src/device/../include/data_descriptor.h:216:29: note: in instantiation of member function 'StringToVector<unsigned long>::Get' requested here
        StringToVector<T>().Get(vec, current);
                            ^
/public/home/zhangkewei/zr/rocm-libraries-rocm-7.2.2/projects/rocfft/library/src/device/../include/function_map_key.h:256:37: note: in instantiation of member function 'VectorFieldParser<unsigned long>::parse' requested here
        VectorFieldParser<size_t>().parse("factors", ret.factors, current);
                                    ^
In file included from /public/home/zhangkewei/zr/build/rocfft_build/library/src/device/function_pool_init_3.cpp:1:
In file included from /public/home/zhangkewei/zr/rocm-libraries-rocm-7.2.2/projects/rocfft/library/src/device/../include/function_pool.h:29:
In file included from /public/home/zhangkewei/zr/rocm-libraries-rocm-7.2.2/projects/rocfft/library/src/device/../include/function_map_key.h:30:
/public/home/zhangkewei/zr/rocm-libraries-rocm-7.2.2/projects/rocfft/library/src/device/../include/data_descriptor.h:201:5: warning: void function is missing a return statement [-Wreturn-type]
    }
    ^
/public/home/zhangkewei/zr/rocm-libraries-rocm-7.2.2/projects/rocfft/library/src/device/../include/function_map_key.h:269:40: note: in instantiation of member function 'FieldParser<std::basic_string<char>>::parse' requested here
            FieldParser<std::string>().parse("ebtype", ebTypeStr, current);
                                       ^
In file included from /public/home/zhangkewei/zr/build/rocfft_build/library/src/device/function_pool_init_3.cpp:1:
In file included from /public/home/zhangkewei/zr/rocm-libraries-rocm-7.2.2/projects/rocfft/library/src/device/../include/function_pool.h:29:
In file included from /public/home/zhangkewei/zr/rocm-libraries-rocm-7.2.2/projects/rocfft/library/src/device/../include/function_map_key.h:30:
/public/home/zhangkewei/zr/rocm-libraries-rocm-7.2.2/projects/rocfft/library/src/device/../include/data_descriptor.h:201:5: warning: void function is missing a return statement [-Wreturn-type]
    }
    ^
/public/home/zhangkewei/zr/rocm-libraries-rocm-7.2.2/projects/rocfft/library/src/device/../include/function_map_key.h:456:37: note: in instantiation of member function 'FieldParser<KernelConfig>::parse' requested here
        FieldParser<KernelConfig>().parse("kernelConfig", config, current);
                                    ^
19 warnings generated when compiling for gfx936.
In file included from /public/home/zhangkewei/zr/build/rocfft_build/library/src/device/function_pool_init_3.cpp:1:
In file included from /public/home/zhangkewei/zr/rocm-libraries-rocm-7.2.2/projects/rocfft/library/src/device/../include/function_pool.h:29:
In file included from /public/home/zhangkewei/zr/rocm-libraries-rocm-7.2.2/projects/rocfft/library/src/device/../include/function_map_key.h:30:
/public/home/zhangkewei/zr/rocm-libraries-rocm-7.2.2/projects/rocfft/library/src/device/../include/data_descriptor.h:145:5: warning: void function is missing a return statement [-Wreturn-type]
    }
    ^
/public/home/zhangkewei/zr/rocm-libraries-rocm-7.2.2/projects/rocfft/library/src/device/../include/data_descriptor.h:154:5: warning: void function is missing a return statement [-Wreturn-type]
    }
    ^
/public/home/zhangkewei/zr/rocm-libraries-rocm-7.2.2/projects/rocfft/library/src/device/../include/data_descriptor.h:163:5: warning: void function is missing a return statement [-Wreturn-type]
    }
    ^
/public/home/zhangkewei/zr/rocm-libraries-rocm-7.2.2/projects/rocfft/library/src/device/../include/data_descriptor.h:172:5: warning: void function is missing a return statement [-Wreturn-type]
    }
    ^
In file included from /public/home/zhangkewei/zr/build/rocfft_build/library/src/device/function_pool_init_3.cpp:1:
In file included from /public/home/zhangkewei/zr/rocm-libraries-rocm-7.2.2/projects/rocfft/library/src/device/../include/function_pool.h:29:
/public/home/zhangkewei/zr/rocm-libraries-rocm-7.2.2/projects/rocfft/library/src/device/../include/function_map_key.h:284:5: warning: void function is missing a return statement [-Wreturn-type]
    }
    ^
/public/home/zhangkewei/zr/rocm-libraries-rocm-7.2.2/projects/rocfft/library/src/device/../include/function_map_key.h:420:1: warning: void function is missing a return statement [-Wreturn-type]
}
^
/public/home/zhangkewei/zr/rocm-libraries-rocm-7.2.2/projects/rocfft/library/src/device/../include/function_map_key.h:463:5: warning: void function is missing a return statement [-Wreturn-type]
    }
    ^
In file included from /public/home/zhangkewei/zr/build/rocfft_build/library/src/device/function_pool_init_3.cpp:1:
/public/home/zhangkewei/zr/rocm-libraries-rocm-7.2.2/projects/rocfft/library/src/device/../include/function_pool.h:410:1: warning: void function is missing a return statement [-Wreturn-type]
}
^
/public/home/zhangkewei/zr/rocm-libraries-rocm-7.2.2/projects/rocfft/library/src/device/../include/function_pool.h:433:1: warning: void function is missing a return statement [-Wreturn-type]
}
^
/public/home/zhangkewei/zr/build/rocfft_build/library/src/device/function_pool_init_3.cpp:654:250: warning: void function is missing a return statement [-Wreturn-type]
insert_default_entry(PPFMKey(52, 64, 64, rocfft_precision_double, CS_3D_PP, pp_kernel_1.get_kernel_config(), pp_kernel_2.get_kernel_config()), pp_kernel_1, pp_kernel_2, std::get<1>(def_keys), std::get<1>(function_maps), 65536);/* generator.py:821 */}
                                                                                                                                                                                                                                                         ^
In file included from /public/home/zhangkewei/zr/build/rocfft_build/library/src/device/function_pool_init_3.cpp:1:
In file included from /public/home/zhangkewei/zr/rocm-libraries-rocm-7.2.2/projects/rocfft/library/src/device/../include/function_pool.h:29:
In file included from /public/home/zhangkewei/zr/rocm-libraries-rocm-7.2.2/projects/rocfft/library/src/device/../include/function_map_key.h:30:
/public/home/zhangkewei/zr/rocm-libraries-rocm-7.2.2/projects/rocfft/library/src/device/../include/data_descriptor.h:201:5: warning: void function is missing a return statement [-Wreturn-type]
    }
    ^
/public/home/zhangkewei/zr/rocm-libraries-rocm-7.2.2/projects/rocfft/library/src/device/../include/function_map_key.h:248:29: note: in instantiation of member function 'FieldParser<bool>::parse' requested here
        FieldParser<bool>().parse("use_3steps", ret.use_3steps_large_twd, current);
                            ^
In file included from /public/home/zhangkewei/zr/build/rocfft_build/library/src/device/function_pool_init_3.cpp:1:
In file included from /public/home/zhangkewei/zr/rocm-libraries-rocm-7.2.2/projects/rocfft/library/src/device/../include/function_pool.h:29:
In file included from /public/home/zhangkewei/zr/rocm-libraries-rocm-7.2.2/projects/rocfft/library/src/device/../include/function_map_key.h:30:
/public/home/zhangkewei/zr/rocm-libraries-rocm-7.2.2/projects/rocfft/library/src/device/../include/data_descriptor.h:201:5: warning: void function is missing a return statement [-Wreturn-type]
    }
    ^
/public/home/zhangkewei/zr/rocm-libraries-rocm-7.2.2/projects/rocfft/library/src/device/../include/function_map_key.h:252:31: note: in instantiation of member function 'FieldParser<unsigned long>::parse' requested here
        FieldParser<size_t>().parse("tpb", tpb, current);
                              ^
In file included from /public/home/zhangkewei/zr/build/rocfft_build/library/src/device/function_pool_init_3.cpp:1:
In file included from /public/home/zhangkewei/zr/rocm-libraries-rocm-7.2.2/projects/rocfft/library/src/device/../include/function_pool.h:29:
In file included from /public/home/zhangkewei/zr/rocm-libraries-rocm-7.2.2/projects/rocfft/library/src/device/../include/function_map_key.h:30:
/public/home/zhangkewei/zr/rocm-libraries-rocm-7.2.2/projects/rocfft/library/src/device/../include/data_descriptor.h:201:5: warning: void function is missing a return statement [-Wreturn-type]
    }
    ^
/public/home/zhangkewei/zr/rocm-libraries-rocm-7.2.2/projects/rocfft/library/src/device/../include/function_map_key.h:254:28: note: in instantiation of member function 'FieldParser<int>::parse' requested here
        FieldParser<int>().parse("wgs", ret.workgroup_size, current);
                           ^
In file included from /public/home/zhangkewei/zr/build/rocfft_build/library/src/device/function_pool_init_3.cpp:1:
In file included from /public/home/zhangkewei/zr/rocm-libraries-rocm-7.2.2/projects/rocfft/library/src/device/../include/function_pool.h:29:
In file included from /public/home/zhangkewei/zr/rocm-libraries-rocm-7.2.2/projects/rocfft/library/src/device/../include/function_map_key.h:30:
/public/home/zhangkewei/zr/rocm-libraries-rocm-7.2.2/projects/rocfft/library/src/device/../include/data_descriptor.h:217:5: warning: void function is missing a return statement [-Wreturn-type]
    }
    ^
/public/home/zhangkewei/zr/rocm-libraries-rocm-7.2.2/projects/rocfft/library/src/device/../include/function_map_key.h:255:34: note: in instantiation of member function 'VectorFieldParser<int>::parse' requested here
        VectorFieldParser<int>().parse("tpt", tpt, current);
                                 ^
In file included from /public/home/zhangkewei/zr/build/rocfft_build/library/src/device/function_pool_init_3.cpp:1:
In file included from /public/home/zhangkewei/zr/rocm-libraries-rocm-7.2.2/projects/rocfft/library/src/device/../include/function_pool.h:29:
In file included from /public/home/zhangkewei/zr/rocm-libraries-rocm-7.2.2/projects/rocfft/library/src/device/../include/function_map_key.h:30:
/public/home/zhangkewei/zr/rocm-libraries-rocm-7.2.2/projects/rocfft/library/src/device/../include/data_descriptor.h:188:5: warning: void function is missing a return statement [-Wreturn-type]
    }
    ^
/public/home/zhangkewei/zr/rocm-libraries-rocm-7.2.2/projects/rocfft/library/src/device/../include/data_descriptor.h:216:29: note: in instantiation of member function 'StringToVector<int>::Get' requested here
        StringToVector<T>().Get(vec, current);
                            ^
/public/home/zhangkewei/zr/rocm-libraries-rocm-7.2.2/projects/rocfft/library/src/device/../include/function_map_key.h:255:34: note: in instantiation of member function 'VectorFieldParser<int>::parse' requested here
        VectorFieldParser<int>().parse("tpt", tpt, current);
                                 ^
In file included from /public/home/zhangkewei/zr/build/rocfft_build/library/src/device/function_pool_init_3.cpp:1:
In file included from /public/home/zhangkewei/zr/rocm-libraries-rocm-7.2.2/projects/rocfft/library/src/device/../include/function_pool.h:29:
In file included from /public/home/zhangkewei/zr/rocm-libraries-rocm-7.2.2/projects/rocfft/library/src/device/../include/function_map_key.h:30:
/public/home/zhangkewei/zr/rocm-libraries-rocm-7.2.2/projects/rocfft/library/src/device/../include/data_descriptor.h:217:5: warning: void function is missing a return statement [-Wreturn-type]
    }
    ^
/public/home/zhangkewei/zr/rocm-libraries-rocm-7.2.2/projects/rocfft/library/src/device/../include/function_map_key.h:256:37: note: in instantiation of member function 'VectorFieldParser<unsigned long>::parse' requested here
        VectorFieldParser<size_t>().parse("factors", ret.factors, current);
                                    ^
In file included from /public/home/zhangkewei/zr/build/rocfft_build/library/src/device/function_pool_init_3.cpp:1:
In file included from /public/home/zhangkewei/zr/rocm-libraries-rocm-7.2.2/projects/rocfft/library/src/device/../include/function_pool.h:29:
In file included from /public/home/zhangkewei/zr/rocm-libraries-rocm-7.2.2/projects/rocfft/library/src/device/../include/function_map_key.h:30:
/public/home/zhangkewei/zr/rocm-libraries-rocm-7.2.2/projects/rocfft/library/src/device/../include/data_descriptor.h:188:5: warning: void function is missing a return statement [-Wreturn-type]
    }
    ^
/public/home/zhangkewei/zr/rocm-libraries-rocm-7.2.2/projects/rocfft/library/src/device/../include/data_descriptor.h:216:29: note: in instantiation of member function 'StringToVector<unsigned long>::Get' requested here
        StringToVector<T>().Get(vec, current);
                            ^
/public/home/zhangkewei/zr/rocm-libraries-rocm-7.2.2/projects/rocfft/library/src/device/../include/function_map_key.h:256:37: note: in instantiation of member function 'VectorFieldParser<unsigned long>::parse' requested here
        VectorFieldParser<size_t>().parse("factors", ret.factors, current);
                                    ^
In file included from /public/home/zhangkewei/zr/build/rocfft_build/library/src/device/function_pool_init_3.cpp:1:
In file included from /public/home/zhangkewei/zr/rocm-libraries-rocm-7.2.2/projects/rocfft/library/src/device/../include/function_pool.h:29:
In file included from /public/home/zhangkewei/zr/rocm-libraries-rocm-7.2.2/projects/rocfft/library/src/device/../include/function_map_key.h:30:
/public/home/zhangkewei/zr/rocm-libraries-rocm-7.2.2/projects/rocfft/library/src/device/../include/data_descriptor.h:201:5: warning: void function is missing a return statement [-Wreturn-type]
    }
    ^
/public/home/zhangkewei/zr/rocm-libraries-rocm-7.2.2/projects/rocfft/library/src/device/../include/function_map_key.h:269:40: note: in instantiation of member function 'FieldParser<std::basic_string<char>>::parse' requested here
            FieldParser<std::string>().parse("ebtype", ebTypeStr, current);
                                       ^
In file included from /public/home/zhangkewei/zr/build/rocfft_build/library/src/device/function_pool_init_3.cpp:1:
In file included from /public/home/zhangkewei/zr/rocm-libraries-rocm-7.2.2/projects/rocfft/library/src/device/../include/function_pool.h:29:
In file included from /public/home/zhangkewei/zr/rocm-libraries-rocm-7.2.2/projects/rocfft/library/src/device/../include/function_map_key.h:30:
/public/home/zhangkewei/zr/rocm-libraries-rocm-7.2.2/projects/rocfft/library/src/device/../include/data_descriptor.h:201:5: warning: void function is missing a return statement [-Wreturn-type]
    }
    ^
/public/home/zhangkewei/zr/rocm-libraries-rocm-7.2.2/projects/rocfft/library/src/device/../include/function_map_key.h:456:37: note: in instantiation of member function 'FieldParser<KernelConfig>::parse' requested here
        FieldParser<KernelConfig>().parse("kernelConfig", config, current);
                                    ^
19 warnings generated when compiling for host.
