In file included from /public/home/zhangkewei/zr/build/rocfft_build/library/src/device/function_pool_init_1.cpp:1:
In file included from /public/home/zhangkewei/zr/rocm-libraries-rocm-7.2.2/projects/rocfft/library/src/device/../include/function_pool.h:29:
In file included from /public/home/zhangkewei/zr/rocm-libraries-rocm-7.2.2/projects/rocfft/library/src/device/../include/function_map_key.h:30:
/public/home/zhangkewei/zr/rocm-libraries-rocm-7.2.2/projects/rocfft/library/src/device/../include/data_descriptor.h:145:5: warning: void function is missing a return statement [-Wreturn-type]
    }
    ^
/public/home/zhangkewei/zr/rocm-libraries-rocm-7.2.2/projects/rocfft/library/src/device/../include/data_descriptor.h:154:5: warning: void function is missing a return statement [-Wreturn-type]
    }
    ^
/public/home/zhangkewei/zr/rocm-libraries-rocm-7.2.2/projects/rocfft/library/src/device/../include/data_descriptor.h:163:5: warning: void function is missing a return statement [-Wreturn-type]
    }
    ^
/public/home/zhangkewei/zr/rocm-libraries-rocm-7.2.2/projects/rocfft/library/src/device/../include/data_descriptor.h:172:5: warning: void function is missing a return statement [-Wreturn-type]
    }
    ^
In file included from /public/home/zhangkewei/zr/build/rocfft_build/library/src/device/function_pool_init_1.cpp:1:
In file included from /public/home/zhangkewei/zr/rocm-libraries-rocm-7.2.2/projects/rocfft/library/src/device/../include/function_pool.h:29:
In file included from /public/home/zhangkewei/zr/rocm-libraries-rocm-7.2.2/projects/rocfft/library/src/device/../include/function_map_key.h:30:
/public/home/zhangkewei/zr/rocm-libraries-rocm-7.2.2/projects/rocfft/library/src/device/../include/data_descriptor.h:145:5: warning: void function is missing a return statement [-Wreturn-type]
    }
    ^
/public/home/zhangkewei/zr/rocm-libraries-rocm-7.2.2/projects/rocfft/library/src/device/../include/data_descriptor.h:154:5: warning: void function is missing a return statement [-Wreturn-type]
    }
    ^
/public/home/zhangkewei/zr/rocm-libraries-rocm-7.2.2/projects/rocfft/library/src/device/../include/data_descriptor.h:163:5: warning: void function is missing a return statement [-Wreturn-type]
    }
    ^
/public/home/zhangkewei/zr/rocm-libraries-rocm-7.2.2/projects/rocfft/library/src/device/../include/data_descriptor.h:172:5: warning: void function is missing a return statement [-Wreturn-type]
    }
    ^
In file included from /public/home/zhangkewei/zr/build/rocfft_build/library/src/device/function_pool_init_1.cpp:1:
In file included from /public/home/zhangkewei/zr/rocm-libraries-rocm-7.2.2/projects/rocfft/library/src/device/../include/function_pool.h:29:
In file included from /public/home/zhangkewei/zr/rocm-libraries-rocm-7.2.2/projects/rocfft/library/src/device/../include/function_map_key.h:30:
/public/home/zhangkewei/zr/rocm-libraries-rocm-7.2.2/projects/rocfft/library/src/device/../include/data_descriptor.h:145:5: warning: void function is missing a return statement [-Wreturn-type]
    }
    ^
/public/home/zhangkewei/zr/rocm-libraries-rocm-7.2.2/projects/rocfft/library/src/device/../include/data_descriptor.h:154:5: warning: void function is missing a return statement [-Wreturn-type]
    }
    ^
/public/home/zhangkewei/zr/rocm-libraries-rocm-7.2.2/projects/rocfft/library/src/device/../include/data_descriptor.h:163:5: warning: void function is missing a return statement [-Wreturn-type]
    }
    ^
/public/home/zhangkewei/zr/rocm-libraries-rocm-7.2.2/projects/rocfft/library/src/device/../include/data_descriptor.h:172:5: warning: void function is missing a return statement [-Wreturn-type]
    }
    ^
In file included from /public/home/zhangkewei/zr/build/rocfft_build/library/src/device/function_pool_init_1.cpp:1:
In file included from /public/home/zhangkewei/zr/rocm-libraries-rocm-7.2.2/projects/rocfft/library/src/device/../include/function_pool.h:29:
/public/home/zhangkewei/zr/rocm-libraries-rocm-7.2.2/projects/rocfft/library/src/device/../include/function_map_key.h:284:5: warning: void function is missing a return statement [-Wreturn-type]
    }
    ^
In file included from /public/home/zhangkewei/zr/build/rocfft_build/library/src/device/function_pool_init_1.cpp:1:
In file included from /public/home/zhangkewei/zr/rocm-libraries-rocm-7.2.2/projects/rocfft/library/src/device/../include/function_pool.h:29:
/public/home/zhangkewei/zr/rocm-libraries-rocm-7.2.2/projects/rocfft/library/src/device/../include/function_map_key.h:284:5: warning: void function is missing a return statement [-Wreturn-type]
    }
    ^
In file included from /public/home/zhangkewei/zr/build/rocfft_build/library/src/device/function_pool_init_1.cpp:1:
In file included from /public/home/zhangkewei/zr/rocm-libraries-rocm-7.2.2/projects/rocfft/library/src/device/../include/function_pool.h:29:
/public/home/zhangkewei/zr/rocm-libraries-rocm-7.2.2/projects/rocfft/library/src/device/../include/function_map_key.h:284:5: warning: void function is missing a return statement [-Wreturn-type]
    }
    ^
/public/home/zhangkewei/zr/rocm-libraries-rocm-7.2.2/projects/rocfft/library/src/device/../include/function_map_key.h:420:1: warning: void function is missing a return statement [-Wreturn-type]
}
^
/public/home/zhangkewei/zr/rocm-libraries-rocm-7.2.2/projects/rocfft/library/src/device/../include/function_map_key.h:420:1: warning: void function is missing a return statement [-Wreturn-type]
}
^
/public/home/zhangkewei/zr/rocm-libraries-rocm-7.2.2/projects/rocfft/library/src/device/../include/function_map_key.h:463:5: warning: void function is missing a return statement [-Wreturn-type]
    }
    ^
/public/home/zhangkewei/zr/rocm-libraries-rocm-7.2.2/projects/rocfft/library/src/device/../include/function_map_key.h:463:5: warning: void function is missing a return statement [-Wreturn-type]
    }
    ^
/public/home/zhangkewei/zr/rocm-libraries-rocm-7.2.2/projects/rocfft/library/src/device/../include/function_map_key.h:420:1: warning: void function is missing a return statement [-Wreturn-type]
}
^
/public/home/zhangkewei/zr/rocm-libraries-rocm-7.2.2/projects/rocfft/library/src/device/../include/function_map_key.h:463:5: warning: void function is missing a return statement [-Wreturn-type]
    }
    ^
In file included from /public/home/zhangkewei/zr/build/rocfft_build/library/src/device/function_pool_init_1.cpp:1:
/public/home/zhangkewei/zr/rocm-libraries-rocm-7.2.2/projects/rocfft/library/src/device/../include/function_pool.h:410:1: warning: void function is missing a return statement [-Wreturn-type]
}
^
In file included from /public/home/zhangkewei/zr/build/rocfft_build/library/src/device/function_pool_init_1.cpp:1:
/public/home/zhangkewei/zr/rocm-libraries-rocm-7.2.2/projects/rocfft/library/src/device/../include/function_pool.h:410:1: warning: void function is missing a return statement [-Wreturn-type]
}
^
/public/home/zhangkewei/zr/rocm-libraries-rocm-7.2.2/projects/rocfft/library/src/device/../include/function_pool.h:433:1: warning: void function is missing a return statement [-Wreturn-type]
}
^
/public/home/zhangkewei/zr/rocm-libraries-rocm-7.2.2/projects/rocfft/library/src/device/../include/function_pool.h:433:1: warning: void function is missing a return statement [-Wreturn-type]
}
^
In file included from /public/home/zhangkewei/zr/build/rocfft_build/library/src/device/function_pool_init_1.cpp:1:
/public/home/zhangkewei/zr/rocm-libraries-rocm-7.2.2/projects/rocfft/library/src/device/../include/function_pool.h:410:1: warning: void function is missing a return statement [-Wreturn-type]
}
^
/public/home/zhangkewei/zr/rocm-libraries-rocm-7.2.2/projects/rocfft/library/src/device/../include/function_pool.h:433:1: warning: void function is missing a return statement [-Wreturn-type]
}
^
/public/home/zhangkewei/zr/build/rocfft_build/library/src/device/function_pool_init_1.cpp:653:250: warning: void function is missing a return statement [-Wreturn-type]
insert_default_entry(PPFMKey(64, 64, 64, rocfft_precision_single, CS_3D_PP, pp_kernel_1.get_kernel_config(), pp_kernel_2.get_kernel_config()), pp_kernel_1, pp_kernel_2, std::get<1>(def_keys), std::get<1>(function_maps), 65536);/* generator.py:821 */}
                                                                                                                                                                                                                                                         ^
/public/home/zhangkewei/zr/build/rocfft_build/library/src/device/function_pool_init_1.cpp:653:250: warning: void function is missing a return statement [-Wreturn-type]
insert_default_entry(PPFMKey(64, 64, 64, rocfft_precision_single, CS_3D_PP, pp_kernel_1.get_kernel_config(), pp_kernel_2.get_kernel_config()), pp_kernel_1, pp_kernel_2, std::get<1>(def_keys), std::get<1>(function_maps), 65536);/* generator.py:821 */}
                                                                                                                                                                                                                                                         ^
/public/home/zhangkewei/zr/build/rocfft_build/library/src/device/function_pool_init_1.cpp:653:250: warning: void function is missing a return statement [-Wreturn-type]
insert_default_entry(PPFMKey(64, 64, 64, rocfft_precision_single, CS_3D_PP, pp_kernel_1.get_kernel_config(), pp_kernel_2.get_kernel_config()), pp_kernel_1, pp_kernel_2, std::get<1>(def_keys), std::get<1>(function_maps), 65536);/* generator.py:821 */}
                                                                                                                                                                                                                                                         ^
In file included from /public/home/zhangkewei/zr/build/rocfft_build/library/src/device/function_pool_init_1.cpp:1:
In file included from /public/home/zhangkewei/zr/rocm-libraries-rocm-7.2.2/projects/rocfft/library/src/device/../include/function_pool.h:29:
In file included from /public/home/zhangkewei/zr/rocm-libraries-rocm-7.2.2/projects/rocfft/library/src/device/../include/function_map_key.h:30:
/public/home/zhangkewei/zr/rocm-libraries-rocm-7.2.2/projects/rocfft/library/src/device/../include/data_descriptor.h:201:5: warning: void function is missing a return statement [-Wreturn-type]
    }
    ^
/public/home/zhangkewei/zr/rocm-libraries-rocm-7.2.2/projects/rocfft/library/src/device/../include/function_map_key.h:248:29: note: in instantiation of member function 'FieldParser<bool>::parse' requested here
        FieldParser<bool>().parse("use_3steps", ret.use_3steps_large_twd, current);
                            ^
In file included from /public/home/zhangkewei/zr/build/rocfft_build/library/src/device/function_pool_init_1.cpp:1:
In file included from /public/home/zhangkewei/zr/rocm-libraries-rocm-7.2.2/projects/rocfft/library/src/device/../include/function_pool.h:29:
In file included from /public/home/zhangkewei/zr/rocm-libraries-rocm-7.2.2/projects/rocfft/library/src/device/../include/function_map_key.h:30:
/public/home/zhangkewei/zr/rocm-libraries-rocm-7.2.2/projects/rocfft/library/src/device/../include/data_descriptor.h:201:5: warning: void function is missing a return statement [-Wreturn-type]
    }
    ^
/public/home/zhangkewei/zr/rocm-libraries-rocm-7.2.2/projects/rocfft/library/src/device/../include/function_map_key.h:248:29: note: in instantiation of member function 'FieldParser<bool>::parse' requested here
        FieldParser<bool>().parse("use_3steps", ret.use_3steps_large_twd, current);
                            ^
In file included from /public/home/zhangkewei/zr/build/rocfft_build/library/src/device/function_pool_init_1.cpp:1:
In file included from /public/home/zhangkewei/zr/rocm-libraries-rocm-7.2.2/projects/rocfft/library/src/device/../include/function_pool.h:29:
In file included from /public/home/zhangkewei/zr/rocm-libraries-rocm-7.2.2/projects/rocfft/library/src/device/../include/function_map_key.h:30:
/public/home/zhangkewei/zr/rocm-libraries-rocm-7.2.2/projects/rocfft/library/src/device/../include/data_descriptor.h:201:5: warning: void function is missing a return statement [-Wreturn-type]
    }
    ^
/public/home/zhangkewei/zr/rocm-libraries-rocm-7.2.2/projects/rocfft/library/src/device/../include/function_map_key.h:248:29: note: in instantiation of member function 'FieldParser<bool>::parse' requested here
        FieldParser<bool>().parse("use_3steps", ret.use_3steps_large_twd, current);
                            ^
In file included from /public/home/zhangkewei/zr/build/rocfft_build/library/src/device/function_pool_init_1.cpp:1:
In file included from /public/home/zhangkewei/zr/rocm-libraries-rocm-7.2.2/projects/rocfft/library/src/device/../include/function_pool.h:29:
In file included from /public/home/zhangkewei/zr/rocm-libraries-rocm-7.2.2/projects/rocfft/library/src/device/../include/function_map_key.h:30:
/public/home/zhangkewei/zr/rocm-libraries-rocm-7.2.2/projects/rocfft/library/src/device/../include/data_descriptor.h:201:5: warning: void function is missing a return statement [-Wreturn-type]
    }
    ^
/public/home/zhangkewei/zr/rocm-libraries-rocm-7.2.2/projects/rocfft/library/src/device/../include/function_map_key.h:252:31: note: in instantiation of member function 'FieldParser<unsigned long>::parse' requested here
        FieldParser<size_t>().parse("tpb", tpb, current);
                              ^
In file included from /public/home/zhangkewei/zr/build/rocfft_build/library/src/device/function_pool_init_1.cpp:1:
In file included from /public/home/zhangkewei/zr/rocm-libraries-rocm-7.2.2/projects/rocfft/library/src/device/../include/function_pool.h:29:
In file included from /public/home/zhangkewei/zr/rocm-libraries-rocm-7.2.2/projects/rocfft/library/src/device/../include/function_map_key.h:30:
/public/home/zhangkewei/zr/rocm-libraries-rocm-7.2.2/projects/rocfft/library/src/device/../include/data_descriptor.h:201:5: warning: void function is missing a return statement [-Wreturn-type]
    }
    ^
/public/home/zhangkewei/zr/rocm-libraries-rocm-7.2.2/projects/rocfft/library/src/device/../include/function_map_key.h:254:28: note: in instantiation of member function 'FieldParser<int>::parse' requested here
        FieldParser<int>().parse("wgs", ret.workgroup_size, current);
                           ^
In file included from /public/home/zhangkewei/zr/build/rocfft_build/library/src/device/function_pool_init_1.cpp:1:
In file included from /public/home/zhangkewei/zr/rocm-libraries-rocm-7.2.2/projects/rocfft/library/src/device/../include/function_pool.h:29:
In file included from /public/home/zhangkewei/zr/rocm-libraries-rocm-7.2.2/projects/rocfft/library/src/device/../include/function_map_key.h:30:
/public/home/zhangkewei/zr/rocm-libraries-rocm-7.2.2/projects/rocfft/library/src/device/../include/data_descriptor.h:217:5: warning: void function is missing a return statement [-Wreturn-type]
    }
    ^
/public/home/zhangkewei/zr/rocm-libraries-rocm-7.2.2/projects/rocfft/library/src/device/../include/function_map_key.h:255:34: note: in instantiation of member function 'VectorFieldParser<int>::parse' requested here
        VectorFieldParser<int>().parse("tpt", tpt, current);
                                 ^
In file included from /public/home/zhangkewei/zr/build/rocfft_build/library/src/device/function_pool_init_1.cpp:1:
In file included from /public/home/zhangkewei/zr/rocm-libraries-rocm-7.2.2/projects/rocfft/library/src/device/../include/function_pool.h:29:
In file included from /public/home/zhangkewei/zr/rocm-libraries-rocm-7.2.2/projects/rocfft/library/src/device/../include/function_map_key.h:30:
/public/home/zhangkewei/zr/rocm-libraries-rocm-7.2.2/projects/rocfft/library/src/device/../include/data_descriptor.h:188:5: warning: void function is missing a return statement [-Wreturn-type]
    }
    ^
/public/home/zhangkewei/zr/rocm-libraries-rocm-7.2.2/projects/rocfft/library/src/device/../include/data_descriptor.h:216:29: note: in instantiation of member function 'StringToVector<int>::Get' requested here
        StringToVector<T>().Get(vec, current);
                            ^
/public/home/zhangkewei/zr/rocm-libraries-rocm-7.2.2/projects/rocfft/library/src/device/../include/function_map_key.h:255:34: note: in instantiation of member function 'VectorFieldParser<int>::parse' requested here
        VectorFieldParser<int>().parse("tpt", tpt, current);
                                 ^
In file included from /public/home/zhangkewei/zr/build/rocfft_build/library/src/device/function_pool_init_1.cpp:1:
In file included from /public/home/zhangkewei/zr/rocm-libraries-rocm-7.2.2/projects/rocfft/library/src/device/../include/function_pool.h:29:
In file included from /public/home/zhangkewei/zr/rocm-libraries-rocm-7.2.2/projects/rocfft/library/src/device/../include/function_map_key.h:30:
/public/home/zhangkewei/zr/rocm-libraries-rocm-7.2.2/projects/rocfft/library/src/device/../include/data_descriptor.h:201:5: warning: void function is missing a return statement [-Wreturn-type]
    }
    ^
/public/home/zhangkewei/zr/rocm-libraries-rocm-7.2.2/projects/rocfft/library/src/device/../include/function_map_key.h:252:31: note: in instantiation of member function 'FieldParser<unsigned long>::parse' requested here
        FieldParser<size_t>().parse("tpb", tpb, current);
                              ^
In file included from /public/home/zhangkewei/zr/build/rocfft_build/library/src/device/function_pool_init_1.cpp:1:
In file included from /public/home/zhangkewei/zr/rocm-libraries-rocm-7.2.2/projects/rocfft/library/src/device/../include/function_pool.h:29:
In file included from /public/home/zhangkewei/zr/rocm-libraries-rocm-7.2.2/projects/rocfft/library/src/device/../include/function_map_key.h:30:
/public/home/zhangkewei/zr/rocm-libraries-rocm-7.2.2/projects/rocfft/library/src/device/../include/data_descriptor.h:201:5: warning: void function is missing a return statement [-Wreturn-type]
    }
    ^
/public/home/zhangkewei/zr/rocm-libraries-rocm-7.2.2/projects/rocfft/library/src/device/../include/function_map_key.h:254:28: note: in instantiation of member function 'FieldParser<int>::parse' requested here
        FieldParser<int>().parse("wgs", ret.workgroup_size, current);
                           ^
In file included from /public/home/zhangkewei/zr/build/rocfft_build/library/src/device/function_pool_init_1.cpp:1:
In file included from /public/home/zhangkewei/zr/rocm-libraries-rocm-7.2.2/projects/rocfft/library/src/device/../include/function_pool.h:29:
In file included from /public/home/zhangkewei/zr/rocm-libraries-rocm-7.2.2/projects/rocfft/library/src/device/../include/function_map_key.h:30:
/public/home/zhangkewei/zr/rocm-libraries-rocm-7.2.2/projects/rocfft/library/src/device/../include/data_descriptor.h:217:5: warning: void function is missing a return statement [-Wreturn-type]
    }
    ^
/public/home/zhangkewei/zr/rocm-libraries-rocm-7.2.2/projects/rocfft/library/src/device/../include/function_map_key.h:255:34: note: in instantiation of member function 'VectorFieldParser<int>::parse' requested here
        VectorFieldParser<int>().parse("tpt", tpt, current);
                                 ^
In file included from /public/home/zhangkewei/zr/build/rocfft_build/library/src/device/function_pool_init_1.cpp:1:
In file included from /public/home/zhangkewei/zr/rocm-libraries-rocm-7.2.2/projects/rocfft/library/src/device/../include/function_pool.h:29:
In file included from /public/home/zhangkewei/zr/rocm-libraries-rocm-7.2.2/projects/rocfft/library/src/device/../include/function_map_key.h:30:
/public/home/zhangkewei/zr/rocm-libraries-rocm-7.2.2/projects/rocfft/library/src/device/../include/data_descriptor.h:188:5: warning: void function is missing a return statement [-Wreturn-type]
    }
    ^
/public/home/zhangkewei/zr/rocm-libraries-rocm-7.2.2/projects/rocfft/library/src/device/../include/data_descriptor.h:216:29: note: in instantiation of member function 'StringToVector<int>::Get' requested here
        StringToVector<T>().Get(vec, current);
                            ^
/public/home/zhangkewei/zr/rocm-libraries-rocm-7.2.2/projects/rocfft/library/src/device/../include/function_map_key.h:255:34: note: in instantiation of member function 'VectorFieldParser<int>::parse' requested here
        VectorFieldParser<int>().parse("tpt", tpt, current);
                                 ^
In file included from /public/home/zhangkewei/zr/build/rocfft_build/library/src/device/function_pool_init_1.cpp:1:
In file included from /public/home/zhangkewei/zr/rocm-libraries-rocm-7.2.2/projects/rocfft/library/src/device/../include/function_pool.h:29:
In file included from /public/home/zhangkewei/zr/rocm-libraries-rocm-7.2.2/projects/rocfft/library/src/device/../include/function_map_key.h:30:
/public/home/zhangkewei/zr/rocm-libraries-rocm-7.2.2/projects/rocfft/library/src/device/../include/data_descriptor.h:217:5: warning: void function is missing a return statement [-Wreturn-type]
    }
    ^
/public/home/zhangkewei/zr/rocm-libraries-rocm-7.2.2/projects/rocfft/library/src/device/../include/function_map_key.h:256:37: note: in instantiation of member function 'VectorFieldParser<unsigned long>::parse' requested here
        VectorFieldParser<size_t>().parse("factors", ret.factors, current);
                                    ^
In file included from /public/home/zhangkewei/zr/build/rocfft_build/library/src/device/function_pool_init_1.cpp:1:
In file included from /public/home/zhangkewei/zr/rocm-libraries-rocm-7.2.2/projects/rocfft/library/src/device/../include/function_pool.h:29:
In file included from /public/home/zhangkewei/zr/rocm-libraries-rocm-7.2.2/projects/rocfft/library/src/device/../include/function_map_key.h:30:
/public/home/zhangkewei/zr/rocm-libraries-rocm-7.2.2/projects/rocfft/library/src/device/../include/data_descriptor.h:188:5: warning: void function is missing a return statement [-Wreturn-type]
    }
    ^
/public/home/zhangkewei/zr/rocm-libraries-rocm-7.2.2/projects/rocfft/library/src/device/../include/data_descriptor.h:216:29: note: in instantiation of member function 'StringToVector<unsigned long>::Get' requested here
        StringToVector<T>().Get(vec, current);
                            ^
/public/home/zhangkewei/zr/rocm-libraries-rocm-7.2.2/projects/rocfft/library/src/device/../include/function_map_key.h:256:37: note: in instantiation of member function 'VectorFieldParser<unsigned long>::parse' requested here
        VectorFieldParser<size_t>().parse("factors", ret.factors, current);
                                    ^
In file included from /public/home/zhangkewei/zr/build/rocfft_build/library/src/device/function_pool_init_1.cpp:1:
In file included from /public/home/zhangkewei/zr/rocm-libraries-rocm-7.2.2/projects/rocfft/library/src/device/../include/function_pool.h:29:
In file included from /public/home/zhangkewei/zr/rocm-libraries-rocm-7.2.2/projects/rocfft/library/src/device/../include/function_map_key.h:30:
/public/home/zhangkewei/zr/rocm-libraries-rocm-7.2.2/projects/rocfft/library/src/device/../include/data_descriptor.h:201:5: warning: void function is missing a return statement [-Wreturn-type]
    }
    ^
/public/home/zhangkewei/zr/rocm-libraries-rocm-7.2.2/projects/rocfft/library/src/device/../include/function_map_key.h:269:40: note: in instantiation of member function 'FieldParser<std::basic_string<char>>::parse' requested here
            FieldParser<std::string>().parse("ebtype", ebTypeStr, current);
                                       ^
In file included from /public/home/zhangkewei/zr/build/rocfft_build/library/src/device/function_pool_init_1.cpp:1:
In file included from /public/home/zhangkewei/zr/rocm-libraries-rocm-7.2.2/projects/rocfft/library/src/device/../include/function_pool.h:29:
In file included from /public/home/zhangkewei/zr/rocm-libraries-rocm-7.2.2/projects/rocfft/library/src/device/../include/function_map_key.h:30:
/public/home/zhangkewei/zr/rocm-libraries-rocm-7.2.2/projects/rocfft/library/src/device/../include/data_descriptor.h:217:5: warning: void function is missing a return statement [-Wreturn-type]
    }
    ^
/public/home/zhangkewei/zr/rocm-libraries-rocm-7.2.2/projects/rocfft/library/src/device/../include/function_map_key.h:256:37: note: in instantiation of member function 'VectorFieldParser<unsigned long>::parse' requested here
        VectorFieldParser<size_t>().parse("factors", ret.factors, current);
                                    ^
In file included from /public/home/zhangkewei/zr/build/rocfft_build/library/src/device/function_pool_init_1.cpp:1:
In file included from /public/home/zhangkewei/zr/rocm-libraries-rocm-7.2.2/projects/rocfft/library/src/device/../include/function_pool.h:29:
In file included from /public/home/zhangkewei/zr/rocm-libraries-rocm-7.2.2/projects/rocfft/library/src/device/../include/function_map_key.h:30:
/public/home/zhangkewei/zr/rocm-libraries-rocm-7.2.2/projects/rocfft/library/src/device/../include/data_descriptor.h:188:5: warning: void function is missing a return statement [-Wreturn-type]
    }
    ^
/public/home/zhangkewei/zr/rocm-libraries-rocm-7.2.2/projects/rocfft/library/src/device/../include/data_descriptor.h:216:29: note: in instantiation of member function 'StringToVector<unsigned long>::Get' requested here
        StringToVector<T>().Get(vec, current);
                            ^
/public/home/zhangkewei/zr/rocm-libraries-rocm-7.2.2/projects/rocfft/library/src/device/../include/function_map_key.h:256:37: note: in instantiation of member function 'VectorFieldParser<unsigned long>::parse' requested here
        VectorFieldParser<size_t>().parse("factors", ret.factors, current);
                                    ^
In file included from /public/home/zhangkewei/zr/build/rocfft_build/library/src/device/function_pool_init_1.cpp:1:
In file included from /public/home/zhangkewei/zr/rocm-libraries-rocm-7.2.2/projects/rocfft/library/src/device/../include/function_pool.h:29:
In file included from /public/home/zhangkewei/zr/rocm-libraries-rocm-7.2.2/projects/rocfft/library/src/device/../include/function_map_key.h:30:
/public/home/zhangkewei/zr/rocm-libraries-rocm-7.2.2/projects/rocfft/library/src/device/../include/data_descriptor.h:201:5: warning: void function is missing a return statement [-Wreturn-type]
    }
    ^
/public/home/zhangkewei/zr/rocm-libraries-rocm-7.2.2/projects/rocfft/library/src/device/../include/function_map_key.h:269:40: note: in instantiation of member function 'FieldParser<std::basic_string<char>>::parse' requested here
            FieldParser<std::string>().parse("ebtype", ebTypeStr, current);
                                       ^
In file included from /public/home/zhangkewei/zr/build/rocfft_build/library/src/device/function_pool_init_1.cpp:1:
In file included from /public/home/zhangkewei/zr/rocm-libraries-rocm-7.2.2/projects/rocfft/library/src/device/../include/function_pool.h:29:
In file included from /public/home/zhangkewei/zr/rocm-libraries-rocm-7.2.2/projects/rocfft/library/src/device/../include/function_map_key.h:30:
/public/home/zhangkewei/zr/rocm-libraries-rocm-7.2.2/projects/rocfft/library/src/device/../include/data_descriptor.h:201:5: warning: void function is missing a return statement [-Wreturn-type]
    }
    ^
/public/home/zhangkewei/zr/rocm-libraries-rocm-7.2.2/projects/rocfft/library/src/device/../include/function_map_key.h:456:37: note: in instantiation of member function 'FieldParser<KernelConfig>::parse' requested here
        FieldParser<KernelConfig>().parse("kernelConfig", config, current);
                                    ^
In file included from /public/home/zhangkewei/zr/build/rocfft_build/library/src/device/function_pool_init_1.cpp:1:
In file included from /public/home/zhangkewei/zr/rocm-libraries-rocm-7.2.2/projects/rocfft/library/src/device/../include/function_pool.h:29:
In file included from /public/home/zhangkewei/zr/rocm-libraries-rocm-7.2.2/projects/rocfft/library/src/device/../include/function_map_key.h:30:
/public/home/zhangkewei/zr/rocm-libraries-rocm-7.2.2/projects/rocfft/library/src/device/../include/data_descriptor.h:201:5: warning: void function is missing a return statement [-Wreturn-type]
    }
    ^
/public/home/zhangkewei/zr/rocm-libraries-rocm-7.2.2/projects/rocfft/library/src/device/../include/function_map_key.h:456:37: note: in instantiation of member function 'FieldParser<KernelConfig>::parse' requested here
        FieldParser<KernelConfig>().parse("kernelConfig", config, current);
                                    ^
In file included from /public/home/zhangkewei/zr/build/rocfft_build/library/src/device/function_pool_init_1.cpp:1:
In file included from /public/home/zhangkewei/zr/rocm-libraries-rocm-7.2.2/projects/rocfft/library/src/device/../include/function_pool.h:29:
In file included from /public/home/zhangkewei/zr/rocm-libraries-rocm-7.2.2/projects/rocfft/library/src/device/../include/function_map_key.h:30:
/public/home/zhangkewei/zr/rocm-libraries-rocm-7.2.2/projects/rocfft/library/src/device/../include/data_descriptor.h:201:5: warning: void function is missing a return statement [-Wreturn-type]
    }
    ^
/public/home/zhangkewei/zr/rocm-libraries-rocm-7.2.2/projects/rocfft/library/src/device/../include/function_map_key.h:252:31: note: in instantiation of member function 'FieldParser<unsigned long>::parse' requested here
        FieldParser<size_t>().parse("tpb", tpb, current);
                              ^
In file included from /public/home/zhangkewei/zr/build/rocfft_build/library/src/device/function_pool_init_1.cpp:1:
In file included from /public/home/zhangkewei/zr/rocm-libraries-rocm-7.2.2/projects/rocfft/library/src/device/../include/function_pool.h:29:
In file included from /public/home/zhangkewei/zr/rocm-libraries-rocm-7.2.2/projects/rocfft/library/src/device/../include/function_map_key.h:30:
/public/home/zhangkewei/zr/rocm-libraries-rocm-7.2.2/projects/rocfft/library/src/device/../include/data_descriptor.h:201:5: warning: void function is missing a return statement [-Wreturn-type]
    }
    ^
/public/home/zhangkewei/zr/rocm-libraries-rocm-7.2.2/projects/rocfft/library/src/device/../include/function_map_key.h:254:28: note: in instantiation of member function 'FieldParser<int>::parse' requested here
        FieldParser<int>().parse("wgs", ret.workgroup_size, current);
                           ^
In file included from /public/home/zhangkewei/zr/build/rocfft_build/library/src/device/function_pool_init_1.cpp:1:
In file included from /public/home/zhangkewei/zr/rocm-libraries-rocm-7.2.2/projects/rocfft/library/src/device/../include/function_pool.h:29:
In file included from /public/home/zhangkewei/zr/rocm-libraries-rocm-7.2.2/projects/rocfft/library/src/device/../include/function_map_key.h:30:
/public/home/zhangkewei/zr/rocm-libraries-rocm-7.2.2/projects/rocfft/library/src/device/../include/data_descriptor.h:217:5: warning: void function is missing a return statement [-Wreturn-type]
    }
    ^
/public/home/zhangkewei/zr/rocm-libraries-rocm-7.2.2/projects/rocfft/library/src/device/../include/function_map_key.h:255:34: note: in instantiation of member function 'VectorFieldParser<int>::parse' requested here
        VectorFieldParser<int>().parse("tpt", tpt, current);
                                 ^
In file included from /public/home/zhangkewei/zr/build/rocfft_build/library/src/device/function_pool_init_1.cpp:1:
In file included from /public/home/zhangkewei/zr/rocm-libraries-rocm-7.2.2/projects/rocfft/library/src/device/../include/function_pool.h:29:
In file included from /public/home/zhangkewei/zr/rocm-libraries-rocm-7.2.2/projects/rocfft/library/src/device/../include/function_map_key.h:30:
/public/home/zhangkewei/zr/rocm-libraries-rocm-7.2.2/projects/rocfft/library/src/device/../include/data_descriptor.h:188:5: warning: void function is missing a return statement [-Wreturn-type]
    }
    ^
/public/home/zhangkewei/zr/rocm-libraries-rocm-7.2.2/projects/rocfft/library/src/device/../include/data_descriptor.h:216:29: note: in instantiation of member function 'StringToVector<int>::Get' requested here
        StringToVector<T>().Get(vec, current);
                            ^
/public/home/zhangkewei/zr/rocm-libraries-rocm-7.2.2/projects/rocfft/library/src/device/../include/function_map_key.h:255:34: note: in instantiation of member function 'VectorFieldParser<int>::parse' requested here
        VectorFieldParser<int>().parse("tpt", tpt, current);
                                 ^
In file included from /public/home/zhangkewei/zr/build/rocfft_build/library/src/device/function_pool_init_1.cpp:1:
In file included from /public/home/zhangkewei/zr/rocm-libraries-rocm-7.2.2/projects/rocfft/library/src/device/../include/function_pool.h:29:
In file included from /public/home/zhangkewei/zr/rocm-libraries-rocm-7.2.2/projects/rocfft/library/src/device/../include/function_map_key.h:30:
/public/home/zhangkewei/zr/rocm-libraries-rocm-7.2.2/projects/rocfft/library/src/device/../include/data_descriptor.h:217:5: warning: void function is missing a return statement [-Wreturn-type]
    }
    ^
/public/home/zhangkewei/zr/rocm-libraries-rocm-7.2.2/projects/rocfft/library/src/device/../include/function_map_key.h:256:37: note: in instantiation of member function 'VectorFieldParser<unsigned long>::parse' requested here
        VectorFieldParser<size_t>().parse("factors", ret.factors, current);
                                    ^
In file included from /public/home/zhangkewei/zr/build/rocfft_build/library/src/device/function_pool_init_1.cpp:1:
In file included from /public/home/zhangkewei/zr/rocm-libraries-rocm-7.2.2/projects/rocfft/library/src/device/../include/function_pool.h:29:
In file included from /public/home/zhangkewei/zr/rocm-libraries-rocm-7.2.2/projects/rocfft/library/src/device/../include/function_map_key.h:30:
/public/home/zhangkewei/zr/rocm-libraries-rocm-7.2.2/projects/rocfft/library/src/device/../include/data_descriptor.h:188:5: warning: void function is missing a return statement [-Wreturn-type]
    }
    ^
/public/home/zhangkewei/zr/rocm-libraries-rocm-7.2.2/projects/rocfft/library/src/device/../include/data_descriptor.h:216:29: note: in instantiation of member function 'StringToVector<unsigned long>::Get' requested here
        StringToVector<T>().Get(vec, current);
                            ^
/public/home/zhangkewei/zr/rocm-libraries-rocm-7.2.2/projects/rocfft/library/src/device/../include/function_map_key.h:256:37: note: in instantiation of member function 'VectorFieldParser<unsigned long>::parse' requested here
        VectorFieldParser<size_t>().parse("factors", ret.factors, current);
                                    ^
In file included from /public/home/zhangkewei/zr/build/rocfft_build/library/src/device/function_pool_init_1.cpp:1:
In file included from /public/home/zhangkewei/zr/rocm-libraries-rocm-7.2.2/projects/rocfft/library/src/device/../include/function_pool.h:29:
In file included from /public/home/zhangkewei/zr/rocm-libraries-rocm-7.2.2/projects/rocfft/library/src/device/../include/function_map_key.h:30:
/public/home/zhangkewei/zr/rocm-libraries-rocm-7.2.2/projects/rocfft/library/src/device/../include/data_descriptor.h:201:5: warning: void function is missing a return statement [-Wreturn-type]
    }
    ^
/public/home/zhangkewei/zr/rocm-libraries-rocm-7.2.2/projects/rocfft/library/src/device/../include/function_map_key.h:269:40: note: in instantiation of member function 'FieldParser<std::basic_string<char>>::parse' requested here
            FieldParser<std::string>().parse("ebtype", ebTypeStr, current);
                                       ^
In file included from /public/home/zhangkewei/zr/build/rocfft_build/library/src/device/function_pool_init_1.cpp:1:
In file included from /public/home/zhangkewei/zr/rocm-libraries-rocm-7.2.2/projects/rocfft/library/src/device/../include/function_pool.h:29:
In file included from /public/home/zhangkewei/zr/rocm-libraries-rocm-7.2.2/projects/rocfft/library/src/device/../include/function_map_key.h:30:
/public/home/zhangkewei/zr/rocm-libraries-rocm-7.2.2/projects/rocfft/library/src/device/../include/data_descriptor.h:201:5: warning: void function is missing a return statement [-Wreturn-type]
    }
    ^
/public/home/zhangkewei/zr/rocm-libraries-rocm-7.2.2/projects/rocfft/library/src/device/../include/function_map_key.h:456:37: note: in instantiation of member function 'FieldParser<KernelConfig>::parse' requested here
        FieldParser<KernelConfig>().parse("kernelConfig", config, current);
                                    ^
19 warnings generated when compiling for gfx928.
19 warnings generated when compiling for gfx926.
19 warnings generated when compiling for gfx906.
In file included from /public/home/zhangkewei/zr/build/rocfft_build/library/src/device/function_pool_init_1.cpp:1:
In file included from /public/home/zhangkewei/zr/rocm-libraries-rocm-7.2.2/projects/rocfft/library/src/device/../include/function_pool.h:29:
In file included from /public/home/zhangkewei/zr/rocm-libraries-rocm-7.2.2/projects/rocfft/library/src/device/../include/function_map_key.h:30:
/public/home/zhangkewei/zr/rocm-libraries-rocm-7.2.2/projects/rocfft/library/src/device/../include/data_descriptor.h:145:5: warning: void function is missing a return statement [-Wreturn-type]
    }
    ^
/public/home/zhangkewei/zr/rocm-libraries-rocm-7.2.2/projects/rocfft/library/src/device/../include/data_descriptor.h:154:5: warning: void function is missing a return statement [-Wreturn-type]
    }
    ^
/public/home/zhangkewei/zr/rocm-libraries-rocm-7.2.2/projects/rocfft/library/src/device/../include/data_descriptor.h:163:5: warning: void function is missing a return statement [-Wreturn-type]
    }
    ^
/public/home/zhangkewei/zr/rocm-libraries-rocm-7.2.2/projects/rocfft/library/src/device/../include/data_descriptor.h:172:5: warning: void function is missing a return statement [-Wreturn-type]
    }
    ^
In file included from /public/home/zhangkewei/zr/build/rocfft_build/library/src/device/function_pool_init_1.cpp:1:
In file included from /public/home/zhangkewei/zr/rocm-libraries-rocm-7.2.2/projects/rocfft/library/src/device/../include/function_pool.h:29:
/public/home/zhangkewei/zr/rocm-libraries-rocm-7.2.2/projects/rocfft/library/src/device/../include/function_map_key.h:284:5: warning: void function is missing a return statement [-Wreturn-type]
    }
    ^
/public/home/zhangkewei/zr/rocm-libraries-rocm-7.2.2/projects/rocfft/library/src/device/../include/function_map_key.h:420:1: warning: void function is missing a return statement [-Wreturn-type]
}
^
/public/home/zhangkewei/zr/rocm-libraries-rocm-7.2.2/projects/rocfft/library/src/device/../include/function_map_key.h:463:5: warning: void function is missing a return statement [-Wreturn-type]
    }
    ^
In file included from /public/home/zhangkewei/zr/build/rocfft_build/library/src/device/function_pool_init_1.cpp:1:
/public/home/zhangkewei/zr/rocm-libraries-rocm-7.2.2/projects/rocfft/library/src/device/../include/function_pool.h:410:1: warning: void function is missing a return statement [-Wreturn-type]
}
^
/public/home/zhangkewei/zr/rocm-libraries-rocm-7.2.2/projects/rocfft/library/src/device/../include/function_pool.h:433:1: warning: void function is missing a return statement [-Wreturn-type]
}
^
/public/home/zhangkewei/zr/build/rocfft_build/library/src/device/function_pool_init_1.cpp:653:250: warning: void function is missing a return statement [-Wreturn-type]
insert_default_entry(PPFMKey(64, 64, 64, rocfft_precision_single, CS_3D_PP, pp_kernel_1.get_kernel_config(), pp_kernel_2.get_kernel_config()), pp_kernel_1, pp_kernel_2, std::get<1>(def_keys), std::get<1>(function_maps), 65536);/* generator.py:821 */}
                                                                                                                                                                                                                                                         ^
In file included from /public/home/zhangkewei/zr/build/rocfft_build/library/src/device/function_pool_init_1.cpp:1:
In file included from /public/home/zhangkewei/zr/rocm-libraries-rocm-7.2.2/projects/rocfft/library/src/device/../include/function_pool.h:29:
In file included from /public/home/zhangkewei/zr/rocm-libraries-rocm-7.2.2/projects/rocfft/library/src/device/../include/function_map_key.h:30:
/public/home/zhangkewei/zr/rocm-libraries-rocm-7.2.2/projects/rocfft/library/src/device/../include/data_descriptor.h:201:5: warning: void function is missing a return statement [-Wreturn-type]
    }
    ^
/public/home/zhangkewei/zr/rocm-libraries-rocm-7.2.2/projects/rocfft/library/src/device/../include/function_map_key.h:248:29: note: in instantiation of member function 'FieldParser<bool>::parse' requested here
        FieldParser<bool>().parse("use_3steps", ret.use_3steps_large_twd, current);
                            ^
In file included from /public/home/zhangkewei/zr/build/rocfft_build/library/src/device/function_pool_init_1.cpp:1:
In file included from /public/home/zhangkewei/zr/rocm-libraries-rocm-7.2.2/projects/rocfft/library/src/device/../include/function_pool.h:29:
In file included from /public/home/zhangkewei/zr/rocm-libraries-rocm-7.2.2/projects/rocfft/library/src/device/../include/function_map_key.h:30:
/public/home/zhangkewei/zr/rocm-libraries-rocm-7.2.2/projects/rocfft/library/src/device/../include/data_descriptor.h:201:5: warning: void function is missing a return statement [-Wreturn-type]
    }
    ^
/public/home/zhangkewei/zr/rocm-libraries-rocm-7.2.2/projects/rocfft/library/src/device/../include/function_map_key.h:252:31: note: in instantiation of member function 'FieldParser<unsigned long>::parse' requested here
        FieldParser<size_t>().parse("tpb", tpb, current);
                              ^
In file included from /public/home/zhangkewei/zr/build/rocfft_build/library/src/device/function_pool_init_1.cpp:1:
In file included from /public/home/zhangkewei/zr/rocm-libraries-rocm-7.2.2/projects/rocfft/library/src/device/../include/function_pool.h:29:
In file included from /public/home/zhangkewei/zr/rocm-libraries-rocm-7.2.2/projects/rocfft/library/src/device/../include/function_map_key.h:30:
/public/home/zhangkewei/zr/rocm-libraries-rocm-7.2.2/projects/rocfft/library/src/device/../include/data_descriptor.h:201:5: warning: void function is missing a return statement [-Wreturn-type]
    }
    ^
/public/home/zhangkewei/zr/rocm-libraries-rocm-7.2.2/projects/rocfft/library/src/device/../include/function_map_key.h:254:28: note: in instantiation of member function 'FieldParser<int>::parse' requested here
        FieldParser<int>().parse("wgs", ret.workgroup_size, current);
                           ^
In file included from /public/home/zhangkewei/zr/build/rocfft_build/library/src/device/function_pool_init_1.cpp:1:
In file included from /public/home/zhangkewei/zr/rocm-libraries-rocm-7.2.2/projects/rocfft/library/src/device/../include/function_pool.h:29:
In file included from /public/home/zhangkewei/zr/rocm-libraries-rocm-7.2.2/projects/rocfft/library/src/device/../include/function_map_key.h:30:
/public/home/zhangkewei/zr/rocm-libraries-rocm-7.2.2/projects/rocfft/library/src/device/../include/data_descriptor.h:217:5: warning: void function is missing a return statement [-Wreturn-type]
    }
    ^
/public/home/zhangkewei/zr/rocm-libraries-rocm-7.2.2/projects/rocfft/library/src/device/../include/function_map_key.h:255:34: note: in instantiation of member function 'VectorFieldParser<int>::parse' requested here
        VectorFieldParser<int>().parse("tpt", tpt, current);
                                 ^
In file included from /public/home/zhangkewei/zr/build/rocfft_build/library/src/device/function_pool_init_1.cpp:1:
In file included from /public/home/zhangkewei/zr/rocm-libraries-rocm-7.2.2/projects/rocfft/library/src/device/../include/function_pool.h:29:
In file included from /public/home/zhangkewei/zr/rocm-libraries-rocm-7.2.2/projects/rocfft/library/src/device/../include/function_map_key.h:30:
/public/home/zhangkewei/zr/rocm-libraries-rocm-7.2.2/projects/rocfft/library/src/device/../include/data_descriptor.h:188:5: warning: void function is missing a return statement [-Wreturn-type]
    }
    ^
/public/home/zhangkewei/zr/rocm-libraries-rocm-7.2.2/projects/rocfft/library/src/device/../include/data_descriptor.h:216:29: note: in instantiation of member function 'StringToVector<int>::Get' requested here
        StringToVector<T>().Get(vec, current);
                            ^
/public/home/zhangkewei/zr/rocm-libraries-rocm-7.2.2/projects/rocfft/library/src/device/../include/function_map_key.h:255:34: note: in instantiation of member function 'VectorFieldParser<int>::parse' requested here
        VectorFieldParser<int>().parse("tpt", tpt, current);
                                 ^
In file included from /public/home/zhangkewei/zr/build/rocfft_build/library/src/device/function_pool_init_1.cpp:1:
In file included from /public/home/zhangkewei/zr/rocm-libraries-rocm-7.2.2/projects/rocfft/library/src/device/../include/function_pool.h:29:
In file included from /public/home/zhangkewei/zr/rocm-libraries-rocm-7.2.2/projects/rocfft/library/src/device/../include/function_map_key.h:30:
/public/home/zhangkewei/zr/rocm-libraries-rocm-7.2.2/projects/rocfft/library/src/device/../include/data_descriptor.h:217:5: warning: void function is missing a return statement [-Wreturn-type]
    }
    ^
/public/home/zhangkewei/zr/rocm-libraries-rocm-7.2.2/projects/rocfft/library/src/device/../include/function_map_key.h:256:37: note: in instantiation of member function 'VectorFieldParser<unsigned long>::parse' requested here
        VectorFieldParser<size_t>().parse("factors", ret.factors, current);
                                    ^
In file included from /public/home/zhangkewei/zr/build/rocfft_build/library/src/device/function_pool_init_1.cpp:1:
In file included from /public/home/zhangkewei/zr/rocm-libraries-rocm-7.2.2/projects/rocfft/library/src/device/../include/function_pool.h:29:
In file included from /public/home/zhangkewei/zr/rocm-libraries-rocm-7.2.2/projects/rocfft/library/src/device/../include/function_map_key.h:30:
/public/home/zhangkewei/zr/rocm-libraries-rocm-7.2.2/projects/rocfft/library/src/device/../include/data_descriptor.h:188:5: warning: void function is missing a return statement [-Wreturn-type]
    }
    ^
/public/home/zhangkewei/zr/rocm-libraries-rocm-7.2.2/projects/rocfft/library/src/device/../include/data_descriptor.h:216:29: note: in instantiation of member function 'StringToVector<unsigned long>::Get' requested here
        StringToVector<T>().Get(vec, current);
                            ^
/public/home/zhangkewei/zr/rocm-libraries-rocm-7.2.2/projects/rocfft/library/src/device/../include/function_map_key.h:256:37: note: in instantiation of member function 'VectorFieldParser<unsigned long>::parse' requested here
        VectorFieldParser<size_t>().parse("factors", ret.factors, current);
                                    ^
In file included from /public/home/zhangkewei/zr/build/rocfft_build/library/src/device/function_pool_init_1.cpp:1:
In file included from /public/home/zhangkewei/zr/rocm-libraries-rocm-7.2.2/projects/rocfft/library/src/device/../include/function_pool.h:29:
In file included from /public/home/zhangkewei/zr/rocm-libraries-rocm-7.2.2/projects/rocfft/library/src/device/../include/function_map_key.h:30:
/public/home/zhangkewei/zr/rocm-libraries-rocm-7.2.2/projects/rocfft/library/src/device/../include/data_descriptor.h:201:5: warning: void function is missing a return statement [-Wreturn-type]
    }
    ^
/public/home/zhangkewei/zr/rocm-libraries-rocm-7.2.2/projects/rocfft/library/src/device/../include/function_map_key.h:269:40: note: in instantiation of member function 'FieldParser<std::basic_string<char>>::parse' requested here
            FieldParser<std::string>().parse("ebtype", ebTypeStr, current);
                                       ^
In file included from /public/home/zhangkewei/zr/build/rocfft_build/library/src/device/function_pool_init_1.cpp:1:
In file included from /public/home/zhangkewei/zr/rocm-libraries-rocm-7.2.2/projects/rocfft/library/src/device/../include/function_pool.h:29:
In file included from /public/home/zhangkewei/zr/rocm-libraries-rocm-7.2.2/projects/rocfft/library/src/device/../include/function_map_key.h:30:
/public/home/zhangkewei/zr/rocm-libraries-rocm-7.2.2/projects/rocfft/library/src/device/../include/data_descriptor.h:201:5: warning: void function is missing a return statement [-Wreturn-type]
    }
    ^
/public/home/zhangkewei/zr/rocm-libraries-rocm-7.2.2/projects/rocfft/library/src/device/../include/function_map_key.h:456:37: note: in instantiation of member function 'FieldParser<KernelConfig>::parse' requested here
        FieldParser<KernelConfig>().parse("kernelConfig", config, current);
                                    ^
19 warnings generated when compiling for gfx936.
In file included from /public/home/zhangkewei/zr/build/rocfft_build/library/src/device/function_pool_init_1.cpp:1:
In file included from /public/home/zhangkewei/zr/rocm-libraries-rocm-7.2.2/projects/rocfft/library/src/device/../include/function_pool.h:29:
In file included from /public/home/zhangkewei/zr/rocm-libraries-rocm-7.2.2/projects/rocfft/library/src/device/../include/function_map_key.h:30:
/public/home/zhangkewei/zr/rocm-libraries-rocm-7.2.2/projects/rocfft/library/src/device/../include/data_descriptor.h:145:5: warning: void function is missing a return statement [-Wreturn-type]
    }
    ^
/public/home/zhangkewei/zr/rocm-libraries-rocm-7.2.2/projects/rocfft/library/src/device/../include/data_descriptor.h:154:5: warning: void function is missing a return statement [-Wreturn-type]
    }
    ^
/public/home/zhangkewei/zr/rocm-libraries-rocm-7.2.2/projects/rocfft/library/src/device/../include/data_descriptor.h:163:5: warning: void function is missing a return statement [-Wreturn-type]
    }
    ^
/public/home/zhangkewei/zr/rocm-libraries-rocm-7.2.2/projects/rocfft/library/src/device/../include/data_descriptor.h:172:5: warning: void function is missing a return statement [-Wreturn-type]
    }
    ^
In file included from /public/home/zhangkewei/zr/build/rocfft_build/library/src/device/function_pool_init_1.cpp:1:
In file included from /public/home/zhangkewei/zr/rocm-libraries-rocm-7.2.2/projects/rocfft/library/src/device/../include/function_pool.h:29:
/public/home/zhangkewei/zr/rocm-libraries-rocm-7.2.2/projects/rocfft/library/src/device/../include/function_map_key.h:284:5: warning: void function is missing a return statement [-Wreturn-type]
    }
    ^
/public/home/zhangkewei/zr/rocm-libraries-rocm-7.2.2/projects/rocfft/library/src/device/../include/function_map_key.h:420:1: warning: void function is missing a return statement [-Wreturn-type]
}
^
/public/home/zhangkewei/zr/rocm-libraries-rocm-7.2.2/projects/rocfft/library/src/device/../include/function_map_key.h:463:5: warning: void function is missing a return statement [-Wreturn-type]
    }
    ^
In file included from /public/home/zhangkewei/zr/build/rocfft_build/library/src/device/function_pool_init_1.cpp:1:
/public/home/zhangkewei/zr/rocm-libraries-rocm-7.2.2/projects/rocfft/library/src/device/../include/function_pool.h:410:1: warning: void function is missing a return statement [-Wreturn-type]
}
^
/public/home/zhangkewei/zr/rocm-libraries-rocm-7.2.2/projects/rocfft/library/src/device/../include/function_pool.h:433:1: warning: void function is missing a return statement [-Wreturn-type]
}
^
/public/home/zhangkewei/zr/build/rocfft_build/library/src/device/function_pool_init_1.cpp:653:250: warning: void function is missing a return statement [-Wreturn-type]
insert_default_entry(PPFMKey(64, 64, 64, rocfft_precision_single, CS_3D_PP, pp_kernel_1.get_kernel_config(), pp_kernel_2.get_kernel_config()), pp_kernel_1, pp_kernel_2, std::get<1>(def_keys), std::get<1>(function_maps), 65536);/* generator.py:821 */}
                                                                                                                                                                                                                                                         ^
In file included from /public/home/zhangkewei/zr/build/rocfft_build/library/src/device/function_pool_init_1.cpp:1:
In file included from /public/home/zhangkewei/zr/rocm-libraries-rocm-7.2.2/projects/rocfft/library/src/device/../include/function_pool.h:29:
In file included from /public/home/zhangkewei/zr/rocm-libraries-rocm-7.2.2/projects/rocfft/library/src/device/../include/function_map_key.h:30:
/public/home/zhangkewei/zr/rocm-libraries-rocm-7.2.2/projects/rocfft/library/src/device/../include/data_descriptor.h:201:5: warning: void function is missing a return statement [-Wreturn-type]
    }
    ^
/public/home/zhangkewei/zr/rocm-libraries-rocm-7.2.2/projects/rocfft/library/src/device/../include/function_map_key.h:248:29: note: in instantiation of member function 'FieldParser<bool>::parse' requested here
        FieldParser<bool>().parse("use_3steps", ret.use_3steps_large_twd, current);
                            ^
In file included from /public/home/zhangkewei/zr/build/rocfft_build/library/src/device/function_pool_init_1.cpp:1:
In file included from /public/home/zhangkewei/zr/rocm-libraries-rocm-7.2.2/projects/rocfft/library/src/device/../include/function_pool.h:29:
In file included from /public/home/zhangkewei/zr/rocm-libraries-rocm-7.2.2/projects/rocfft/library/src/device/../include/function_map_key.h:30:
/public/home/zhangkewei/zr/rocm-libraries-rocm-7.2.2/projects/rocfft/library/src/device/../include/data_descriptor.h:201:5: warning: void function is missing a return statement [-Wreturn-type]
    }
    ^
/public/home/zhangkewei/zr/rocm-libraries-rocm-7.2.2/projects/rocfft/library/src/device/../include/function_map_key.h:252:31: note: in instantiation of member function 'FieldParser<unsigned long>::parse' requested here
        FieldParser<size_t>().parse("tpb", tpb, current);
                              ^
In file included from /public/home/zhangkewei/zr/build/rocfft_build/library/src/device/function_pool_init_1.cpp:1:
In file included from /public/home/zhangkewei/zr/rocm-libraries-rocm-7.2.2/projects/rocfft/library/src/device/../include/function_pool.h:29:
In file included from /public/home/zhangkewei/zr/rocm-libraries-rocm-7.2.2/projects/rocfft/library/src/device/../include/function_map_key.h:30:
/public/home/zhangkewei/zr/rocm-libraries-rocm-7.2.2/projects/rocfft/library/src/device/../include/data_descriptor.h:201:5: warning: void function is missing a return statement [-Wreturn-type]
    }
    ^
/public/home/zhangkewei/zr/rocm-libraries-rocm-7.2.2/projects/rocfft/library/src/device/../include/function_map_key.h:254:28: note: in instantiation of member function 'FieldParser<int>::parse' requested here
        FieldParser<int>().parse("wgs", ret.workgroup_size, current);
                           ^
In file included from /public/home/zhangkewei/zr/build/rocfft_build/library/src/device/function_pool_init_1.cpp:1:
In file included from /public/home/zhangkewei/zr/rocm-libraries-rocm-7.2.2/projects/rocfft/library/src/device/../include/function_pool.h:29:
In file included from /public/home/zhangkewei/zr/rocm-libraries-rocm-7.2.2/projects/rocfft/library/src/device/../include/function_map_key.h:30:
/public/home/zhangkewei/zr/rocm-libraries-rocm-7.2.2/projects/rocfft/library/src/device/../include/data_descriptor.h:217:5: warning: void function is missing a return statement [-Wreturn-type]
    }
    ^
/public/home/zhangkewei/zr/rocm-libraries-rocm-7.2.2/projects/rocfft/library/src/device/../include/function_map_key.h:255:34: note: in instantiation of member function 'VectorFieldParser<int>::parse' requested here
        VectorFieldParser<int>().parse("tpt", tpt, current);
                                 ^
In file included from /public/home/zhangkewei/zr/build/rocfft_build/library/src/device/function_pool_init_1.cpp:1:
In file included from /public/home/zhangkewei/zr/rocm-libraries-rocm-7.2.2/projects/rocfft/library/src/device/../include/function_pool.h:29:
In file included from /public/home/zhangkewei/zr/rocm-libraries-rocm-7.2.2/projects/rocfft/library/src/device/../include/function_map_key.h:30:
/public/home/zhangkewei/zr/rocm-libraries-rocm-7.2.2/projects/rocfft/library/src/device/../include/data_descriptor.h:188:5: warning: void function is missing a return statement [-Wreturn-type]
    }
    ^
/public/home/zhangkewei/zr/rocm-libraries-rocm-7.2.2/projects/rocfft/library/src/device/../include/data_descriptor.h:216:29: note: in instantiation of member function 'StringToVector<int>::Get' requested here
        StringToVector<T>().Get(vec, current);
                            ^
/public/home/zhangkewei/zr/rocm-libraries-rocm-7.2.2/projects/rocfft/library/src/device/../include/function_map_key.h:255:34: note: in instantiation of member function 'VectorFieldParser<int>::parse' requested here
        VectorFieldParser<int>().parse("tpt", tpt, current);
                                 ^
In file included from /public/home/zhangkewei/zr/build/rocfft_build/library/src/device/function_pool_init_1.cpp:1:
In file included from /public/home/zhangkewei/zr/rocm-libraries-rocm-7.2.2/projects/rocfft/library/src/device/../include/function_pool.h:29:
In file included from /public/home/zhangkewei/zr/rocm-libraries-rocm-7.2.2/projects/rocfft/library/src/device/../include/function_map_key.h:30:
/public/home/zhangkewei/zr/rocm-libraries-rocm-7.2.2/projects/rocfft/library/src/device/../include/data_descriptor.h:217:5: warning: void function is missing a return statement [-Wreturn-type]
    }
    ^
/public/home/zhangkewei/zr/rocm-libraries-rocm-7.2.2/projects/rocfft/library/src/device/../include/function_map_key.h:256:37: note: in instantiation of member function 'VectorFieldParser<unsigned long>::parse' requested here
        VectorFieldParser<size_t>().parse("factors", ret.factors, current);
                                    ^
In file included from /public/home/zhangkewei/zr/build/rocfft_build/library/src/device/function_pool_init_1.cpp:1:
In file included from /public/home/zhangkewei/zr/rocm-libraries-rocm-7.2.2/projects/rocfft/library/src/device/../include/function_pool.h:29:
In file included from /public/home/zhangkewei/zr/rocm-libraries-rocm-7.2.2/projects/rocfft/library/src/device/../include/function_map_key.h:30:
/public/home/zhangkewei/zr/rocm-libraries-rocm-7.2.2/projects/rocfft/library/src/device/../include/data_descriptor.h:188:5: warning: void function is missing a return statement [-Wreturn-type]
    }
    ^
/public/home/zhangkewei/zr/rocm-libraries-rocm-7.2.2/projects/rocfft/library/src/device/../include/data_descriptor.h:216:29: note: in instantiation of member function 'StringToVector<unsigned long>::Get' requested here
        StringToVector<T>().Get(vec, current);
                            ^
/public/home/zhangkewei/zr/rocm-libraries-rocm-7.2.2/projects/rocfft/library/src/device/../include/function_map_key.h:256:37: note: in instantiation of member function 'VectorFieldParser<unsigned long>::parse' requested here
        VectorFieldParser<size_t>().parse("factors", ret.factors, current);
                                    ^
In file included from /public/home/zhangkewei/zr/build/rocfft_build/library/src/device/function_pool_init_1.cpp:1:
In file included from /public/home/zhangkewei/zr/rocm-libraries-rocm-7.2.2/projects/rocfft/library/src/device/../include/function_pool.h:29:
In file included from /public/home/zhangkewei/zr/rocm-libraries-rocm-7.2.2/projects/rocfft/library/src/device/../include/function_map_key.h:30:
/public/home/zhangkewei/zr/rocm-libraries-rocm-7.2.2/projects/rocfft/library/src/device/../include/data_descriptor.h:201:5: warning: void function is missing a return statement [-Wreturn-type]
    }
    ^
/public/home/zhangkewei/zr/rocm-libraries-rocm-7.2.2/projects/rocfft/library/src/device/../include/function_map_key.h:269:40: note: in instantiation of member function 'FieldParser<std::basic_string<char>>::parse' requested here
            FieldParser<std::string>().parse("ebtype", ebTypeStr, current);
                                       ^
In file included from /public/home/zhangkewei/zr/build/rocfft_build/library/src/device/function_pool_init_1.cpp:1:
In file included from /public/home/zhangkewei/zr/rocm-libraries-rocm-7.2.2/projects/rocfft/library/src/device/../include/function_pool.h:29:
In file included from /public/home/zhangkewei/zr/rocm-libraries-rocm-7.2.2/projects/rocfft/library/src/device/../include/function_map_key.h:30:
/public/home/zhangkewei/zr/rocm-libraries-rocm-7.2.2/projects/rocfft/library/src/device/../include/data_descriptor.h:201:5: warning: void function is missing a return statement [-Wreturn-type]
    }
    ^
/public/home/zhangkewei/zr/rocm-libraries-rocm-7.2.2/projects/rocfft/library/src/device/../include/function_map_key.h:456:37: note: in instantiation of member function 'FieldParser<KernelConfig>::parse' requested here
        FieldParser<KernelConfig>().parse("kernelConfig", config, current);
                                    ^
19 warnings generated when compiling for host.
In file included from /public/home/zhangkewei/zr/build/rocfft_build/library/src/device/function_pool_init_2.cpp:1:
In file included from /public/home/zhangkewei/zr/rocm-libraries-rocm-7.2.2/projects/rocfft/library/src/device/../include/function_pool.h:29:
In file included from /public/home/zhangkewei/zr/rocm-libraries-rocm-7.2.2/projects/rocfft/library/src/device/../include/function_map_key.h:30:
/public/home/zhangkewei/zr/rocm-libraries-rocm-7.2.2/projects/rocfft/library/src/device/../include/data_descriptor.h:145:5: warning: void function is missing a return statement [-Wreturn-type]
    }
    ^
/public/home/zhangkewei/zr/rocm-libraries-rocm-7.2.2/projects/rocfft/library/src/device/../include/data_descriptor.h:154:5: warning: void function is missing a return statement [-Wreturn-type]
    }
    ^
/public/home/zhangkewei/zr/rocm-libraries-rocm-7.2.2/projects/rocfft/library/src/device/../include/data_descriptor.h:163:5: warning: void function is missing a return statement [-Wreturn-type]
    }
    ^
In file included from /public/home/zhangkewei/zr/build/rocfft_build/library/src/device/function_pool_init_2.cpp:1:
In file included from /public/home/zhangkewei/zr/rocm-libraries-rocm-7.2.2/projects/rocfft/library/src/device/../include/function_pool.h:29:
In file included from /public/home/zhangkewei/zr/rocm-libraries-rocm-7.2.2/projects/rocfft/library/src/device/../include/function_map_key.h:30:
/public/home/zhangkewei/zr/rocm-libraries-rocm-7.2.2/projects/rocfft/library/src/device/../include/data_descriptor.h:145:5: warning: void function is missing a return statement [-Wreturn-type]
    }
    ^
/public/home/zhangkewei/zr/rocm-libraries-rocm-7.2.2/projects/rocfft/library/src/device/../include/data_descriptor.h:154:5: warning: void function is missing a return statement [-Wreturn-type]
    }
    ^
/public/home/zhangkewei/zr/rocm-libraries-rocm-7.2.2/projects/rocfft/library/src/device/../include/data_descriptor.h:163:5: warning: void function is missing a return statement [-Wreturn-type]
    }
    ^
/public/home/zhangkewei/zr/rocm-libraries-rocm-7.2.2/projects/rocfft/library/src/device/../include/data_descriptor.h:172:5: warning: void function is missing a return statement [-Wreturn-type]
    }
    ^
/public/home/zhangkewei/zr/rocm-libraries-rocm-7.2.2/projects/rocfft/library/src/device/../include/data_descriptor.h:172:5: warning: void function is missing a return statement [-Wreturn-type]
    }
    ^
In file included from /public/home/zhangkewei/zr/build/rocfft_build/library/src/device/function_pool_init_2.cpp:1:
In file included from /public/home/zhangkewei/zr/rocm-libraries-rocm-7.2.2/projects/rocfft/library/src/device/../include/function_pool.h:29:
In file included from /public/home/zhangkewei/zr/rocm-libraries-rocm-7.2.2/projects/rocfft/library/src/device/../include/function_map_key.h:30:
/public/home/zhangkewei/zr/rocm-libraries-rocm-7.2.2/projects/rocfft/library/src/device/../include/data_descriptor.h:145:5: warning: void function is missing a return statement [-Wreturn-type]
    }
    ^
/public/home/zhangkewei/zr/rocm-libraries-rocm-7.2.2/projects/rocfft/library/src/device/../include/data_descriptor.h:154:5: warning: void function is missing a return statement [-Wreturn-type]
    }
    ^
/public/home/zhangkewei/zr/rocm-libraries-rocm-7.2.2/projects/rocfft/library/src/device/../include/data_descriptor.h:163:5: warning: void function is missing a return statement [-Wreturn-type]
    }
    ^
/public/home/zhangkewei/zr/rocm-libraries-rocm-7.2.2/projects/rocfft/library/src/device/../include/data_descriptor.h:172:5: warning: void function is missing a return statement [-Wreturn-type]
    }
    ^
In file included from /public/home/zhangkewei/zr/build/rocfft_build/library/src/device/function_pool_init_2.cpp:1:
In file included from /public/home/zhangkewei/zr/rocm-libraries-rocm-7.2.2/projects/rocfft/library/src/device/../include/function_pool.h:29:
/public/home/zhangkewei/zr/rocm-libraries-rocm-7.2.2/projects/rocfft/library/src/device/../include/function_map_key.h:284:5: warning: void function is missing a return statement [-Wreturn-type]
    }
    ^
In file included from /public/home/zhangkewei/zr/build/rocfft_build/library/src/device/function_pool_init_2.cpp:1:
In file included from /public/home/zhangkewei/zr/rocm-libraries-rocm-7.2.2/projects/rocfft/library/src/device/../include/function_pool.h:29:
/public/home/zhangkewei/zr/rocm-libraries-rocm-7.2.2/projects/rocfft/library/src/device/../include/function_map_key.h:284:5: warning: void function is missing a return statement [-Wreturn-type]
    }
    ^
In file included from /public/home/zhangkewei/zr/build/rocfft_build/library/src/device/function_pool_init_2.cpp:1:
In file included from /public/home/zhangkewei/zr/rocm-libraries-rocm-7.2.2/projects/rocfft/library/src/device/../include/function_pool.h:29:
/public/home/zhangkewei/zr/rocm-libraries-rocm-7.2.2/projects/rocfft/library/src/device/../include/function_map_key.h:284:5: warning: void function is missing a return statement [-Wreturn-type]
    }
    ^
/public/home/zhangkewei/zr/rocm-libraries-rocm-7.2.2/projects/rocfft/library/src/device/../include/function_map_key.h:420:1: warning: void function is missing a return statement [-Wreturn-type]
}
^
/public/home/zhangkewei/zr/rocm-libraries-rocm-7.2.2/projects/rocfft/library/src/device/../include/function_map_key.h:420:1: warning: void function is missing a return statement [-Wreturn-type]
}
^
/public/home/zhangkewei/zr/rocm-libraries-rocm-7.2.2/projects/rocfft/library/src/device/../include/function_map_key.h:463:5: warning: void function is missing a return statement [-Wreturn-type]
    }
    ^
/public/home/zhangkewei/zr/rocm-libraries-rocm-7.2.2/projects/rocfft/library/src/device/../include/function_map_key.h:463:5: warning: void function is missing a return statement [-Wreturn-type]
    }
    ^
/public/home/zhangkewei/zr/rocm-libraries-rocm-7.2.2/projects/rocfft/library/src/device/../include/function_map_key.h:420:1: warning: void function is missing a return statement [-Wreturn-type]
}
^
/public/home/zhangkewei/zr/rocm-libraries-rocm-7.2.2/projects/rocfft/library/src/device/../include/function_map_key.h:463:5: warning: void function is missing a return statement [-Wreturn-type]
    }
    ^
In file included from /public/home/zhangkewei/zr/build/rocfft_build/library/src/device/function_pool_init_2.cpp:1:
/public/home/zhangkewei/zr/rocm-libraries-rocm-7.2.2/projects/rocfft/library/src/device/../include/function_pool.h:410:1: warning: void function is missing a return statement [-Wreturn-type]
}
^
In file included from /public/home/zhangkewei/zr/build/rocfft_build/library/src/device/function_pool_init_2.cpp:1:
/public/home/zhangkewei/zr/rocm-libraries-rocm-7.2.2/projects/rocfft/library/src/device/../include/function_pool.h:410:1: warning: void function is missing a return statement [-Wreturn-type]
}
^
/public/home/zhangkewei/zr/rocm-libraries-rocm-7.2.2/projects/rocfft/library/src/device/../include/function_pool.h:433:1: warning: void function is missing a return statement [-Wreturn-type]
}
^
/public/home/zhangkewei/zr/rocm-libraries-rocm-7.2.2/projects/rocfft/library/src/device/../include/function_pool.h:433:1: warning: void function is missing a return statement [-Wreturn-type]
}
^
In file included from /public/home/zhangkewei/zr/build/rocfft_build/library/src/device/function_pool_init_2.cpp:1:
/public/home/zhangkewei/zr/rocm-libraries-rocm-7.2.2/projects/rocfft/library/src/device/../include/function_pool.h:410:1: warning: void function is missing a return statement [-Wreturn-type]
}
^
/public/home/zhangkewei/zr/rocm-libraries-rocm-7.2.2/projects/rocfft/library/src/device/../include/function_pool.h:433:1: warning: void function is missing a return statement [-Wreturn-type]
}
^
/public/home/zhangkewei/zr/build/rocfft_build/library/src/device/function_pool_init_2.cpp:654:248: warning: void function is missing a return statement [-Wreturn-type]
insert_default_entry(PPFMKey(64, 64, 64, rocfft_precision_half, CS_3D_PP, pp_kernel_1.get_kernel_config(), pp_kernel_2.get_kernel_config()), pp_kernel_1, pp_kernel_2, std::get<1>(def_keys), std::get<1>(function_maps), 65536);/* generator.py:821 */}
                                                                                                                                                                                                                                                       ^
/public/home/zhangkewei/zr/build/rocfft_build/library/src/device/function_pool_init_2.cpp:654:248: warning: void function is missing a return statement [-Wreturn-type]
insert_default_entry(PPFMKey(64, 64, 64, rocfft_precision_half, CS_3D_PP, pp_kernel_1.get_kernel_config(), pp_kernel_2.get_kernel_config()), pp_kernel_1, pp_kernel_2, std::get<1>(def_keys), std::get<1>(function_maps), 65536);/* generator.py:821 */}
                                                                                                                                                                                                                                                       ^
/public/home/zhangkewei/zr/build/rocfft_build/library/src/device/function_pool_init_2.cpp:654:248: warning: void function is missing a return statement [-Wreturn-type]
insert_default_entry(PPFMKey(64, 64, 64, rocfft_precision_half, CS_3D_PP, pp_kernel_1.get_kernel_config(), pp_kernel_2.get_kernel_config()), pp_kernel_1, pp_kernel_2, std::get<1>(def_keys), std::get<1>(function_maps), 65536);/* generator.py:821 */}
                                                                                                                                                                                                                                                       ^
In file included from /public/home/zhangkewei/zr/build/rocfft_build/library/src/device/function_pool_init_2.cpp:1:
In file included from /public/home/zhangkewei/zr/rocm-libraries-rocm-7.2.2/projects/rocfft/library/src/device/../include/function_pool.h:29:
In file included from /public/home/zhangkewei/zr/rocm-libraries-rocm-7.2.2/projects/rocfft/library/src/device/../include/function_map_key.h:30:
/public/home/zhangkewei/zr/rocm-libraries-rocm-7.2.2/projects/rocfft/library/src/device/../include/data_descriptor.h:201:5: warning: void function is missing a return statement [-Wreturn-type]
    }
    ^
/public/home/zhangkewei/zr/rocm-libraries-rocm-7.2.2/projects/rocfft/library/src/device/../include/function_map_key.h:248:29: note: in instantiation of member function 'FieldParser<bool>::parse' requested here
        FieldParser<bool>().parse("use_3steps", ret.use_3steps_large_twd, current);
                            ^
In file included from /public/home/zhangkewei/zr/build/rocfft_build/library/src/device/function_pool_init_2.cpp:1:
In file included from /public/home/zhangkewei/zr/rocm-libraries-rocm-7.2.2/projects/rocfft/library/src/device/../include/function_pool.h:29:
In file included from /public/home/zhangkewei/zr/rocm-libraries-rocm-7.2.2/projects/rocfft/library/src/device/../include/function_map_key.h:30:
/public/home/zhangkewei/zr/rocm-libraries-rocm-7.2.2/projects/rocfft/library/src/device/../include/data_descriptor.h:201:5: warning: void function is missing a return statement [-Wreturn-type]
    }
    ^
/public/home/zhangkewei/zr/rocm-libraries-rocm-7.2.2/projects/rocfft/library/src/device/../include/function_map_key.h:248:29: note: in instantiation of member function 'FieldParser<bool>::parse' requested here
        FieldParser<bool>().parse("use_3steps", ret.use_3steps_large_twd, current);
                            ^
In file included from /public/home/zhangkewei/zr/build/rocfft_build/library/src/device/function_pool_init_2.cpp:1:
In file included from /public/home/zhangkewei/zr/rocm-libraries-rocm-7.2.2/projects/rocfft/library/src/device/../include/function_pool.h:29:
In file included from /public/home/zhangkewei/zr/rocm-libraries-rocm-7.2.2/projects/rocfft/library/src/device/../include/function_map_key.h:30:
/public/home/zhangkewei/zr/rocm-libraries-rocm-7.2.2/projects/rocfft/library/src/device/../include/data_descriptor.h:201:5: warning: void function is missing a return statement [-Wreturn-type]
    }
    ^
/public/home/zhangkewei/zr/rocm-libraries-rocm-7.2.2/projects/rocfft/library/src/device/../include/function_map_key.h:248:29: note: in instantiation of member function 'FieldParser<bool>::parse' requested here
        FieldParser<bool>().parse("use_3steps", ret.use_3steps_large_twd, current);
                            ^
In file included from /public/home/zhangkewei/zr/build/rocfft_build/library/src/device/function_pool_init_2.cpp:1:
In file included from /public/home/zhangkewei/zr/rocm-libraries-rocm-7.2.2/projects/rocfft/library/src/device/../include/function_pool.h:29:
In file included from /public/home/zhangkewei/zr/rocm-libraries-rocm-7.2.2/projects/rocfft/library/src/device/../include/function_map_key.h:30:
/public/home/zhangkewei/zr/rocm-libraries-rocm-7.2.2/projects/rocfft/library/src/device/../include/data_descriptor.h:201:5: warning: void function is missing a return statement [-Wreturn-type]
    }
    ^
/public/home/zhangkewei/zr/rocm-libraries-rocm-7.2.2/projects/rocfft/library/src/device/../include/function_map_key.h:252:31: note: in instantiation of member function 'FieldParser<unsigned long>::parse' requested here
        FieldParser<size_t>().parse("tpb", tpb, current);
                              ^
In file included from /public/home/zhangkewei/zr/build/rocfft_build/library/src/device/function_pool_init_2.cpp:1:
In file included from /public/home/zhangkewei/zr/rocm-libraries-rocm-7.2.2/projects/rocfft/library/src/device/../include/function_pool.h:29:
In file included from /public/home/zhangkewei/zr/rocm-libraries-rocm-7.2.2/projects/rocfft/library/src/device/../include/function_map_key.h:30:
/public/home/zhangkewei/zr/rocm-libraries-rocm-7.2.2/projects/rocfft/library/src/device/../include/data_descriptor.h:201:5: warning: void function is missing a return statement [-Wreturn-type]
    }
    ^
/public/home/zhangkewei/zr/rocm-libraries-rocm-7.2.2/projects/rocfft/library/src/device/../include/function_map_key.h:254:28: note: in instantiation of member function 'FieldParser<int>::parse' requested here
        FieldParser<int>().parse("wgs", ret.workgroup_size, current);
                           ^
In file included from /public/home/zhangkewei/zr/build/rocfft_build/library/src/device/function_pool_init_2.cpp:1:
In file included from /public/home/zhangkewei/zr/rocm-libraries-rocm-7.2.2/projects/rocfft/library/src/device/../include/function_pool.h:29:
In file included from /public/home/zhangkewei/zr/rocm-libraries-rocm-7.2.2/projects/rocfft/library/src/device/../include/function_map_key.h:30:
/public/home/zhangkewei/zr/rocm-libraries-rocm-7.2.2/projects/rocfft/library/src/device/../include/data_descriptor.h:201:5: warning: void function is missing a return statement [-Wreturn-type]
    }
    ^
/public/home/zhangkewei/zr/rocm-libraries-rocm-7.2.2/projects/rocfft/library/src/device/../include/function_map_key.h:252:31: note: in instantiation of member function 'FieldParser<unsigned long>::parse' requested here
        FieldParser<size_t>().parse("tpb", tpb, current);
                              ^
In file included from /public/home/zhangkewei/zr/build/rocfft_build/library/src/device/function_pool_init_2.cpp:1:
In file included from /public/home/zhangkewei/zr/rocm-libraries-rocm-7.2.2/projects/rocfft/library/src/device/../include/function_pool.h:29:
In file included from /public/home/zhangkewei/zr/rocm-libraries-rocm-7.2.2/projects/rocfft/library/src/device/../include/function_map_key.h:30:
/public/home/zhangkewei/zr/rocm-libraries-rocm-7.2.2/projects/rocfft/library/src/device/../include/data_descriptor.h:201:5: warning: void function is missing a return statement [-Wreturn-type]
    }
    ^
/public/home/zhangkewei/zr/rocm-libraries-rocm-7.2.2/projects/rocfft/library/src/device/../include/function_map_key.h:254:28: note: in instantiation of member function 'FieldParser<int>::parse' requested here
        FieldParser<int>().parse("wgs", ret.workgroup_size, current);
                           ^
In file included from /public/home/zhangkewei/zr/build/rocfft_build/library/src/device/function_pool_init_2.cpp:1:
In file included from /public/home/zhangkewei/zr/rocm-libraries-rocm-7.2.2/projects/rocfft/library/src/device/../include/function_pool.h:29:
In file included from /public/home/zhangkewei/zr/rocm-libraries-rocm-7.2.2/projects/rocfft/library/src/device/../include/function_map_key.h:30:
/public/home/zhangkewei/zr/rocm-libraries-rocm-7.2.2/projects/rocfft/library/src/device/../include/data_descriptor.h:217:5: warning: void function is missing a return statement [-Wreturn-type]
    }
    ^
/public/home/zhangkewei/zr/rocm-libraries-rocm-7.2.2/projects/rocfft/library/src/device/../include/function_map_key.h:255:34: note: in instantiation of member function 'VectorFieldParser<int>::parse' requested here
        VectorFieldParser<int>().parse("tpt", tpt, current);
                                 ^
In file included from /public/home/zhangkewei/zr/build/rocfft_build/library/src/device/function_pool_init_2.cpp:1:
In file included from /public/home/zhangkewei/zr/rocm-libraries-rocm-7.2.2/projects/rocfft/library/src/device/../include/function_pool.h:29:
In file included from /public/home/zhangkewei/zr/rocm-libraries-rocm-7.2.2/projects/rocfft/library/src/device/../include/function_map_key.h:30:
/public/home/zhangkewei/zr/rocm-libraries-rocm-7.2.2/projects/rocfft/library/src/device/../include/data_descriptor.h:217:5: warning: void function is missing a return statement [-Wreturn-type]
    }
    ^
/public/home/zhangkewei/zr/rocm-libraries-rocm-7.2.2/projects/rocfft/library/src/device/../include/function_map_key.h:255:34: note: in instantiation of member function 'VectorFieldParser<int>::parse' requested here
        VectorFieldParser<int>().parse("tpt", tpt, current);
                                 ^
In file included from /public/home/zhangkewei/zr/build/rocfft_build/library/src/device/function_pool_init_2.cpp:1:
In file included from /public/home/zhangkewei/zr/rocm-libraries-rocm-7.2.2/projects/rocfft/library/src/device/../include/function_pool.h:29:
In file included from /public/home/zhangkewei/zr/rocm-libraries-rocm-7.2.2/projects/rocfft/library/src/device/../include/function_map_key.h:30:
/public/home/zhangkewei/zr/rocm-libraries-rocm-7.2.2/projects/rocfft/library/src/device/../include/data_descriptor.h:188:5: warning: void function is missing a return statement [-Wreturn-type]
    }
    ^
/public/home/zhangkewei/zr/rocm-libraries-rocm-7.2.2/projects/rocfft/library/src/device/../include/data_descriptor.h:216:29: note: in instantiation of member function 'StringToVector<int>::Get' requested here
        StringToVector<T>().Get(vec, current);
                            ^
/public/home/zhangkewei/zr/rocm-libraries-rocm-7.2.2/projects/rocfft/library/src/device/../include/function_map_key.h:255:34: note: in instantiation of member function 'VectorFieldParser<int>::parse' requested here
        VectorFieldParser<int>().parse("tpt", tpt, current);
                                 ^
In file included from /public/home/zhangkewei/zr/build/rocfft_build/library/src/device/function_pool_init_2.cpp:1:
In file included from /public/home/zhangkewei/zr/rocm-libraries-rocm-7.2.2/projects/rocfft/library/src/device/../include/function_pool.h:29:
In file included from /public/home/zhangkewei/zr/rocm-libraries-rocm-7.2.2/projects/rocfft/library/src/device/../include/function_map_key.h:30:
/public/home/zhangkewei/zr/rocm-libraries-rocm-7.2.2/projects/rocfft/library/src/device/../include/data_descriptor.h:188:5: warning: void function is missing a return statement [-Wreturn-type]
    }
    ^
/public/home/zhangkewei/zr/rocm-libraries-rocm-7.2.2/projects/rocfft/library/src/device/../include/data_descriptor.h:216:29: note: in instantiation of member function 'StringToVector<int>::Get' requested here
        StringToVector<T>().Get(vec, current);
                            ^
/public/home/zhangkewei/zr/rocm-libraries-rocm-7.2.2/projects/rocfft/library/src/device/../include/function_map_key.h:255:34: note: in instantiation of member function 'VectorFieldParser<int>::parse' requested here
        VectorFieldParser<int>().parse("tpt", tpt, current);
                                 ^
In file included from /public/home/zhangkewei/zr/build/rocfft_build/library/src/device/function_pool_init_2.cpp:1:
In file included from /public/home/zhangkewei/zr/rocm-libraries-rocm-7.2.2/projects/rocfft/library/src/device/../include/function_pool.h:29:
In file included from /public/home/zhangkewei/zr/rocm-libraries-rocm-7.2.2/projects/rocfft/library/src/device/../include/function_map_key.h:30:
/public/home/zhangkewei/zr/rocm-libraries-rocm-7.2.2/projects/rocfft/library/src/device/../include/data_descriptor.h:217:5: warning: void function is missing a return statement [-Wreturn-type]
    }
    ^
/public/home/zhangkewei/zr/rocm-libraries-rocm-7.2.2/projects/rocfft/library/src/device/../include/function_map_key.h:256:37: note: in instantiation of member function 'VectorFieldParser<unsigned long>::parse' requested here
        VectorFieldParser<size_t>().parse("factors", ret.factors, current);
                                    ^
In file included from /public/home/zhangkewei/zr/build/rocfft_build/library/src/device/function_pool_init_2.cpp:1:
In file included from /public/home/zhangkewei/zr/rocm-libraries-rocm-7.2.2/projects/rocfft/library/src/device/../include/function_pool.h:29:
In file included from /public/home/zhangkewei/zr/rocm-libraries-rocm-7.2.2/projects/rocfft/library/src/device/../include/function_map_key.h:30:
/public/home/zhangkewei/zr/rocm-libraries-rocm-7.2.2/projects/rocfft/library/src/device/../include/data_descriptor.h:217:5: warning: void function is missing a return statement [-Wreturn-type]
    }
    ^
/public/home/zhangkewei/zr/rocm-libraries-rocm-7.2.2/projects/rocfft/library/src/device/../include/function_map_key.h:256:37: note: in instantiation of member function 'VectorFieldParser<unsigned long>::parse' requested here
        VectorFieldParser<size_t>().parse("factors", ret.factors, current);
                                    ^
In file included from /public/home/zhangkewei/zr/build/rocfft_build/library/src/device/function_pool_init_2.cpp:1:
In file included from /public/home/zhangkewei/zr/rocm-libraries-rocm-7.2.2/projects/rocfft/library/src/device/../include/function_pool.h:29:
In file included from /public/home/zhangkewei/zr/rocm-libraries-rocm-7.2.2/projects/rocfft/library/src/device/../include/function_map_key.h:30:
/public/home/zhangkewei/zr/rocm-libraries-rocm-7.2.2/projects/rocfft/library/src/device/../include/data_descriptor.h:188:5: warning: void function is missing a return statement [-Wreturn-type]
    }
    ^
/public/home/zhangkewei/zr/rocm-libraries-rocm-7.2.2/projects/rocfft/library/src/device/../include/data_descriptor.h:216:29: note: in instantiation of member function 'StringToVector<unsigned long>::Get' requested here
        StringToVector<T>().Get(vec, current);
                            ^
/public/home/zhangkewei/zr/rocm-libraries-rocm-7.2.2/projects/rocfft/library/src/device/../include/function_map_key.h:256:37: note: in instantiation of member function 'VectorFieldParser<unsigned long>::parse' requested here
        VectorFieldParser<size_t>().parse("factors", ret.factors, current);
                                    ^
In file included from /public/home/zhangkewei/zr/build/rocfft_build/library/src/device/function_pool_init_2.cpp:1:
In file included from /public/home/zhangkewei/zr/rocm-libraries-rocm-7.2.2/projects/rocfft/library/src/device/../include/function_pool.h:29:
In file included from /public/home/zhangkewei/zr/rocm-libraries-rocm-7.2.2/projects/rocfft/library/src/device/../include/function_map_key.h:30:
/public/home/zhangkewei/zr/rocm-libraries-rocm-7.2.2/projects/rocfft/library/src/device/../include/data_descriptor.h:201:5: warning: void function is missing a return statement [-Wreturn-type]
    }
    ^
/public/home/zhangkewei/zr/rocm-libraries-rocm-7.2.2/projects/rocfft/library/src/device/../include/function_map_key.h:269:40: note: in instantiation of member function 'FieldParser<std::basic_string<char>>::parse' requested here
            FieldParser<std::string>().parse("ebtype", ebTypeStr, current);
                                       ^
In file included from /public/home/zhangkewei/zr/build/rocfft_build/library/src/device/function_pool_init_2.cpp:1:
In file included from /public/home/zhangkewei/zr/rocm-libraries-rocm-7.2.2/projects/rocfft/library/src/device/../include/function_pool.h:29:
In file included from /public/home/zhangkewei/zr/rocm-libraries-rocm-7.2.2/projects/rocfft/library/src/device/../include/function_map_key.h:30:
/public/home/zhangkewei/zr/rocm-libraries-rocm-7.2.2/projects/rocfft/library/src/device/../include/data_descriptor.h:188:5: warning: void function is missing a return statement [-Wreturn-type]
    }
    ^
/public/home/zhangkewei/zr/rocm-libraries-rocm-7.2.2/projects/rocfft/library/src/device/../include/data_descriptor.h:216:29: note: in instantiation of member function 'StringToVector<unsigned long>::Get' requested here
        StringToVector<T>().Get(vec, current);
                            ^
/public/home/zhangkewei/zr/rocm-libraries-rocm-7.2.2/projects/rocfft/library/src/device/../include/function_map_key.h:256:37: note: in instantiation of member function 'VectorFieldParser<unsigned long>::parse' requested here
        VectorFieldParser<size_t>().parse("factors", ret.factors, current);
                                    ^
In file included from /public/home/zhangkewei/zr/build/rocfft_build/library/src/device/function_pool_init_2.cpp:1:
In file included from /public/home/zhangkewei/zr/rocm-libraries-rocm-7.2.2/projects/rocfft/library/src/device/../include/function_pool.h:29:
In file included from /public/home/zhangkewei/zr/rocm-libraries-rocm-7.2.2/projects/rocfft/library/src/device/../include/function_map_key.h:30:
/public/home/zhangkewei/zr/rocm-libraries-rocm-7.2.2/projects/rocfft/library/src/device/../include/data_descriptor.h:201:5: warning: void function is missing a return statement [-Wreturn-type]
    }
    ^
/public/home/zhangkewei/zr/rocm-libraries-rocm-7.2.2/projects/rocfft/library/src/device/../include/function_map_key.h:269:40: note: in instantiation of member function 'FieldParser<std::basic_string<char>>::parse' requested here
            FieldParser<std::string>().parse("ebtype", ebTypeStr, current);
                                       ^
In file included from /public/home/zhangkewei/zr/build/rocfft_build/library/src/device/function_pool_init_2.cpp:1:
In file included from /public/home/zhangkewei/zr/rocm-libraries-rocm-7.2.2/projects/rocfft/library/src/device/../include/function_pool.h:29:
In file included from /public/home/zhangkewei/zr/rocm-libraries-rocm-7.2.2/projects/rocfft/library/src/device/../include/function_map_key.h:30:
/public/home/zhangkewei/zr/rocm-libraries-rocm-7.2.2/projects/rocfft/library/src/device/../include/data_descriptor.h:201:5: warning: void function is missing a return statement [-Wreturn-type]
    }
    ^
/public/home/zhangkewei/zr/rocm-libraries-rocm-7.2.2/projects/rocfft/library/src/device/../include/function_map_key.h:456:37: note: in instantiation of member function 'FieldParser<KernelConfig>::parse' requested here
        FieldParser<KernelConfig>().parse("kernelConfig", config, current);
                                    ^
In file included from /public/home/zhangkewei/zr/build/rocfft_build/library/src/device/function_pool_init_2.cpp:1:
In file included from /public/home/zhangkewei/zr/rocm-libraries-rocm-7.2.2/projects/rocfft/library/src/device/../include/function_pool.h:29:
In file included from /public/home/zhangkewei/zr/rocm-libraries-rocm-7.2.2/projects/rocfft/library/src/device/../include/function_map_key.h:30:
/public/home/zhangkewei/zr/rocm-libraries-rocm-7.2.2/projects/rocfft/library/src/device/../include/data_descriptor.h:201:5: warning: void function is missing a return statement [-Wreturn-type]
    }
    ^
/public/home/zhangkewei/zr/rocm-libraries-rocm-7.2.2/projects/rocfft/library/src/device/../include/function_map_key.h:456:37: note: in instantiation of member function 'FieldParser<KernelConfig>::parse' requested here
        FieldParser<KernelConfig>().parse("kernelConfig", config, current);
                                    ^
In file included from /public/home/zhangkewei/zr/build/rocfft_build/library/src/device/function_pool_init_2.cpp:1:
In file included from /public/home/zhangkewei/zr/rocm-libraries-rocm-7.2.2/projects/rocfft/library/src/device/../include/function_pool.h:29:
In file included from /public/home/zhangkewei/zr/rocm-libraries-rocm-7.2.2/projects/rocfft/library/src/device/../include/function_map_key.h:30:
/public/home/zhangkewei/zr/rocm-libraries-rocm-7.2.2/projects/rocfft/library/src/device/../include/data_descriptor.h:201:5: warning: void function is missing a return statement [-Wreturn-type]
    }
    ^
/public/home/zhangkewei/zr/rocm-libraries-rocm-7.2.2/projects/rocfft/library/src/device/../include/function_map_key.h:252:31: note: in instantiation of member function 'FieldParser<unsigned long>::parse' requested here
        FieldParser<size_t>().parse("tpb", tpb, current);
                              ^
In file included from /public/home/zhangkewei/zr/build/rocfft_build/library/src/device/function_pool_init_2.cpp:1:
In file included from /public/home/zhangkewei/zr/rocm-libraries-rocm-7.2.2/projects/rocfft/library/src/device/../include/function_pool.h:29:
In file included from /public/home/zhangkewei/zr/rocm-libraries-rocm-7.2.2/projects/rocfft/library/src/device/../include/function_map_key.h:30:
/public/home/zhangkewei/zr/rocm-libraries-rocm-7.2.2/projects/rocfft/library/src/device/../include/data_descriptor.h:201:5: warning: void function is missing a return statement [-Wreturn-type]
    }
    ^
/public/home/zhangkewei/zr/rocm-libraries-rocm-7.2.2/projects/rocfft/library/src/device/../include/function_map_key.h:254:28: note: in instantiation of member function 'FieldParser<int>::parse' requested here
        FieldParser<int>().parse("wgs", ret.workgroup_size, current);
                           ^
In file included from /public/home/zhangkewei/zr/build/rocfft_build/library/src/device/function_pool_init_2.cpp:1:
In file included from /public/home/zhangkewei/zr/rocm-libraries-rocm-7.2.2/projects/rocfft/library/src/device/../include/function_pool.h:29:
In file included from /public/home/zhangkewei/zr/rocm-libraries-rocm-7.2.2/projects/rocfft/library/src/device/../include/function_map_key.h:30:
/public/home/zhangkewei/zr/rocm-libraries-rocm-7.2.2/projects/rocfft/library/src/device/../include/data_descriptor.h:217:5: warning: void function is missing a return statement [-Wreturn-type]
    }
    ^
/public/home/zhangkewei/zr/rocm-libraries-rocm-7.2.2/projects/rocfft/library/src/device/../include/function_map_key.h:255:34: note: in instantiation of member function 'VectorFieldParser<int>::parse' requested here
        VectorFieldParser<int>().parse("tpt", tpt, current);
                                 ^
In file included from /public/home/zhangkewei/zr/build/rocfft_build/library/src/device/function_pool_init_2.cpp:1:
In file included from /public/home/zhangkewei/zr/rocm-libraries-rocm-7.2.2/projects/rocfft/library/src/device/../include/function_pool.h:29:
In file included from /public/home/zhangkewei/zr/rocm-libraries-rocm-7.2.2/projects/rocfft/library/src/device/../include/function_map_key.h:30:
/public/home/zhangkewei/zr/rocm-libraries-rocm-7.2.2/projects/rocfft/library/src/device/../include/data_descriptor.h:188:5: warning: void function is missing a return statement [-Wreturn-type]
    }
    ^
/public/home/zhangkewei/zr/rocm-libraries-rocm-7.2.2/projects/rocfft/library/src/device/../include/data_descriptor.h:216:29: note: in instantiation of member function 'StringToVector<int>::Get' requested here
        StringToVector<T>().Get(vec, current);
                            ^
/public/home/zhangkewei/zr/rocm-libraries-rocm-7.2.2/projects/rocfft/library/src/device/../include/function_map_key.h:255:34: note: in instantiation of member function 'VectorFieldParser<int>::parse' requested here
        VectorFieldParser<int>().parse("tpt", tpt, current);
                                 ^
In file included from /public/home/zhangkewei/zr/build/rocfft_build/library/src/device/function_pool_init_2.cpp:1:
In file included from /public/home/zhangkewei/zr/rocm-libraries-rocm-7.2.2/projects/rocfft/library/src/device/../include/function_pool.h:29:
In file included from /public/home/zhangkewei/zr/rocm-libraries-rocm-7.2.2/projects/rocfft/library/src/device/../include/function_map_key.h:30:
/public/home/zhangkewei/zr/rocm-libraries-rocm-7.2.2/projects/rocfft/library/src/device/../include/data_descriptor.h:217:5: warning: void function is missing a return statement [-Wreturn-type]
    }
    ^
/public/home/zhangkewei/zr/rocm-libraries-rocm-7.2.2/projects/rocfft/library/src/device/../include/function_map_key.h:256:37: note: in instantiation of member function 'VectorFieldParser<unsigned long>::parse' requested here
        VectorFieldParser<size_t>().parse("factors", ret.factors, current);
                                    ^
In file included from /public/home/zhangkewei/zr/build/rocfft_build/library/src/device/function_pool_init_2.cpp:1:
In file included from /public/home/zhangkewei/zr/rocm-libraries-rocm-7.2.2/projects/rocfft/library/src/device/../include/function_pool.h:29:
In file included from /public/home/zhangkewei/zr/rocm-libraries-rocm-7.2.2/projects/rocfft/library/src/device/../include/function_map_key.h:30:
/public/home/zhangkewei/zr/rocm-libraries-rocm-7.2.2/projects/rocfft/library/src/device/../include/data_descriptor.h:188:5: warning: void function is missing a return statement [-Wreturn-type]
    }
    ^
/public/home/zhangkewei/zr/rocm-libraries-rocm-7.2.2/projects/rocfft/library/src/device/../include/data_descriptor.h:216:29: note: in instantiation of member function 'StringToVector<unsigned long>::Get' requested here
        StringToVector<T>().Get(vec, current);
                            ^
/public/home/zhangkewei/zr/rocm-libraries-rocm-7.2.2/projects/rocfft/library/src/device/../include/function_map_key.h:256:37: note: in instantiation of member function 'VectorFieldParser<unsigned long>::parse' requested here
        VectorFieldParser<size_t>().parse("factors", ret.factors, current);
                                    ^
In file included from /public/home/zhangkewei/zr/build/rocfft_build/library/src/device/function_pool_init_2.cpp:1:
In file included from /public/home/zhangkewei/zr/rocm-libraries-rocm-7.2.2/projects/rocfft/library/src/device/../include/function_pool.h:29:
In file included from /public/home/zhangkewei/zr/rocm-libraries-rocm-7.2.2/projects/rocfft/library/src/device/../include/function_map_key.h:30:
/public/home/zhangkewei/zr/rocm-libraries-rocm-7.2.2/projects/rocfft/library/src/device/../include/data_descriptor.h:201:5: warning: void function is missing a return statement [-Wreturn-type]
    }
    ^
/public/home/zhangkewei/zr/rocm-libraries-rocm-7.2.2/projects/rocfft/library/src/device/../include/function_map_key.h:269:40: note: in instantiation of member function 'FieldParser<std::basic_string<char>>::parse' requested here
            FieldParser<std::string>().parse("ebtype", ebTypeStr, current);
                                       ^
In file included from /public/home/zhangkewei/zr/build/rocfft_build/library/src/device/function_pool_init_2.cpp:1:
In file included from /public/home/zhangkewei/zr/rocm-libraries-rocm-7.2.2/projects/rocfft/library/src/device/../include/function_pool.h:29:
In file included from /public/home/zhangkewei/zr/rocm-libraries-rocm-7.2.2/projects/rocfft/library/src/device/../include/function_map_key.h:30:
/public/home/zhangkewei/zr/rocm-libraries-rocm-7.2.2/projects/rocfft/library/src/device/../include/data_descriptor.h:201:5: warning: void function is missing a return statement [-Wreturn-type]
    }
    ^
/public/home/zhangkewei/zr/rocm-libraries-rocm-7.2.2/projects/rocfft/library/src/device/../include/function_map_key.h:456:37: note: in instantiation of member function 'FieldParser<KernelConfig>::parse' requested here
        FieldParser<KernelConfig>().parse("kernelConfig", config, current);
                                    ^
19 warnings generated when compiling for gfx926.
19 warnings generated when compiling for gfx928.
19 warnings generated when compiling for gfx906.
In file included from /public/home/zhangkewei/zr/build/rocfft_build/library/src/device/function_pool_init_2.cpp:1:
In file included from /public/home/zhangkewei/zr/rocm-libraries-rocm-7.2.2/projects/rocfft/library/src/device/../include/function_pool.h:29:
In file included from /public/home/zhangkewei/zr/rocm-libraries-rocm-7.2.2/projects/rocfft/library/src/device/../include/function_map_key.h:30:
/public/home/zhangkewei/zr/rocm-libraries-rocm-7.2.2/projects/rocfft/library/src/device/../include/data_descriptor.h:145:5: warning: void function is missing a return statement [-Wreturn-type]
    }
    ^
/public/home/zhangkewei/zr/rocm-libraries-rocm-7.2.2/projects/rocfft/library/src/device/../include/data_descriptor.h:154:5: warning: void function is missing a return statement [-Wreturn-type]
    }
    ^
/public/home/zhangkewei/zr/rocm-libraries-rocm-7.2.2/projects/rocfft/library/src/device/../include/data_descriptor.h:163:5: warning: void function is missing a return statement [-Wreturn-type]
    }
    ^
/public/home/zhangkewei/zr/rocm-libraries-rocm-7.2.2/projects/rocfft/library/src/device/../include/data_descriptor.h:172:5: warning: void function is missing a return statement [-Wreturn-type]
    }
    ^
In file included from /public/home/zhangkewei/zr/build/rocfft_build/library/src/device/function_pool_init_2.cpp:1:
In file included from /public/home/zhangkewei/zr/rocm-libraries-rocm-7.2.2/projects/rocfft/library/src/device/../include/function_pool.h:29:
/public/home/zhangkewei/zr/rocm-libraries-rocm-7.2.2/projects/rocfft/library/src/device/../include/function_map_key.h:284:5: warning: void function is missing a return statement [-Wreturn-type]
    }
    ^
/public/home/zhangkewei/zr/rocm-libraries-rocm-7.2.2/projects/rocfft/library/src/device/../include/function_map_key.h:420:1: warning: void function is missing a return statement [-Wreturn-type]
}
^
/public/home/zhangkewei/zr/rocm-libraries-rocm-7.2.2/projects/rocfft/library/src/device/../include/function_map_key.h:463:5: warning: void function is missing a return statement [-Wreturn-type]
    }
    ^
In file included from /public/home/zhangkewei/zr/build/rocfft_build/library/src/device/function_pool_init_2.cpp:1:
/public/home/zhangkewei/zr/rocm-libraries-rocm-7.2.2/projects/rocfft/library/src/device/../include/function_pool.h:410:1: warning: void function is missing a return statement [-Wreturn-type]
}
^
/public/home/zhangkewei/zr/rocm-libraries-rocm-7.2.2/projects/rocfft/library/src/device/../include/function_pool.h:433:1: warning: void function is missing a return statement [-Wreturn-type]
}
^
/public/home/zhangkewei/zr/build/rocfft_build/library/src/device/function_pool_init_2.cpp:654:248: warning: void function is missing a return statement [-Wreturn-type]
insert_default_entry(PPFMKey(64, 64, 64, rocfft_precision_half, CS_3D_PP, pp_kernel_1.get_kernel_config(), pp_kernel_2.get_kernel_config()), pp_kernel_1, pp_kernel_2, std::get<1>(def_keys), std::get<1>(function_maps), 65536);/* generator.py:821 */}
                                                                                                                                                                                                                                                       ^
In file included from /public/home/zhangkewei/zr/build/rocfft_build/library/src/device/function_pool_init_2.cpp:1:
In file included from /public/home/zhangkewei/zr/rocm-libraries-rocm-7.2.2/projects/rocfft/library/src/device/../include/function_pool.h:29:
In file included from /public/home/zhangkewei/zr/rocm-libraries-rocm-7.2.2/projects/rocfft/library/src/device/../include/function_map_key.h:30:
/public/home/zhangkewei/zr/rocm-libraries-rocm-7.2.2/projects/rocfft/library/src/device/../include/data_descriptor.h:201:5: warning: void function is missing a return statement [-Wreturn-type]
    }
    ^
/public/home/zhangkewei/zr/rocm-libraries-rocm-7.2.2/projects/rocfft/library/src/device/../include/function_map_key.h:248:29: note: in instantiation of member function 'FieldParser<bool>::parse' requested here
        FieldParser<bool>().parse("use_3steps", ret.use_3steps_large_twd, current);
                            ^
In file included from /public/home/zhangkewei/zr/build/rocfft_build/library/src/device/function_pool_init_2.cpp:1:
In file included from /public/home/zhangkewei/zr/rocm-libraries-rocm-7.2.2/projects/rocfft/library/src/device/../include/function_pool.h:29:
In file included from /public/home/zhangkewei/zr/rocm-libraries-rocm-7.2.2/projects/rocfft/library/src/device/../include/function_map_key.h:30:
/public/home/zhangkewei/zr/rocm-libraries-rocm-7.2.2/projects/rocfft/library/src/device/../include/data_descriptor.h:201:5: warning: void function is missing a return statement [-Wreturn-type]
    }
    ^
/public/home/zhangkewei/zr/rocm-libraries-rocm-7.2.2/projects/rocfft/library/src/device/../include/function_map_key.h:252:31: note: in instantiation of member function 'FieldParser<unsigned long>::parse' requested here
        FieldParser<size_t>().parse("tpb", tpb, current);
                              ^
In file included from /public/home/zhangkewei/zr/build/rocfft_build/library/src/device/function_pool_init_2.cpp:1:
In file included from /public/home/zhangkewei/zr/rocm-libraries-rocm-7.2.2/projects/rocfft/library/src/device/../include/function_pool.h:29:
In file included from /public/home/zhangkewei/zr/rocm-libraries-rocm-7.2.2/projects/rocfft/library/src/device/../include/function_map_key.h:30:
/public/home/zhangkewei/zr/rocm-libraries-rocm-7.2.2/projects/rocfft/library/src/device/../include/data_descriptor.h:201:5: warning: void function is missing a return statement [-Wreturn-type]
    }
    ^
/public/home/zhangkewei/zr/rocm-libraries-rocm-7.2.2/projects/rocfft/library/src/device/../include/function_map_key.h:254:28: note: in instantiation of member function 'FieldParser<int>::parse' requested here
        FieldParser<int>().parse("wgs", ret.workgroup_size, current);
                           ^
In file included from /public/home/zhangkewei/zr/build/rocfft_build/library/src/device/function_pool_init_2.cpp:1:
In file included from /public/home/zhangkewei/zr/rocm-libraries-rocm-7.2.2/projects/rocfft/library/src/device/../include/function_pool.h:29:
In file included from /public/home/zhangkewei/zr/rocm-libraries-rocm-7.2.2/projects/rocfft/library/src/device/../include/function_map_key.h:30:
/public/home/zhangkewei/zr/rocm-libraries-rocm-7.2.2/projects/rocfft/library/src/device/../include/data_descriptor.h:217:5: warning: void function is missing a return statement [-Wreturn-type]
    }
    ^
/public/home/zhangkewei/zr/rocm-libraries-rocm-7.2.2/projects/rocfft/library/src/device/../include/function_map_key.h:255:34: note: in instantiation of member function 'VectorFieldParser<int>::parse' requested here
        VectorFieldParser<int>().parse("tpt", tpt, current);
                                 ^
In file included from /public/home/zhangkewei/zr/build/rocfft_build/library/src/device/function_pool_init_2.cpp:1:
In file included from /public/home/zhangkewei/zr/rocm-libraries-rocm-7.2.2/projects/rocfft/library/src/device/../include/function_pool.h:29:
In file included from /public/home/zhangkewei/zr/rocm-libraries-rocm-7.2.2/projects/rocfft/library/src/device/../include/function_map_key.h:30:
/public/home/zhangkewei/zr/rocm-libraries-rocm-7.2.2/projects/rocfft/library/src/device/../include/data_descriptor.h:188:5: warning: void function is missing a return statement [-Wreturn-type]
    }
    ^
/public/home/zhangkewei/zr/rocm-libraries-rocm-7.2.2/projects/rocfft/library/src/device/../include/data_descriptor.h:216:29: note: in instantiation of member function 'StringToVector<int>::Get' requested here
        StringToVector<T>().Get(vec, current);
                            ^
/public/home/zhangkewei/zr/rocm-libraries-rocm-7.2.2/projects/rocfft/library/src/device/../include/function_map_key.h:255:34: note: in instantiation of member function 'VectorFieldParser<int>::parse' requested here
        VectorFieldParser<int>().parse("tpt", tpt, current);
                                 ^
In file included from /public/home/zhangkewei/zr/build/rocfft_build/library/src/device/function_pool_init_2.cpp:1:
In file included from /public/home/zhangkewei/zr/rocm-libraries-rocm-7.2.2/projects/rocfft/library/src/device/../include/function_pool.h:29:
In file included from /public/home/zhangkewei/zr/rocm-libraries-rocm-7.2.2/projects/rocfft/library/src/device/../include/function_map_key.h:30:
/public/home/zhangkewei/zr/rocm-libraries-rocm-7.2.2/projects/rocfft/library/src/device/../include/data_descriptor.h:217:5: warning: void function is missing a return statement [-Wreturn-type]
    }
    ^
/public/home/zhangkewei/zr/rocm-libraries-rocm-7.2.2/projects/rocfft/library/src/device/../include/function_map_key.h:256:37: note: in instantiation of member function 'VectorFieldParser<unsigned long>::parse' requested here
        VectorFieldParser<size_t>().parse("factors", ret.factors, current);
                                    ^
In file included from /public/home/zhangkewei/zr/build/rocfft_build/library/src/device/function_pool_init_2.cpp:1:
In file included from /public/home/zhangkewei/zr/rocm-libraries-rocm-7.2.2/projects/rocfft/library/src/device/../include/function_pool.h:29:
In file included from /public/home/zhangkewei/zr/rocm-libraries-rocm-7.2.2/projects/rocfft/library/src/device/../include/function_map_key.h:30:
/public/home/zhangkewei/zr/rocm-libraries-rocm-7.2.2/projects/rocfft/library/src/device/../include/data_descriptor.h:188:5: warning: void function is missing a return statement [-Wreturn-type]
    }
    ^
/public/home/zhangkewei/zr/rocm-libraries-rocm-7.2.2/projects/rocfft/library/src/device/../include/data_descriptor.h:216:29: note: in instantiation of member function 'StringToVector<unsigned long>::Get' requested here
        StringToVector<T>().Get(vec, current);
                            ^
/public/home/zhangkewei/zr/rocm-libraries-rocm-7.2.2/projects/rocfft/library/src/device/../include/function_map_key.h:256:37: note: in instantiation of member function 'VectorFieldParser<unsigned long>::parse' requested here
        VectorFieldParser<size_t>().parse("factors", ret.factors, current);
                                    ^
In file included from /public/home/zhangkewei/zr/build/rocfft_build/library/src/device/function_pool_init_2.cpp:1:
In file included from /public/home/zhangkewei/zr/rocm-libraries-rocm-7.2.2/projects/rocfft/library/src/device/../include/function_pool.h:29:
In file included from /public/home/zhangkewei/zr/rocm-libraries-rocm-7.2.2/projects/rocfft/library/src/device/../include/function_map_key.h:30:
/public/home/zhangkewei/zr/rocm-libraries-rocm-7.2.2/projects/rocfft/library/src/device/../include/data_descriptor.h:201:5: warning: void function is missing a return statement [-Wreturn-type]
    }
    ^
/public/home/zhangkewei/zr/rocm-libraries-rocm-7.2.2/projects/rocfft/library/src/device/../include/function_map_key.h:269:40: note: in instantiation of member function 'FieldParser<std::basic_string<char>>::parse' requested here
            FieldParser<std::string>().parse("ebtype", ebTypeStr, current);
                                       ^
In file included from /public/home/zhangkewei/zr/build/rocfft_build/library/src/device/function_pool_init_2.cpp:1:
In file included from /public/home/zhangkewei/zr/rocm-libraries-rocm-7.2.2/projects/rocfft/library/src/device/../include/function_pool.h:29:
In file included from /public/home/zhangkewei/zr/rocm-libraries-rocm-7.2.2/projects/rocfft/library/src/device/../include/function_map_key.h:30:
/public/home/zhangkewei/zr/rocm-libraries-rocm-7.2.2/projects/rocfft/library/src/device/../include/data_descriptor.h:201:5: warning: void function is missing a return statement [-Wreturn-type]
    }
    ^
/public/home/zhangkewei/zr/rocm-libraries-rocm-7.2.2/projects/rocfft/library/src/device/../include/function_map_key.h:456:37: note: in instantiation of member function 'FieldParser<KernelConfig>::parse' requested here
        FieldParser<KernelConfig>().parse("kernelConfig", config, current);
                                    ^
19 warnings generated when compiling for gfx936.
In file included from /public/home/zhangkewei/zr/build/rocfft_build/library/src/device/function_pool_init_2.cpp:1:
In file included from /public/home/zhangkewei/zr/rocm-libraries-rocm-7.2.2/projects/rocfft/library/src/device/../include/function_pool.h:29:
In file included from /public/home/zhangkewei/zr/rocm-libraries-rocm-7.2.2/projects/rocfft/library/src/device/../include/function_map_key.h:30:
/public/home/zhangkewei/zr/rocm-libraries-rocm-7.2.2/projects/rocfft/library/src/device/../include/data_descriptor.h:145:5: warning: void function is missing a return statement [-Wreturn-type]
    }
    ^
/public/home/zhangkewei/zr/rocm-libraries-rocm-7.2.2/projects/rocfft/library/src/device/../include/data_descriptor.h:154:5: warning: void function is missing a return statement [-Wreturn-type]
    }
    ^
/public/home/zhangkewei/zr/rocm-libraries-rocm-7.2.2/projects/rocfft/library/src/device/../include/data_descriptor.h:163:5: warning: void function is missing a return statement [-Wreturn-type]
    }
    ^
/public/home/zhangkewei/zr/rocm-libraries-rocm-7.2.2/projects/rocfft/library/src/device/../include/data_descriptor.h:172:5: warning: void function is missing a return statement [-Wreturn-type]
    }
    ^
In file included from /public/home/zhangkewei/zr/build/rocfft_build/library/src/device/function_pool_init_2.cpp:1:
In file included from /public/home/zhangkewei/zr/rocm-libraries-rocm-7.2.2/projects/rocfft/library/src/device/../include/function_pool.h:29:
/public/home/zhangkewei/zr/rocm-libraries-rocm-7.2.2/projects/rocfft/library/src/device/../include/function_map_key.h:284:5: warning: void function is missing a return statement [-Wreturn-type]
    }
    ^
/public/home/zhangkewei/zr/rocm-libraries-rocm-7.2.2/projects/rocfft/library/src/device/../include/function_map_key.h:420:1: warning: void function is missing a return statement [-Wreturn-type]
}
^
/public/home/zhangkewei/zr/rocm-libraries-rocm-7.2.2/projects/rocfft/library/src/device/../include/function_map_key.h:463:5: warning: void function is missing a return statement [-Wreturn-type]
    }
    ^
In file included from /public/home/zhangkewei/zr/build/rocfft_build/library/src/device/function_pool_init_2.cpp:1:
/public/home/zhangkewei/zr/rocm-libraries-rocm-7.2.2/projects/rocfft/library/src/device/../include/function_pool.h:410:1: warning: void function is missing a return statement [-Wreturn-type]
}
^
/public/home/zhangkewei/zr/rocm-libraries-rocm-7.2.2/projects/rocfft/library/src/device/../include/function_pool.h:433:1: warning: void function is missing a return statement [-Wreturn-type]
}
^
/public/home/zhangkewei/zr/build/rocfft_build/library/src/device/function_pool_init_2.cpp:654:248: warning: void function is missing a return statement [-Wreturn-type]
insert_default_entry(PPFMKey(64, 64, 64, rocfft_precision_half, CS_3D_PP, pp_kernel_1.get_kernel_config(), pp_kernel_2.get_kernel_config()), pp_kernel_1, pp_kernel_2, std::get<1>(def_keys), std::get<1>(function_maps), 65536);/* generator.py:821 */}
                                                                                                                                                                                                                                                       ^
In file included from /public/home/zhangkewei/zr/build/rocfft_build/library/src/device/function_pool_init_2.cpp:1:
In file included from /public/home/zhangkewei/zr/rocm-libraries-rocm-7.2.2/projects/rocfft/library/src/device/../include/function_pool.h:29:
In file included from /public/home/zhangkewei/zr/rocm-libraries-rocm-7.2.2/projects/rocfft/library/src/device/../include/function_map_key.h:30:
/public/home/zhangkewei/zr/rocm-libraries-rocm-7.2.2/projects/rocfft/library/src/device/../include/data_descriptor.h:201:5: warning: void function is missing a return statement [-Wreturn-type]
    }
    ^
/public/home/zhangkewei/zr/rocm-libraries-rocm-7.2.2/projects/rocfft/library/src/device/../include/function_map_key.h:248:29: note: in instantiation of member function 'FieldParser<bool>::parse' requested here
        FieldParser<bool>().parse("use_3steps", ret.use_3steps_large_twd, current);
                            ^
In file included from /public/home/zhangkewei/zr/build/rocfft_build/library/src/device/function_pool_init_2.cpp:1:
In file included from /public/home/zhangkewei/zr/rocm-libraries-rocm-7.2.2/projects/rocfft/library/src/device/../include/function_pool.h:29:
In file included from /public/home/zhangkewei/zr/rocm-libraries-rocm-7.2.2/projects/rocfft/library/src/device/../include/function_map_key.h:30:
/public/home/zhangkewei/zr/rocm-libraries-rocm-7.2.2/projects/rocfft/library/src/device/../include/data_descriptor.h:201:5: warning: void function is missing a return statement [-Wreturn-type]
    }
    ^
/public/home/zhangkewei/zr/rocm-libraries-rocm-7.2.2/projects/rocfft/library/src/device/../include/function_map_key.h:252:31: note: in instantiation of member function 'FieldParser<unsigned long>::parse' requested here
        FieldParser<size_t>().parse("tpb", tpb, current);
                              ^
In file included from /public/home/zhangkewei/zr/build/rocfft_build/library/src/device/function_pool_init_2.cpp:1:
In file included from /public/home/zhangkewei/zr/rocm-libraries-rocm-7.2.2/projects/rocfft/library/src/device/../include/function_pool.h:29:
In file included from /public/home/zhangkewei/zr/rocm-libraries-rocm-7.2.2/projects/rocfft/library/src/device/../include/function_map_key.h:30:
/public/home/zhangkewei/zr/rocm-libraries-rocm-7.2.2/projects/rocfft/library/src/device/../include/data_descriptor.h:201:5: warning: void function is missing a return statement [-Wreturn-type]
    }
    ^
/public/home/zhangkewei/zr/rocm-libraries-rocm-7.2.2/projects/rocfft/library/src/device/../include/function_map_key.h:254:28: note: in instantiation of member function 'FieldParser<int>::parse' requested here
        FieldParser<int>().parse("wgs", ret.workgroup_size, current);
                           ^
In file included from /public/home/zhangkewei/zr/build/rocfft_build/library/src/device/function_pool_init_2.cpp:1:
In file included from /public/home/zhangkewei/zr/rocm-libraries-rocm-7.2.2/projects/rocfft/library/src/device/../include/function_pool.h:29:
In file included from /public/home/zhangkewei/zr/rocm-libraries-rocm-7.2.2/projects/rocfft/library/src/device/../include/function_map_key.h:30:
/public/home/zhangkewei/zr/rocm-libraries-rocm-7.2.2/projects/rocfft/library/src/device/../include/data_descriptor.h:217:5: warning: void function is missing a return statement [-Wreturn-type]
    }
    ^
/public/home/zhangkewei/zr/rocm-libraries-rocm-7.2.2/projects/rocfft/library/src/device/../include/function_map_key.h:255:34: note: in instantiation of member function 'VectorFieldParser<int>::parse' requested here
        VectorFieldParser<int>().parse("tpt", tpt, current);
                                 ^
In file included from /public/home/zhangkewei/zr/build/rocfft_build/library/src/device/function_pool_init_2.cpp:1:
In file included from /public/home/zhangkewei/zr/rocm-libraries-rocm-7.2.2/projects/rocfft/library/src/device/../include/function_pool.h:29:
In file included from /public/home/zhangkewei/zr/rocm-libraries-rocm-7.2.2/projects/rocfft/library/src/device/../include/function_map_key.h:30:
/public/home/zhangkewei/zr/rocm-libraries-rocm-7.2.2/projects/rocfft/library/src/device/../include/data_descriptor.h:188:5: warning: void function is missing a return statement [-Wreturn-type]
    }
    ^
/public/home/zhangkewei/zr/rocm-libraries-rocm-7.2.2/projects/rocfft/library/src/device/../include/data_descriptor.h:216:29: note: in instantiation of member function 'StringToVector<int>::Get' requested here
        StringToVector<T>().Get(vec, current);
                            ^
/public/home/zhangkewei/zr/rocm-libraries-rocm-7.2.2/projects/rocfft/library/src/device/../include/function_map_key.h:255:34: note: in instantiation of member function 'VectorFieldParser<int>::parse' requested here
        VectorFieldParser<int>().parse("tpt", tpt, current);
                                 ^
In file included from /public/home/zhangkewei/zr/build/rocfft_build/library/src/device/function_pool_init_2.cpp:1:
In file included from /public/home/zhangkewei/zr/rocm-libraries-rocm-7.2.2/projects/rocfft/library/src/device/../include/function_pool.h:29:
In file included from /public/home/zhangkewei/zr/rocm-libraries-rocm-7.2.2/projects/rocfft/library/src/device/../include/function_map_key.h:30:
/public/home/zhangkewei/zr/rocm-libraries-rocm-7.2.2/projects/rocfft/library/src/device/../include/data_descriptor.h:217:5: warning: void function is missing a return statement [-Wreturn-type]
    }
    ^
/public/home/zhangkewei/zr/rocm-libraries-rocm-7.2.2/projects/rocfft/library/src/device/../include/function_map_key.h:256:37: note: in instantiation of member function 'VectorFieldParser<unsigned long>::parse' requested here
        VectorFieldParser<size_t>().parse("factors", ret.factors, current);
                                    ^
In file included from /public/home/zhangkewei/zr/build/rocfft_build/library/src/device/function_pool_init_2.cpp:1:
In file included from /public/home/zhangkewei/zr/rocm-libraries-rocm-7.2.2/projects/rocfft/library/src/device/../include/function_pool.h:29:
In file included from /public/home/zhangkewei/zr/rocm-libraries-rocm-7.2.2/projects/rocfft/library/src/device/../include/function_map_key.h:30:
/public/home/zhangkewei/zr/rocm-libraries-rocm-7.2.2/projects/rocfft/library/src/device/../include/data_descriptor.h:188:5: warning: void function is missing a return statement [-Wreturn-type]
    }
    ^
/public/home/zhangkewei/zr/rocm-libraries-rocm-7.2.2/projects/rocfft/library/src/device/../include/data_descriptor.h:216:29: note: in instantiation of member function 'StringToVector<unsigned long>::Get' requested here
        StringToVector<T>().Get(vec, current);
                            ^
/public/home/zhangkewei/zr/rocm-libraries-rocm-7.2.2/projects/rocfft/library/src/device/../include/function_map_key.h:256:37: note: in instantiation of member function 'VectorFieldParser<unsigned long>::parse' requested here
        VectorFieldParser<size_t>().parse("factors", ret.factors, current);
                                    ^
In file included from /public/home/zhangkewei/zr/build/rocfft_build/library/src/device/function_pool_init_2.cpp:1:
In file included from /public/home/zhangkewei/zr/rocm-libraries-rocm-7.2.2/projects/rocfft/library/src/device/../include/function_pool.h:29:
In file included from /public/home/zhangkewei/zr/rocm-libraries-rocm-7.2.2/projects/rocfft/library/src/device/../include/function_map_key.h:30:
/public/home/zhangkewei/zr/rocm-libraries-rocm-7.2.2/projects/rocfft/library/src/device/../include/data_descriptor.h:201:5: warning: void function is missing a return statement [-Wreturn-type]
    }
    ^
/public/home/zhangkewei/zr/rocm-libraries-rocm-7.2.2/projects/rocfft/library/src/device/../include/function_map_key.h:269:40: note: in instantiation of member function 'FieldParser<std::basic_string<char>>::parse' requested here
            FieldParser<std::string>().parse("ebtype", ebTypeStr, current);
                                       ^
In file included from /public/home/zhangkewei/zr/build/rocfft_build/library/src/device/function_pool_init_2.cpp:1:
In file included from /public/home/zhangkewei/zr/rocm-libraries-rocm-7.2.2/projects/rocfft/library/src/device/../include/function_pool.h:29:
In file included from /public/home/zhangkewei/zr/rocm-libraries-rocm-7.2.2/projects/rocfft/library/src/device/../include/function_map_key.h:30:
/public/home/zhangkewei/zr/rocm-libraries-rocm-7.2.2/projects/rocfft/library/src/device/../include/data_descriptor.h:201:5: warning: void function is missing a return statement [-Wreturn-type]
    }
    ^
/public/home/zhangkewei/zr/rocm-libraries-rocm-7.2.2/projects/rocfft/library/src/device/../include/function_map_key.h:456:37: note: in instantiation of member function 'FieldParser<KernelConfig>::parse' requested here
        FieldParser<KernelConfig>().parse("kernelConfig", config, current);
                                    ^
19 warnings generated when compiling for host.
In file included from /public/home/zhangkewei/zr/build/rocfft_build/library/src/device/function_pool_init_3.cpp:1:
In file included from /public/home/zhangkewei/zr/rocm-libraries-rocm-7.2.2/projects/rocfft/library/src/device/../include/function_pool.h:29:
In file included from /public/home/zhangkewei/zr/rocm-libraries-rocm-7.2.2/projects/rocfft/library/src/device/../include/function_map_key.h:30:
/public/home/zhangkewei/zr/rocm-libraries-rocm-7.2.2/projects/rocfft/library/src/device/../include/data_descriptor.h:145:5: warning: void function is missing a return statement [-Wreturn-type]
    }
    ^
/public/home/zhangkewei/zr/rocm-libraries-rocm-7.2.2/projects/rocfft/library/src/device/../include/data_descriptor.h:154:5: warning: void function is missing a return statement [-Wreturn-type]
    }
    ^
In file included from /public/home/zhangkewei/zr/build/rocfft_build/library/src/device/function_pool_init_3.cpp:1:
In file included from /public/home/zhangkewei/zr/rocm-libraries-rocm-7.2.2/projects/rocfft/library/src/device/../include/function_pool.h:29:
In file included from /public/home/zhangkewei/zr/rocm-libraries-rocm-7.2.2/projects/rocfft/library/src/device/../include/function_map_key.h:30:
/public/home/zhangkewei/zr/rocm-libraries-rocm-7.2.2/projects/rocfft/library/src/device/../include/data_descriptor.h:145:5: warning: void function is missing a return statement [-Wreturn-type]
    }
    ^
/public/home/zhangkewei/zr/rocm-libraries-rocm-7.2.2/projects/rocfft/library/src/device/../include/data_descriptor.h:154:5: warning: void function is missing a return statement [-Wreturn-type]
    }
    ^
/public/home/zhangkewei/zr/rocm-libraries-rocm-7.2.2/projects/rocfft/library/src/device/../include/data_descriptor.h:163:5: warning: void function is missing a return statement [-Wreturn-type]
    }
    ^
/public/home/zhangkewei/zr/rocm-libraries-rocm-7.2.2/projects/rocfft/library/src/device/../include/data_descriptor.h:163:5: warning: void function is missing a return statement [-Wreturn-type]
    }
    ^
/public/home/zhangkewei/zr/rocm-libraries-rocm-7.2.2/projects/rocfft/library/src/device/../include/data_descriptor.h:172:5: warning: void function is missing a return statement [-Wreturn-type]
    }
    ^
/public/home/zhangkewei/zr/rocm-libraries-rocm-7.2.2/projects/rocfft/library/src/device/../include/data_descriptor.h:172:5: warning: void function is missing a return statement [-Wreturn-type]
    }
    ^
In file included from /public/home/zhangkewei/zr/build/rocfft_build/library/src/device/function_pool_init_3.cpp:1:
In file included from /public/home/zhangkewei/zr/rocm-libraries-rocm-7.2.2/projects/rocfft/library/src/device/../include/function_pool.h:29:
In file included from /public/home/zhangkewei/zr/rocm-libraries-rocm-7.2.2/projects/rocfft/library/src/device/../include/function_map_key.h:30:
/public/home/zhangkewei/zr/rocm-libraries-rocm-7.2.2/projects/rocfft/library/src/device/../include/data_descriptor.h:145:5: warning: void function is missing a return statement [-Wreturn-type]
    }
    ^
/public/home/zhangkewei/zr/rocm-libraries-rocm-7.2.2/projects/rocfft/library/src/device/../include/data_descriptor.h:154:5: warning: void function is missing a return statement [-Wreturn-type]
    }
    ^
/public/home/zhangkewei/zr/rocm-libraries-rocm-7.2.2/projects/rocfft/library/src/device/../include/data_descriptor.h:163:5: warning: void function is missing a return statement [-Wreturn-type]
    }
    ^
/public/home/zhangkewei/zr/rocm-libraries-rocm-7.2.2/projects/rocfft/library/src/device/../include/data_descriptor.h:172:5: warning: void function is missing a return statement [-Wreturn-type]
    }
    ^
In file included from /public/home/zhangkewei/zr/build/rocfft_build/library/src/device/function_pool_init_3.cpp:1:
In file included from /public/home/zhangkewei/zr/rocm-libraries-rocm-7.2.2/projects/rocfft/library/src/device/../include/function_pool.h:29:
/public/home/zhangkewei/zr/rocm-libraries-rocm-7.2.2/projects/rocfft/library/src/device/../include/function_map_key.h:284:5: warning: void function is missing a return statement [-Wreturn-type]
    }
    ^
In file included from /public/home/zhangkewei/zr/build/rocfft_build/library/src/device/function_pool_init_3.cpp:1:
In file included from /public/home/zhangkewei/zr/rocm-libraries-rocm-7.2.2/projects/rocfft/library/src/device/../include/function_pool.h:29:
/public/home/zhangkewei/zr/rocm-libraries-rocm-7.2.2/projects/rocfft/library/src/device/../include/function_map_key.h:284:5: warning: void function is missing a return statement [-Wreturn-type]
    }
    ^
In file included from /public/home/zhangkewei/zr/build/rocfft_build/library/src/device/function_pool_init_3.cpp:1:
In file included from /public/home/zhangkewei/zr/rocm-libraries-rocm-7.2.2/projects/rocfft/library/src/device/../include/function_pool.h:29:
/public/home/zhangkewei/zr/rocm-libraries-rocm-7.2.2/projects/rocfft/library/src/device/../include/function_map_key.h:284:5: warning: void function is missing a return statement [-Wreturn-type]
    }
    ^
/public/home/zhangkewei/zr/rocm-libraries-rocm-7.2.2/projects/rocfft/library/src/device/../include/function_map_key.h:420:1: warning: void function is missing a return statement [-Wreturn-type]
}
^
/public/home/zhangkewei/zr/rocm-libraries-rocm-7.2.2/projects/rocfft/library/src/device/../include/function_map_key.h:420:1: warning: void function is missing a return statement [-Wreturn-type]
}
^
/public/home/zhangkewei/zr/rocm-libraries-rocm-7.2.2/projects/rocfft/library/src/device/../include/function_map_key.h:463:5: warning: void function is missing a return statement [-Wreturn-type]
    }
    ^
/public/home/zhangkewei/zr/rocm-libraries-rocm-7.2.2/projects/rocfft/library/src/device/../include/function_map_key.h:463:5: warning: void function is missing a return statement [-Wreturn-type]
    }
    ^
/public/home/zhangkewei/zr/rocm-libraries-rocm-7.2.2/projects/rocfft/library/src/device/../include/function_map_key.h:420:1: warning: void function is missing a return statement [-Wreturn-type]
}
^
/public/home/zhangkewei/zr/rocm-libraries-rocm-7.2.2/projects/rocfft/library/src/device/../include/function_map_key.h:463:5: warning: void function is missing a return statement [-Wreturn-type]
    }
    ^
In file included from /public/home/zhangkewei/zr/build/rocfft_build/library/src/device/function_pool_init_3.cpp:1:
/public/home/zhangkewei/zr/rocm-libraries-rocm-7.2.2/projects/rocfft/library/src/device/../include/function_pool.h:410:1: warning: void function is missing a return statement [-Wreturn-type]
}
^
In file included from /public/home/zhangkewei/zr/build/rocfft_build/library/src/device/function_pool_init_3.cpp:1:
/public/home/zhangkewei/zr/rocm-libraries-rocm-7.2.2/projects/rocfft/library/src/device/../include/function_pool.h:410:1: warning: void function is missing a return statement [-Wreturn-type]
}
^
/public/home/zhangkewei/zr/rocm-libraries-rocm-7.2.2/projects/rocfft/library/src/device/../include/function_pool.h:433:1: warning: void function is missing a return statement [-Wreturn-type]
}
^
/public/home/zhangkewei/zr/rocm-libraries-rocm-7.2.2/projects/rocfft/library/src/device/../include/function_pool.h:433:1: warning: void function is missing a return statement [-Wreturn-type]
}
^
In file included from /public/home/zhangkewei/zr/build/rocfft_build/library/src/device/function_pool_init_3.cpp:1:
/public/home/zhangkewei/zr/rocm-libraries-rocm-7.2.2/projects/rocfft/library/src/device/../include/function_pool.h:410:1: warning: void function is missing a return statement [-Wreturn-type]
}
^
/public/home/zhangkewei/zr/rocm-libraries-rocm-7.2.2/projects/rocfft/library/src/device/../include/function_pool.h:433:1: warning: void function is missing a return statement [-Wreturn-type]
}
^
/public/home/zhangkewei/zr/build/rocfft_build/library/src/device/function_pool_init_3.cpp:654:250: warning: void function is missing a return statement [-Wreturn-type]
insert_default_entry(PPFMKey(52, 64, 64, rocfft_precision_double, CS_3D_PP, pp_kernel_1.get_kernel_config(), pp_kernel_2.get_kernel_config()), pp_kernel_1, pp_kernel_2, std::get<1>(def_keys), std::get<1>(function_maps), 65536);/* generator.py:821 */}
                                                                                                                                                                                                                                                         ^
/public/home/zhangkewei/zr/build/rocfft_build/library/src/device/function_pool_init_3.cpp:654:250: warning: void function is missing a return statement [-Wreturn-type]
insert_default_entry(PPFMKey(52, 64, 64, rocfft_precision_double, CS_3D_PP, pp_kernel_1.get_kernel_config(), pp_kernel_2.get_kernel_config()), pp_kernel_1, pp_kernel_2, std::get<1>(def_keys), std::get<1>(function_maps), 65536);/* generator.py:821 */}
                                                                                                                                                                                                                                                         ^
/public/home/zhangkewei/zr/build/rocfft_build/library/src/device/function_pool_init_3.cpp:654:250: warning: void function is missing a return statement [-Wreturn-type]
insert_default_entry(PPFMKey(52, 64, 64, rocfft_precision_double, CS_3D_PP, pp_kernel_1.get_kernel_config(), pp_kernel_2.get_kernel_config()), pp_kernel_1, pp_kernel_2, std::get<1>(def_keys), std::get<1>(function_maps), 65536);/* generator.py:821 */}
                                                                                                                                                                                                                                                         ^
In file included from /public/home/zhangkewei/zr/build/rocfft_build/library/src/device/function_pool_init_3.cpp:1:
In file included from /public/home/zhangkewei/zr/rocm-libraries-rocm-7.2.2/projects/rocfft/library/src/device/../include/function_pool.h:29:
In file included from /public/home/zhangkewei/zr/rocm-libraries-rocm-7.2.2/projects/rocfft/library/src/device/../include/function_map_key.h:30:
/public/home/zhangkewei/zr/rocm-libraries-rocm-7.2.2/projects/rocfft/library/src/device/../include/data_descriptor.h:201:5: warning: void function is missing a return statement [-Wreturn-type]
    }
    ^
/public/home/zhangkewei/zr/rocm-libraries-rocm-7.2.2/projects/rocfft/library/src/device/../include/function_map_key.h:248:29: note: in instantiation of member function 'FieldParser<bool>::parse' requested here
        FieldParser<bool>().parse("use_3steps", ret.use_3steps_large_twd, current);
                            ^
In file included from /public/home/zhangkewei/zr/build/rocfft_build/library/src/device/function_pool_init_3.cpp:1:
In file included from /public/home/zhangkewei/zr/rocm-libraries-rocm-7.2.2/projects/rocfft/library/src/device/../include/function_pool.h:29:
In file included from /public/home/zhangkewei/zr/rocm-libraries-rocm-7.2.2/projects/rocfft/library/src/device/../include/function_map_key.h:30:
/public/home/zhangkewei/zr/rocm-libraries-rocm-7.2.2/projects/rocfft/library/src/device/../include/data_descriptor.h:201:5: warning: void function is missing a return statement [-Wreturn-type]
    }
    ^
/public/home/zhangkewei/zr/rocm-libraries-rocm-7.2.2/projects/rocfft/library/src/device/../include/function_map_key.h:248:29: note: in instantiation of member function 'FieldParser<bool>::parse' requested here
        FieldParser<bool>().parse("use_3steps", ret.use_3steps_large_twd, current);
                            ^
In file included from /public/home/zhangkewei/zr/build/rocfft_build/library/src/device/function_pool_init_3.cpp:1:
In file included from /public/home/zhangkewei/zr/rocm-libraries-rocm-7.2.2/projects/rocfft/library/src/device/../include/function_pool.h:29:
In file included from /public/home/zhangkewei/zr/rocm-libraries-rocm-7.2.2/projects/rocfft/library/src/device/../include/function_map_key.h:30:
/public/home/zhangkewei/zr/rocm-libraries-rocm-7.2.2/projects/rocfft/library/src/device/../include/data_descriptor.h:201:5: warning: void function is missing a return statement [-Wreturn-type]
    }
    ^
/public/home/zhangkewei/zr/rocm-libraries-rocm-7.2.2/projects/rocfft/library/src/device/../include/function_map_key.h:248:29: note: in instantiation of member function 'FieldParser<bool>::parse' requested here
        FieldParser<bool>().parse("use_3steps", ret.use_3steps_large_twd, current);
                            ^
In file included from /public/home/zhangkewei/zr/build/rocfft_build/library/src/device/function_pool_init_3.cpp:1:
In file included from /public/home/zhangkewei/zr/rocm-libraries-rocm-7.2.2/projects/rocfft/library/src/device/../include/function_pool.h:29:
In file included from /public/home/zhangkewei/zr/rocm-libraries-rocm-7.2.2/projects/rocfft/library/src/device/../include/function_map_key.h:30:
/public/home/zhangkewei/zr/rocm-libraries-rocm-7.2.2/projects/rocfft/library/src/device/../include/data_descriptor.h:201:5: warning: void function is missing a return statement [-Wreturn-type]
    }
    ^
/public/home/zhangkewei/zr/rocm-libraries-rocm-7.2.2/projects/rocfft/library/src/device/../include/function_map_key.h:252:31: note: in instantiation of member function 'FieldParser<unsigned long>::parse' requested here
        FieldParser<size_t>().parse("tpb", tpb, current);
                              ^
In file included from /public/home/zhangkewei/zr/build/rocfft_build/library/src/device/function_pool_init_3.cpp:1:
In file included from /public/home/zhangkewei/zr/rocm-libraries-rocm-7.2.2/projects/rocfft/library/src/device/../include/function_pool.h:29:
In file included from /public/home/zhangkewei/zr/rocm-libraries-rocm-7.2.2/projects/rocfft/library/src/device/../include/function_map_key.h:30:
/public/home/zhangkewei/zr/rocm-libraries-rocm-7.2.2/projects/rocfft/library/src/device/../include/data_descriptor.h:201:5: warning: void function is missing a return statement [-Wreturn-type]
    }
    ^
/public/home/zhangkewei/zr/rocm-libraries-rocm-7.2.2/projects/rocfft/library/src/device/../include/function_map_key.h:252:31: note: in instantiation of member function 'FieldParser<unsigned long>::parse' requested here
        FieldParser<size_t>().parse("tpb", tpb, current);
                              ^
In file included from /public/home/zhangkewei/zr/build/rocfft_build/library/src/device/function_pool_init_3.cpp:1:
In file included from /public/home/zhangkewei/zr/rocm-libraries-rocm-7.2.2/projects/rocfft/library/src/device/../include/function_pool.h:29:
In file included from /public/home/zhangkewei/zr/rocm-libraries-rocm-7.2.2/projects/rocfft/library/src/device/../include/function_map_key.h:30:
/public/home/zhangkewei/zr/rocm-libraries-rocm-7.2.2/projects/rocfft/library/src/device/../include/data_descriptor.h:201:5: warning: void function is missing a return statement [-Wreturn-type]
    }
    ^
/public/home/zhangkewei/zr/rocm-libraries-rocm-7.2.2/projects/rocfft/library/src/device/../include/function_map_key.h:254:28: note: in instantiation of member function 'FieldParser<int>::parse' requested here
        FieldParser<int>().parse("wgs", ret.workgroup_size, current);
                           ^
In file included from /public/home/zhangkewei/zr/build/rocfft_build/library/src/device/function_pool_init_3.cpp:1:
In file included from /public/home/zhangkewei/zr/rocm-libraries-rocm-7.2.2/projects/rocfft/library/src/device/../include/function_pool.h:29:
In file included from /public/home/zhangkewei/zr/rocm-libraries-rocm-7.2.2/projects/rocfft/library/src/device/../include/function_map_key.h:30:
/public/home/zhangkewei/zr/rocm-libraries-rocm-7.2.2/projects/rocfft/library/src/device/../include/data_descriptor.h:201:5: warning: void function is missing a return statement [-Wreturn-type]
    }
    ^
/public/home/zhangkewei/zr/rocm-libraries-rocm-7.2.2/projects/rocfft/library/src/device/../include/function_map_key.h:254:28: note: in instantiation of member function 'FieldParser<int>::parse' requested here
        FieldParser<int>().parse("wgs", ret.workgroup_size, current);
                           ^
In file included from /public/home/zhangkewei/zr/build/rocfft_build/library/src/device/function_pool_init_3.cpp:1:
In file included from /public/home/zhangkewei/zr/rocm-libraries-rocm-7.2.2/projects/rocfft/library/src/device/../include/function_pool.h:29:
In file included from /public/home/zhangkewei/zr/rocm-libraries-rocm-7.2.2/projects/rocfft/library/src/device/../include/function_map_key.h:30:
/public/home/zhangkewei/zr/rocm-libraries-rocm-7.2.2/projects/rocfft/library/src/device/../include/data_descriptor.h:217:5: warning: void function is missing a return statement [-Wreturn-type]
    }
    ^
/public/home/zhangkewei/zr/rocm-libraries-rocm-7.2.2/projects/rocfft/library/src/device/../include/function_map_key.h:255:34: note: in instantiation of member function 'VectorFieldParser<int>::parse' requested here
        VectorFieldParser<int>().parse("tpt", tpt, current);
                                 ^
In file included from /public/home/zhangkewei/zr/build/rocfft_build/library/src/device/function_pool_init_3.cpp:1:
In file included from /public/home/zhangkewei/zr/rocm-libraries-rocm-7.2.2/projects/rocfft/library/src/device/../include/function_pool.h:29:
In file included from /public/home/zhangkewei/zr/rocm-libraries-rocm-7.2.2/projects/rocfft/library/src/device/../include/function_map_key.h:30:
/public/home/zhangkewei/zr/rocm-libraries-rocm-7.2.2/projects/rocfft/library/src/device/../include/data_descriptor.h:188:5: warning: void function is missing a return statement [-Wreturn-type]
    }
    ^
/public/home/zhangkewei/zr/rocm-libraries-rocm-7.2.2/projects/rocfft/library/src/device/../include/data_descriptor.h:216:29: note: in instantiation of member function 'StringToVector<int>::Get' requested here
In file included from /public/home/zhangkewei/zr/build/rocfft_build/library/src/device/function_pool_init_3.cpp:1:
In file included from /public/home/zhangkewei/zr/rocm-libraries-rocm-7.2.2/projects/rocfft/library/src/device/../include/function_pool.h:29:
In file included from /public/home/zhangkewei/zr/rocm-libraries-rocm-7.2.2/projects/rocfft/library/src/device/../include/function_map_key.h:30:
/public/home/zhangkewei/zr/rocm-libraries-rocm-7.2.2/projects/rocfft/library/src/device/../include/data_descriptor.h:217:5: warning: void function is missing a return statement [-Wreturn-type]
    }
    ^
/public/home/zhangkewei/zr/rocm-libraries-rocm-7.2.2/projects/rocfft/library/src/device/../include/function_map_key.h:255:34: note: in instantiation of member function 'VectorFieldParser<int>::parse' requested here
        VectorFieldParser<int>().parse("tpt", tpt, current);
                                 ^
In file included from /public/home/zhangkewei/zr/build/rocfft_build/library/src/device/function_pool_init_3.cpp:1:
In file included from /public/home/zhangkewei/zr/rocm-libraries-rocm-7.2.2/projects/rocfft/library/src/device/../include/function_pool.h:29:
In file included from /public/home/zhangkewei/zr/rocm-libraries-rocm-7.2.2/projects/rocfft/library/src/device/../include/function_map_key.h:30:
/public/home/zhangkewei/zr/rocm-libraries-rocm-7.2.2/projects/rocfft/library/src/device/../include/data_descriptor.h:188:5: warning: void function is missing a return statement [-Wreturn-type]
    }
    ^
/public/home/zhangkewei/zr/rocm-libraries-rocm-7.2.2/projects/rocfft/library/src/device/../include/data_descriptor.h:216:29: note: in instantiation of member function 'StringToVector<int>::Get' requested here
        StringToVector<T>().Get(vec, current);
                            ^
/public/home/zhangkewei/zr/rocm-libraries-rocm-7.2.2/projects/rocfft/library/src/device/../include/function_map_key.h:255:34: note: in instantiation of member function 'VectorFieldParser<int>::parse' requested here
        VectorFieldParser<int>().parse("tpt", tpt, current);
                                 ^
        StringToVector<T>().Get(vec, current);
                            ^
/public/home/zhangkewei/zr/rocm-libraries-rocm-7.2.2/projects/rocfft/library/src/device/../include/function_map_key.h:255:34: note: in instantiation of member function 'VectorFieldParser<int>::parse' requested here
        VectorFieldParser<int>().parse("tpt", tpt, current);
                                 ^
In file included from /public/home/zhangkewei/zr/build/rocfft_build/library/src/device/function_pool_init_3.cpp:1:
In file included from /public/home/zhangkewei/zr/rocm-libraries-rocm-7.2.2/projects/rocfft/library/src/device/../include/function_pool.h:29:
In file included from /public/home/zhangkewei/zr/rocm-libraries-rocm-7.2.2/projects/rocfft/library/src/device/../include/function_map_key.h:30:
/public/home/zhangkewei/zr/rocm-libraries-rocm-7.2.2/projects/rocfft/library/src/device/../include/data_descriptor.h:217:5: warning: void function is missing a return statement [-Wreturn-type]
    }
    ^
/public/home/zhangkewei/zr/rocm-libraries-rocm-7.2.2/projects/rocfft/library/src/device/../include/function_map_key.h:256:37: note: in instantiation of member function 'VectorFieldParser<unsigned long>::parse' requested here
        VectorFieldParser<size_t>().parse("factors", ret.factors, current);
                                    ^
In file included from /public/home/zhangkewei/zr/build/rocfft_build/library/src/device/function_pool_init_3.cpp:1:
In file included from /public/home/zhangkewei/zr/rocm-libraries-rocm-7.2.2/projects/rocfft/library/src/device/../include/function_pool.h:29:
In file included from /public/home/zhangkewei/zr/rocm-libraries-rocm-7.2.2/projects/rocfft/library/src/device/../include/function_map_key.h:30:
/public/home/zhangkewei/zr/rocm-libraries-rocm-7.2.2/projects/rocfft/library/src/device/../include/data_descriptor.h:188:5: warning: void function is missing a return statement [-Wreturn-type]
    }
    ^
/public/home/zhangkewei/zr/rocm-libraries-rocm-7.2.2/projects/rocfft/library/src/device/../include/data_descriptor.h:216:29: note: in instantiation of member function 'StringToVector<unsigned long>::Get' requested here
        StringToVector<T>().Get(vec, current);
                            ^
/public/home/zhangkewei/zr/rocm-libraries-rocm-7.2.2/projects/rocfft/library/src/device/../include/function_map_key.h:256:37: note: in instantiation of member function 'VectorFieldParser<unsigned long>::parse' requested here
        VectorFieldParser<size_t>().parse("factors", ret.factors, current);
                                    ^
In file included from /public/home/zhangkewei/zr/build/rocfft_build/library/src/device/function_pool_init_3.cpp:1:
In file included from /public/home/zhangkewei/zr/rocm-libraries-rocm-7.2.2/projects/rocfft/library/src/device/../include/function_pool.h:29:
In file included from /public/home/zhangkewei/zr/rocm-libraries-rocm-7.2.2/projects/rocfft/library/src/device/../include/function_map_key.h:30:
/public/home/zhangkewei/zr/rocm-libraries-rocm-7.2.2/projects/rocfft/library/src/device/../include/data_descriptor.h:217:5: warning: void function is missing a return statement [-Wreturn-type]
    }
    ^
/public/home/zhangkewei/zr/rocm-libraries-rocm-7.2.2/projects/rocfft/library/src/device/../include/function_map_key.h:256:37: note: in instantiation of member function 'VectorFieldParser<unsigned long>::parse' requested here
        VectorFieldParser<size_t>().parse("factors", ret.factors, current);
                                    ^
In file included from /public/home/zhangkewei/zr/build/rocfft_build/library/src/device/function_pool_init_3.cpp:1:
In file included from /public/home/zhangkewei/zr/rocm-libraries-rocm-7.2.2/projects/rocfft/library/src/device/../include/function_pool.h:29:
In file included from /public/home/zhangkewei/zr/rocm-libraries-rocm-7.2.2/projects/rocfft/library/src/device/../include/function_map_key.h:30:
/public/home/zhangkewei/zr/rocm-libraries-rocm-7.2.2/projects/rocfft/library/src/device/../include/data_descriptor.h:188:5: warning: void function is missing a return statement [-Wreturn-type]
    }
    ^
/public/home/zhangkewei/zr/rocm-libraries-rocm-7.2.2/projects/rocfft/library/src/device/../include/data_descriptor.h:216:29: note: in instantiation of member function 'StringToVector<unsigned long>::Get' requested here
        StringToVector<T>().Get(vec, current);
                            ^
/public/home/zhangkewei/zr/rocm-libraries-rocm-7.2.2/projects/rocfft/library/src/device/../include/function_map_key.h:256:37: note: in instantiation of member function 'VectorFieldParser<unsigned long>::parse' requested here
        VectorFieldParser<size_t>().parse("factors", ret.factors, current);
                                    ^
In file included from /public/home/zhangkewei/zr/build/rocfft_build/library/src/device/function_pool_init_3.cpp:1:
In file included from /public/home/zhangkewei/zr/rocm-libraries-rocm-7.2.2/projects/rocfft/library/src/device/../include/function_pool.h:29:
In file included from /public/home/zhangkewei/zr/rocm-libraries-rocm-7.2.2/projects/rocfft/library/src/device/../include/function_map_key.h:30:
/public/home/zhangkewei/zr/rocm-libraries-rocm-7.2.2/projects/rocfft/library/src/device/../include/data_descriptor.h:201:5: warning: void function is missing a return statement [-Wreturn-type]
    }
    ^
/public/home/zhangkewei/zr/rocm-libraries-rocm-7.2.2/projects/rocfft/library/src/device/../include/function_map_key.h:269:40: note: in instantiation of member function 'FieldParser<std::basic_string<char>>::parse' requested here
            FieldParser<std::string>().parse("ebtype", ebTypeStr, current);
                                       ^
In file included from /public/home/zhangkewei/zr/build/rocfft_build/library/src/device/function_pool_init_3.cpp:1:
In file included from /public/home/zhangkewei/zr/rocm-libraries-rocm-7.2.2/projects/rocfft/library/src/device/../include/function_pool.h:29:
In file included from /public/home/zhangkewei/zr/rocm-libraries-rocm-7.2.2/projects/rocfft/library/src/device/../include/function_map_key.h:30:
/public/home/zhangkewei/zr/rocm-libraries-rocm-7.2.2/projects/rocfft/library/src/device/../include/data_descriptor.h:201:5: warning: void function is missing a return statement [-Wreturn-type]
    }
    ^
/public/home/zhangkewei/zr/rocm-libraries-rocm-7.2.2/projects/rocfft/library/src/device/../include/function_map_key.h:269:40: note: in instantiation of member function 'FieldParser<std::basic_string<char>>::parse' requested here
            FieldParser<std::string>().parse("ebtype", ebTypeStr, current);
                                       ^
In file included from /public/home/zhangkewei/zr/build/rocfft_build/library/src/device/function_pool_init_3.cpp:1:
In file included from /public/home/zhangkewei/zr/rocm-libraries-rocm-7.2.2/projects/rocfft/library/src/device/../include/function_pool.h:29:
In file included from /public/home/zhangkewei/zr/rocm-libraries-rocm-7.2.2/projects/rocfft/library/src/device/../include/function_map_key.h:30:
/public/home/zhangkewei/zr/rocm-libraries-rocm-7.2.2/projects/rocfft/library/src/device/../include/data_descriptor.h:201:5: warning: void function is missing a return statement [-Wreturn-type]
    }
    ^
/public/home/zhangkewei/zr/rocm-libraries-rocm-7.2.2/projects/rocfft/library/src/device/../include/function_map_key.h:456:37: note: in instantiation of member function 'FieldParser<KernelConfig>::parse' requested here
        FieldParser<KernelConfig>().parse("kernelConfig", config, current);
                                    ^
In file included from /public/home/zhangkewei/zr/build/rocfft_build/library/src/device/function_pool_init_3.cpp:1:
In file included from /public/home/zhangkewei/zr/rocm-libraries-rocm-7.2.2/projects/rocfft/library/src/device/../include/function_pool.h:29:
In file included from /public/home/zhangkewei/zr/rocm-libraries-rocm-7.2.2/projects/rocfft/library/src/device/../include/function_map_key.h:30:
/public/home/zhangkewei/zr/rocm-libraries-rocm-7.2.2/projects/rocfft/library/src/device/../include/data_descriptor.h:201:5: warning: void function is missing a return statement [-Wreturn-type]
    }
    ^
/public/home/zhangkewei/zr/rocm-libraries-rocm-7.2.2/projects/rocfft/library/src/device/../include/function_map_key.h:456:37: note: in instantiation of member function 'FieldParser<KernelConfig>::parse' requested here
        FieldParser<KernelConfig>().parse("kernelConfig", config, current);
                                    ^
In file included from /public/home/zhangkewei/zr/build/rocfft_build/library/src/device/function_pool_init_3.cpp:1:
In file included from /public/home/zhangkewei/zr/rocm-libraries-rocm-7.2.2/projects/rocfft/library/src/device/../include/function_pool.h:29:
In file included from /public/home/zhangkewei/zr/rocm-libraries-rocm-7.2.2/projects/rocfft/library/src/device/../include/function_map_key.h:30:
/public/home/zhangkewei/zr/rocm-libraries-rocm-7.2.2/projects/rocfft/library/src/device/../include/data_descriptor.h:201:5: warning: void function is missing a return statement [-Wreturn-type]
    }
    ^
/public/home/zhangkewei/zr/rocm-libraries-rocm-7.2.2/projects/rocfft/library/src/device/../include/function_map_key.h:252:31: note: in instantiation of member function 'FieldParser<unsigned long>::parse' requested here
        FieldParser<size_t>().parse("tpb", tpb, current);
                              ^
In file included from /public/home/zhangkewei/zr/build/rocfft_build/library/src/device/function_pool_init_3.cpp:1:
In file included from /public/home/zhangkewei/zr/rocm-libraries-rocm-7.2.2/projects/rocfft/library/src/device/../include/function_pool.h:29:
In file included from /public/home/zhangkewei/zr/rocm-libraries-rocm-7.2.2/projects/rocfft/library/src/device/../include/function_map_key.h:30:
/public/home/zhangkewei/zr/rocm-libraries-rocm-7.2.2/projects/rocfft/library/src/device/../include/data_descriptor.h:201:5: warning: void function is missing a return statement [-Wreturn-type]
    }
    ^
/public/home/zhangkewei/zr/rocm-libraries-rocm-7.2.2/projects/rocfft/library/src/device/../include/function_map_key.h:254:28: note: in instantiation of member function 'FieldParser<int>::parse' requested here
        FieldParser<int>().parse("wgs", ret.workgroup_size, current);
                           ^
In file included from /public/home/zhangkewei/zr/build/rocfft_build/library/src/device/function_pool_init_3.cpp:1:
In file included from /public/home/zhangkewei/zr/rocm-libraries-rocm-7.2.2/projects/rocfft/library/src/device/../include/function_pool.h:29:
In file included from /public/home/zhangkewei/zr/rocm-libraries-rocm-7.2.2/projects/rocfft/library/src/device/../include/function_map_key.h:30:
/public/home/zhangkewei/zr/rocm-libraries-rocm-7.2.2/projects/rocfft/library/src/device/../include/data_descriptor.h:217:5: warning: void function is missing a return statement [-Wreturn-type]
    }
    ^
/public/home/zhangkewei/zr/rocm-libraries-rocm-7.2.2/projects/rocfft/library/src/device/../include/function_map_key.h:255:34: note: in instantiation of member function 'VectorFieldParser<int>::parse' requested here
        VectorFieldParser<int>().parse("tpt", tpt, current);
                                 ^
In file included from /public/home/zhangkewei/zr/build/rocfft_build/library/src/device/function_pool_init_3.cpp:1:
In file included from /public/home/zhangkewei/zr/rocm-libraries-rocm-7.2.2/projects/rocfft/library/src/device/../include/function_pool.h:29:
In file included from /public/home/zhangkewei/zr/rocm-libraries-rocm-7.2.2/projects/rocfft/library/src/device/../include/function_map_key.h:30:
/public/home/zhangkewei/zr/rocm-libraries-rocm-7.2.2/projects/rocfft/library/src/device/../include/data_descriptor.h:188:5: warning: void function is missing a return statement [-Wreturn-type]
    }
    ^
/public/home/zhangkewei/zr/rocm-libraries-rocm-7.2.2/projects/rocfft/library/src/device/../include/data_descriptor.h:216:29: note: in instantiation of member function 'StringToVector<int>::Get' requested here
        StringToVector<T>().Get(vec, current);
                            ^
/public/home/zhangkewei/zr/rocm-libraries-rocm-7.2.2/projects/rocfft/library/src/device/../include/function_map_key.h:255:34: note: in instantiation of member function 'VectorFieldParser<int>::parse' requested here
        VectorFieldParser<int>().parse("tpt", tpt, current);
                                 ^
In file included from /public/home/zhangkewei/zr/build/rocfft_build/library/src/device/function_pool_init_3.cpp:1:
In file included from /public/home/zhangkewei/zr/rocm-libraries-rocm-7.2.2/projects/rocfft/library/src/device/../include/function_pool.h:29:
In file included from /public/home/zhangkewei/zr/rocm-libraries-rocm-7.2.2/projects/rocfft/library/src/device/../include/function_map_key.h:30:
/public/home/zhangkewei/zr/rocm-libraries-rocm-7.2.2/projects/rocfft/library/src/device/../include/data_descriptor.h:217:5: warning: void function is missing a return statement [-Wreturn-type]
    }
    ^
/public/home/zhangkewei/zr/rocm-libraries-rocm-7.2.2/projects/rocfft/library/src/device/../include/function_map_key.h:256:37: note: in instantiation of member function 'VectorFieldParser<unsigned long>::parse' requested here
        VectorFieldParser<size_t>().parse("factors", ret.factors, current);
                                    ^
In file included from /public/home/zhangkewei/zr/build/rocfft_build/library/src/device/function_pool_init_3.cpp:1:
In file included from /public/home/zhangkewei/zr/rocm-libraries-rocm-7.2.2/projects/rocfft/library/src/device/../include/function_pool.h:29:
In file included from /public/home/zhangkewei/zr/rocm-libraries-rocm-7.2.2/projects/rocfft/library/src/device/../include/function_map_key.h:30:
/public/home/zhangkewei/zr/rocm-libraries-rocm-7.2.2/projects/rocfft/library/src/device/../include/data_descriptor.h:188:5: warning: void function is missing a return statement [-Wreturn-type]
    }
    ^
/public/home/zhangkewei/zr/rocm-libraries-rocm-7.2.2/projects/rocfft/library/src/device/../include/data_descriptor.h:216:29: note: in instantiation of member function 'StringToVector<unsigned long>::Get' requested here
        StringToVector<T>().Get(vec, current);
                            ^
/public/home/zhangkewei/zr/rocm-libraries-rocm-7.2.2/projects/rocfft/library/src/device/../include/function_map_key.h:256:37: note: in instantiation of member function 'VectorFieldParser<unsigned long>::parse' requested here
        VectorFieldParser<size_t>().parse("factors", ret.factors, current);
                                    ^
In file included from /public/home/zhangkewei/zr/build/rocfft_build/library/src/device/function_pool_init_3.cpp:1:
In file included from /public/home/zhangkewei/zr/rocm-libraries-rocm-7.2.2/projects/rocfft/library/src/device/../include/function_pool.h:29:
In file included from /public/home/zhangkewei/zr/rocm-libraries-rocm-7.2.2/projects/rocfft/library/src/device/../include/function_map_key.h:30:
/public/home/zhangkewei/zr/rocm-libraries-rocm-7.2.2/projects/rocfft/library/src/device/../include/data_descriptor.h:201:5: warning: void function is missing a return statement [-Wreturn-type]
    }
    ^
/public/home/zhangkewei/zr/rocm-libraries-rocm-7.2.2/projects/rocfft/library/src/device/../include/function_map_key.h:269:40: note: in instantiation of member function 'FieldParser<std::basic_string<char>>::parse' requested here
            FieldParser<std::string>().parse("ebtype", ebTypeStr, current);
                                       ^
In file included from /public/home/zhangkewei/zr/build/rocfft_build/library/src/device/function_pool_init_3.cpp:1:
In file included from /public/home/zhangkewei/zr/rocm-libraries-rocm-7.2.2/projects/rocfft/library/src/device/../include/function_pool.h:29:
In file included from /public/home/zhangkewei/zr/rocm-libraries-rocm-7.2.2/projects/rocfft/library/src/device/../include/function_map_key.h:30:
/public/home/zhangkewei/zr/rocm-libraries-rocm-7.2.2/projects/rocfft/library/src/device/../include/data_descriptor.h:201:5: warning: void function is missing a return statement [-Wreturn-type]
    }
    ^
/public/home/zhangkewei/zr/rocm-libraries-rocm-7.2.2/projects/rocfft/library/src/device/../include/function_map_key.h:456:37: note: in instantiation of member function 'FieldParser<KernelConfig>::parse' requested here
        FieldParser<KernelConfig>().parse("kernelConfig", config, current);
                                    ^
19 warnings generated when compiling for gfx926.
19 warnings generated when compiling for gfx928.
19 warnings generated when compiling for gfx906.
In file included from /public/home/zhangkewei/zr/build/rocfft_build/library/src/device/function_pool_init_3.cpp:1:
In file included from /public/home/zhangkewei/zr/rocm-libraries-rocm-7.2.2/projects/rocfft/library/src/device/../include/function_pool.h:29:
In file included from /public/home/zhangkewei/zr/rocm-libraries-rocm-7.2.2/projects/rocfft/library/src/device/../include/function_map_key.h:30:
/public/home/zhangkewei/zr/rocm-libraries-rocm-7.2.2/projects/rocfft/library/src/device/../include/data_descriptor.h:145:5: warning: void function is missing a return statement [-Wreturn-type]
    }
    ^
/public/home/zhangkewei/zr/rocm-libraries-rocm-7.2.2/projects/rocfft/library/src/device/../include/data_descriptor.h:154:5: warning: void function is missing a return statement [-Wreturn-type]
    }
    ^
/public/home/zhangkewei/zr/rocm-libraries-rocm-7.2.2/projects/rocfft/library/src/device/../include/data_descriptor.h:163:5: warning: void function is missing a return statement [-Wreturn-type]
    }
    ^
/public/home/zhangkewei/zr/rocm-libraries-rocm-7.2.2/projects/rocfft/library/src/device/../include/data_descriptor.h:172:5: warning: void function is missing a return statement [-Wreturn-type]
    }
    ^
In file included from /public/home/zhangkewei/zr/build/rocfft_build/library/src/device/function_pool_init_3.cpp:1:
In file included from /public/home/zhangkewei/zr/rocm-libraries-rocm-7.2.2/projects/rocfft/library/src/device/../include/function_pool.h:29:
/public/home/zhangkewei/zr/rocm-libraries-rocm-7.2.2/projects/rocfft/library/src/device/../include/function_map_key.h:284:5: warning: void function is missing a return statement [-Wreturn-type]
    }
    ^
/public/home/zhangkewei/zr/rocm-libraries-rocm-7.2.2/projects/rocfft/library/src/device/../include/function_map_key.h:420:1: warning: void function is missing a return statement [-Wreturn-type]
}
^
/public/home/zhangkewei/zr/rocm-libraries-rocm-7.2.2/projects/rocfft/library/src/device/../include/function_map_key.h:463:5: warning: void function is missing a return statement [-Wreturn-type]
    }
    ^
In file included from /public/home/zhangkewei/zr/build/rocfft_build/library/src/device/function_pool_init_3.cpp:1:
/public/home/zhangkewei/zr/rocm-libraries-rocm-7.2.2/projects/rocfft/library/src/device/../include/function_pool.h:410:1: warning: void function is missing a return statement [-Wreturn-type]
}
^
/public/home/zhangkewei/zr/rocm-libraries-rocm-7.2.2/projects/rocfft/library/src/device/../include/function_pool.h:433:1: warning: void function is missing a return statement [-Wreturn-type]
}
^
/public/home/zhangkewei/zr/build/rocfft_build/library/src/device/function_pool_init_3.cpp:654:250: warning: void function is missing a return statement [-Wreturn-type]
insert_default_entry(PPFMKey(52, 64, 64, rocfft_precision_double, CS_3D_PP, pp_kernel_1.get_kernel_config(), pp_kernel_2.get_kernel_config()), pp_kernel_1, pp_kernel_2, std::get<1>(def_keys), std::get<1>(function_maps), 65536);/* generator.py:821 */}
                                                                                                                                                                                                                                                         ^
In file included from /public/home/zhangkewei/zr/build/rocfft_build/library/src/device/function_pool_init_3.cpp:1:
In file included from /public/home/zhangkewei/zr/rocm-libraries-rocm-7.2.2/projects/rocfft/library/src/device/../include/function_pool.h:29:
In file included from /public/home/zhangkewei/zr/rocm-libraries-rocm-7.2.2/projects/rocfft/library/src/device/../include/function_map_key.h:30:
/public/home/zhangkewei/zr/rocm-libraries-rocm-7.2.2/projects/rocfft/library/src/device/../include/data_descriptor.h:201:5: warning: void function is missing a return statement [-Wreturn-type]
    }
    ^
/public/home/zhangkewei/zr/rocm-libraries-rocm-7.2.2/projects/rocfft/library/src/device/../include/function_map_key.h:248:29: note: in instantiation of member function 'FieldParser<bool>::parse' requested here
        FieldParser<bool>().parse("use_3steps", ret.use_3steps_large_twd, current);
                            ^
In file included from /public/home/zhangkewei/zr/build/rocfft_build/library/src/device/function_pool_init_3.cpp:1:
In file included from /public/home/zhangkewei/zr/rocm-libraries-rocm-7.2.2/projects/rocfft/library/src/device/../include/function_pool.h:29:
In file included from /public/home/zhangkewei/zr/rocm-libraries-rocm-7.2.2/projects/rocfft/library/src/device/../include/function_map_key.h:30:
/public/home/zhangkewei/zr/rocm-libraries-rocm-7.2.2/projects/rocfft/library/src/device/../include/data_descriptor.h:201:5: warning: void function is missing a return statement [-Wreturn-type]
    }
    ^
/public/home/zhangkewei/zr/rocm-libraries-rocm-7.2.2/projects/rocfft/library/src/device/../include/function_map_key.h:252:31: note: in instantiation of member function 'FieldParser<unsigned long>::parse' requested here
        FieldParser<size_t>().parse("tpb", tpb, current);
                              ^
In file included from /public/home/zhangkewei/zr/build/rocfft_build/library/src/device/function_pool_init_3.cpp:1:
In file included from /public/home/zhangkewei/zr/rocm-libraries-rocm-7.2.2/projects/rocfft/library/src/device/../include/function_pool.h:29:
In file included from /public/home/zhangkewei/zr/rocm-libraries-rocm-7.2.2/projects/rocfft/library/src/device/../include/function_map_key.h:30:
/public/home/zhangkewei/zr/rocm-libraries-rocm-7.2.2/projects/rocfft/library/src/device/../include/data_descriptor.h:201:5: warning: void function is missing a return statement [-Wreturn-type]
    }
    ^
/public/home/zhangkewei/zr/rocm-libraries-rocm-7.2.2/projects/rocfft/library/src/device/../include/function_map_key.h:254:28: note: in instantiation of member function 'FieldParser<int>::parse' requested here
        FieldParser<int>().parse("wgs", ret.workgroup_size, current);
                           ^
In file included from /public/home/zhangkewei/zr/build/rocfft_build/library/src/device/function_pool_init_3.cpp:1:
In file included from /public/home/zhangkewei/zr/rocm-libraries-rocm-7.2.2/projects/rocfft/library/src/device/../include/function_pool.h:29:
In file included from /public/home/zhangkewei/zr/rocm-libraries-rocm-7.2.2/projects/rocfft/library/src/device/../include/function_map_key.h:30:
/public/home/zhangkewei/zr/rocm-libraries-rocm-7.2.2/projects/rocfft/library/src/device/../include/data_descriptor.h:217:5: warning: void function is missing a return statement [-Wreturn-type]
    }
    ^
/public/home/zhangkewei/zr/rocm-libraries-rocm-7.2.2/projects/rocfft/library/src/device/../include/function_map_key.h:255:34: note: in instantiation of member function 'VectorFieldParser<int>::parse' requested here
        VectorFieldParser<int>().parse("tpt", tpt, current);
                                 ^
In file included from /public/home/zhangkewei/zr/build/rocfft_build/library/src/device/function_pool_init_3.cpp:1:
In file included from /public/home/zhangkewei/zr/rocm-libraries-rocm-7.2.2/projects/rocfft/library/src/device/../include/function_pool.h:29:
In file included from /public/home/zhangkewei/zr/rocm-libraries-rocm-7.2.2/projects/rocfft/library/src/device/../include/function_map_key.h:30:
/public/home/zhangkewei/zr/rocm-libraries-rocm-7.2.2/projects/rocfft/library/src/device/../include/data_descriptor.h:188:5: warning: void function is missing a return statement [-Wreturn-type]
    }
    ^
/public/home/zhangkewei/zr/rocm-libraries-rocm-7.2.2/projects/rocfft/library/src/device/../include/data_descriptor.h:216:29: note: in instantiation of member function 'StringToVector<int>::Get' requested here
        StringToVector<T>().Get(vec, current);
                            ^
/public/home/zhangkewei/zr/rocm-libraries-rocm-7.2.2/projects/rocfft/library/src/device/../include/function_map_key.h:255:34: note: in instantiation of member function 'VectorFieldParser<int>::parse' requested here
        VectorFieldParser<int>().parse("tpt", tpt, current);
                                 ^
In file included from /public/home/zhangkewei/zr/build/rocfft_build/library/src/device/function_pool_init_3.cpp:1:
In file included from /public/home/zhangkewei/zr/rocm-libraries-rocm-7.2.2/projects/rocfft/library/src/device/../include/function_pool.h:29:
In file included from /public/home/zhangkewei/zr/rocm-libraries-rocm-7.2.2/projects/rocfft/library/src/device/../include/function_map_key.h:30:
/public/home/zhangkewei/zr/rocm-libraries-rocm-7.2.2/projects/rocfft/library/src/device/../include/data_descriptor.h:217:5: warning: void function is missing a return statement [-Wreturn-type]
    }
    ^
/public/home/zhangkewei/zr/rocm-libraries-rocm-7.2.2/projects/rocfft/library/src/device/../include/function_map_key.h:256:37: note: in instantiation of member function 'VectorFieldParser<unsigned long>::parse' requested here
        VectorFieldParser<size_t>().parse("factors", ret.factors, current);
                                    ^
In file included from /public/home/zhangkewei/zr/build/rocfft_build/library/src/device/function_pool_init_3.cpp:1:
In file included from /public/home/zhangkewei/zr/rocm-libraries-rocm-7.2.2/projects/rocfft/library/src/device/../include/function_pool.h:29:
In file included from /public/home/zhangkewei/zr/rocm-libraries-rocm-7.2.2/projects/rocfft/library/src/device/../include/function_map_key.h:30:
/public/home/zhangkewei/zr/rocm-libraries-rocm-7.2.2/projects/rocfft/library/src/device/../include/data_descriptor.h:188:5: warning: void function is missing a return statement [-Wreturn-type]
    }
    ^
/public/home/zhangkewei/zr/rocm-libraries-rocm-7.2.2/projects/rocfft/library/src/device/../include/data_descriptor.h:216:29: note: in instantiation of member function 'StringToVector<unsigned long>::Get' requested here
        StringToVector<T>().Get(vec, current);
                            ^
/public/home/zhangkewei/zr/rocm-libraries-rocm-7.2.2/projects/rocfft/library/src/device/../include/function_map_key.h:256:37: note: in instantiation of member function 'VectorFieldParser<unsigned long>::parse' requested here
        VectorFieldParser<size_t>().parse("factors", ret.factors, current);
                                    ^
In file included from /public/home/zhangkewei/zr/build/rocfft_build/library/src/device/function_pool_init_3.cpp:1:
In file included from /public/home/zhangkewei/zr/rocm-libraries-rocm-7.2.2/projects/rocfft/library/src/device/../include/function_pool.h:29:
In file included from /public/home/zhangkewei/zr/rocm-libraries-rocm-7.2.2/projects/rocfft/library/src/device/../include/function_map_key.h:30:
/public/home/zhangkewei/zr/rocm-libraries-rocm-7.2.2/projects/rocfft/library/src/device/../include/data_descriptor.h:201:5: warning: void function is missing a return statement [-Wreturn-type]
    }
    ^
/public/home/zhangkewei/zr/rocm-libraries-rocm-7.2.2/projects/rocfft/library/src/device/../include/function_map_key.h:269:40: note: in instantiation of member function 'FieldParser<std::basic_string<char>>::parse' requested here
            FieldParser<std::string>().parse("ebtype", ebTypeStr, current);
                                       ^
In file included from /public/home/zhangkewei/zr/build/rocfft_build/library/src/device/function_pool_init_3.cpp:1:
In file included from /public/home/zhangkewei/zr/rocm-libraries-rocm-7.2.2/projects/rocfft/library/src/device/../include/function_pool.h:29:
In file included from /public/home/zhangkewei/zr/rocm-libraries-rocm-7.2.2/projects/rocfft/library/src/device/../include/function_map_key.h:30:
/public/home/zhangkewei/zr/rocm-libraries-rocm-7.2.2/projects/rocfft/library/src/device/../include/data_descriptor.h:201:5: warning: void function is missing a return statement [-Wreturn-type]
    }
    ^
/public/home/zhangkewei/zr/rocm-libraries-rocm-7.2.2/projects/rocfft/library/src/device/../include/function_map_key.h:456:37: note: in instantiation of member function 'FieldParser<KernelConfig>::parse' requested here
        FieldParser<KernelConfig>().parse("kernelConfig", config, current);
                                    ^
19 warnings generated when compiling for gfx936.
In file included from /public/home/zhangkewei/zr/build/rocfft_build/library/src/device/function_pool_init_3.cpp:1:
In file included from /public/home/zhangkewei/zr/rocm-libraries-rocm-7.2.2/projects/rocfft/library/src/device/../include/function_pool.h:29:
In file included from /public/home/zhangkewei/zr/rocm-libraries-rocm-7.2.2/projects/rocfft/library/src/device/../include/function_map_key.h:30:
/public/home/zhangkewei/zr/rocm-libraries-rocm-7.2.2/projects/rocfft/library/src/device/../include/data_descriptor.h:145:5: warning: void function is missing a return statement [-Wreturn-type]
    }
    ^
/public/home/zhangkewei/zr/rocm-libraries-rocm-7.2.2/projects/rocfft/library/src/device/../include/data_descriptor.h:154:5: warning: void function is missing a return statement [-Wreturn-type]
    }
    ^
/public/home/zhangkewei/zr/rocm-libraries-rocm-7.2.2/projects/rocfft/library/src/device/../include/data_descriptor.h:163:5: warning: void function is missing a return statement [-Wreturn-type]
    }
    ^
/public/home/zhangkewei/zr/rocm-libraries-rocm-7.2.2/projects/rocfft/library/src/device/../include/data_descriptor.h:172:5: warning: void function is missing a return statement [-Wreturn-type]
    }
    ^
In file included from /public/home/zhangkewei/zr/build/rocfft_build/library/src/device/function_pool_init_3.cpp:1:
In file included from /public/home/zhangkewei/zr/rocm-libraries-rocm-7.2.2/projects/rocfft/library/src/device/../include/function_pool.h:29:
/public/home/zhangkewei/zr/rocm-libraries-rocm-7.2.2/projects/rocfft/library/src/device/../include/function_map_key.h:284:5: warning: void function is missing a return statement [-Wreturn-type]
    }
    ^
/public/home/zhangkewei/zr/rocm-libraries-rocm-7.2.2/projects/rocfft/library/src/device/../include/function_map_key.h:420:1: warning: void function is missing a return statement [-Wreturn-type]
}
^
/public/home/zhangkewei/zr/rocm-libraries-rocm-7.2.2/projects/rocfft/library/src/device/../include/function_map_key.h:463:5: warning: void function is missing a return statement [-Wreturn-type]
    }
    ^
In file included from /public/home/zhangkewei/zr/build/rocfft_build/library/src/device/function_pool_init_3.cpp:1:
/public/home/zhangkewei/zr/rocm-libraries-rocm-7.2.2/projects/rocfft/library/src/device/../include/function_pool.h:410:1: warning: void function is missing a return statement [-Wreturn-type]
}
^
/public/home/zhangkewei/zr/rocm-libraries-rocm-7.2.2/projects/rocfft/library/src/device/../include/function_pool.h:433:1: warning: void function is missing a return statement [-Wreturn-type]
}
^
/public/home/zhangkewei/zr/build/rocfft_build/library/src/device/function_pool_init_3.cpp:654:250: warning: void function is missing a return statement [-Wreturn-type]
insert_default_entry(PPFMKey(52, 64, 64, rocfft_precision_double, CS_3D_PP, pp_kernel_1.get_kernel_config(), pp_kernel_2.get_kernel_config()), pp_kernel_1, pp_kernel_2, std::get<1>(def_keys), std::get<1>(function_maps), 65536);/* generator.py:821 */}
                                                                                                                                                                                                                                                         ^
In file included from /public/home/zhangkewei/zr/build/rocfft_build/library/src/device/function_pool_init_3.cpp:1:
In file included from /public/home/zhangkewei/zr/rocm-libraries-rocm-7.2.2/projects/rocfft/library/src/device/../include/function_pool.h:29:
In file included from /public/home/zhangkewei/zr/rocm-libraries-rocm-7.2.2/projects/rocfft/library/src/device/../include/function_map_key.h:30:
/public/home/zhangkewei/zr/rocm-libraries-rocm-7.2.2/projects/rocfft/library/src/device/../include/data_descriptor.h:201:5: warning: void function is missing a return statement [-Wreturn-type]
    }
    ^
/public/home/zhangkewei/zr/rocm-libraries-rocm-7.2.2/projects/rocfft/library/src/device/../include/function_map_key.h:248:29: note: in instantiation of member function 'FieldParser<bool>::parse' requested here
        FieldParser<bool>().parse("use_3steps", ret.use_3steps_large_twd, current);
                            ^
In file included from /public/home/zhangkewei/zr/build/rocfft_build/library/src/device/function_pool_init_3.cpp:1:
In file included from /public/home/zhangkewei/zr/rocm-libraries-rocm-7.2.2/projects/rocfft/library/src/device/../include/function_pool.h:29:
In file included from /public/home/zhangkewei/zr/rocm-libraries-rocm-7.2.2/projects/rocfft/library/src/device/../include/function_map_key.h:30:
/public/home/zhangkewei/zr/rocm-libraries-rocm-7.2.2/projects/rocfft/library/src/device/../include/data_descriptor.h:201:5: warning: void function is missing a return statement [-Wreturn-type]
    }
    ^
/public/home/zhangkewei/zr/rocm-libraries-rocm-7.2.2/projects/rocfft/library/src/device/../include/function_map_key.h:252:31: note: in instantiation of member function 'FieldParser<unsigned long>::parse' requested here
        FieldParser<size_t>().parse("tpb", tpb, current);
                              ^
In file included from /public/home/zhangkewei/zr/build/rocfft_build/library/src/device/function_pool_init_3.cpp:1:
In file included from /public/home/zhangkewei/zr/rocm-libraries-rocm-7.2.2/projects/rocfft/library/src/device/../include/function_pool.h:29:
In file included from /public/home/zhangkewei/zr/rocm-libraries-rocm-7.2.2/projects/rocfft/library/src/device/../include/function_map_key.h:30:
/public/home/zhangkewei/zr/rocm-libraries-rocm-7.2.2/projects/rocfft/library/src/device/../include/data_descriptor.h:201:5: warning: void function is missing a return statement [-Wreturn-type]
    }
    ^
/public/home/zhangkewei/zr/rocm-libraries-rocm-7.2.2/projects/rocfft/library/src/device/../include/function_map_key.h:254:28: note: in instantiation of member function 'FieldParser<int>::parse' requested here
        FieldParser<int>().parse("wgs", ret.workgroup_size, current);
                           ^
In file included from /public/home/zhangkewei/zr/build/rocfft_build/library/src/device/function_pool_init_3.cpp:1:
In file included from /public/home/zhangkewei/zr/rocm-libraries-rocm-7.2.2/projects/rocfft/library/src/device/../include/function_pool.h:29:
In file included from /public/home/zhangkewei/zr/rocm-libraries-rocm-7.2.2/projects/rocfft/library/src/device/../include/function_map_key.h:30:
/public/home/zhangkewei/zr/rocm-libraries-rocm-7.2.2/projects/rocfft/library/src/device/../include/data_descriptor.h:217:5: warning: void function is missing a return statement [-Wreturn-type]
    }
    ^
/public/home/zhangkewei/zr/rocm-libraries-rocm-7.2.2/projects/rocfft/library/src/device/../include/function_map_key.h:255:34: note: in instantiation of member function 'VectorFieldParser<int>::parse' requested here
        VectorFieldParser<int>().parse("tpt", tpt, current);
                                 ^
In file included from /public/home/zhangkewei/zr/build/rocfft_build/library/src/device/function_pool_init_3.cpp:1:
In file included from /public/home/zhangkewei/zr/rocm-libraries-rocm-7.2.2/projects/rocfft/library/src/device/../include/function_pool.h:29:
In file included from /public/home/zhangkewei/zr/rocm-libraries-rocm-7.2.2/projects/rocfft/library/src/device/../include/function_map_key.h:30:
/public/home/zhangkewei/zr/rocm-libraries-rocm-7.2.2/projects/rocfft/library/src/device/../include/data_descriptor.h:188:5: warning: void function is missing a return statement [-Wreturn-type]
    }
    ^
/public/home/zhangkewei/zr/rocm-libraries-rocm-7.2.2/projects/rocfft/library/src/device/../include/data_descriptor.h:216:29: note: in instantiation of member function 'StringToVector<int>::Get' requested here
        StringToVector<T>().Get(vec, current);
                            ^
/public/home/zhangkewei/zr/rocm-libraries-rocm-7.2.2/projects/rocfft/library/src/device/../include/function_map_key.h:255:34: note: in instantiation of member function 'VectorFieldParser<int>::parse' requested here
        VectorFieldParser<int>().parse("tpt", tpt, current);
                                 ^
In file included from /public/home/zhangkewei/zr/build/rocfft_build/library/src/device/function_pool_init_3.cpp:1:
In file included from /public/home/zhangkewei/zr/rocm-libraries-rocm-7.2.2/projects/rocfft/library/src/device/../include/function_pool.h:29:
In file included from /public/home/zhangkewei/zr/rocm-libraries-rocm-7.2.2/projects/rocfft/library/src/device/../include/function_map_key.h:30:
/public/home/zhangkewei/zr/rocm-libraries-rocm-7.2.2/projects/rocfft/library/src/device/../include/data_descriptor.h:217:5: warning: void function is missing a return statement [-Wreturn-type]
    }
    ^
/public/home/zhangkewei/zr/rocm-libraries-rocm-7.2.2/projects/rocfft/library/src/device/../include/function_map_key.h:256:37: note: in instantiation of member function 'VectorFieldParser<unsigned long>::parse' requested here
        VectorFieldParser<size_t>().parse("factors", ret.factors, current);
                                    ^
In file included from /public/home/zhangkewei/zr/build/rocfft_build/library/src/device/function_pool_init_3.cpp:1:
In file included from /public/home/zhangkewei/zr/rocm-libraries-rocm-7.2.2/projects/rocfft/library/src/device/../include/function_pool.h:29:
In file included from /public/home/zhangkewei/zr/rocm-libraries-rocm-7.2.2/projects/rocfft/library/src/device/../include/function_map_key.h:30:
/public/home/zhangkewei/zr/rocm-libraries-rocm-7.2.2/projects/rocfft/library/src/device/../include/data_descriptor.h:188:5: warning: void function is missing a return statement [-Wreturn-type]
    }
    ^
/public/home/zhangkewei/zr/rocm-libraries-rocm-7.2.2/projects/rocfft/library/src/device/../include/data_descriptor.h:216:29: note: in instantiation of member function 'StringToVector<unsigned long>::Get' requested here
        StringToVector<T>().Get(vec, current);
                            ^
/public/home/zhangkewei/zr/rocm-libraries-rocm-7.2.2/projects/rocfft/library/src/device/../include/function_map_key.h:256:37: note: in instantiation of member function 'VectorFieldParser<unsigned long>::parse' requested here
        VectorFieldParser<size_t>().parse("factors", ret.factors, current);
                                    ^
In file included from /public/home/zhangkewei/zr/build/rocfft_build/library/src/device/function_pool_init_3.cpp:1:
In file included from /public/home/zhangkewei/zr/rocm-libraries-rocm-7.2.2/projects/rocfft/library/src/device/../include/function_pool.h:29:
In file included from /public/home/zhangkewei/zr/rocm-libraries-rocm-7.2.2/projects/rocfft/library/src/device/../include/function_map_key.h:30:
/public/home/zhangkewei/zr/rocm-libraries-rocm-7.2.2/projects/rocfft/library/src/device/../include/data_descriptor.h:201:5: warning: void function is missing a return statement [-Wreturn-type]
    }
    ^
/public/home/zhangkewei/zr/rocm-libraries-rocm-7.2.2/projects/rocfft/library/src/device/../include/function_map_key.h:269:40: note: in instantiation of member function 'FieldParser<std::basic_string<char>>::parse' requested here
            FieldParser<std::string>().parse("ebtype", ebTypeStr, current);
                                       ^
In file included from /public/home/zhangkewei/zr/build/rocfft_build/library/src/device/function_pool_init_3.cpp:1:
In file included from /public/home/zhangkewei/zr/rocm-libraries-rocm-7.2.2/projects/rocfft/library/src/device/../include/function_pool.h:29:
In file included from /public/home/zhangkewei/zr/rocm-libraries-rocm-7.2.2/projects/rocfft/library/src/device/../include/function_map_key.h:30:
/public/home/zhangkewei/zr/rocm-libraries-rocm-7.2.2/projects/rocfft/library/src/device/../include/data_descriptor.h:201:5: warning: void function is missing a return statement [-Wreturn-type]
    }
    ^
/public/home/zhangkewei/zr/rocm-libraries-rocm-7.2.2/projects/rocfft/library/src/device/../include/function_map_key.h:456:37: note: in instantiation of member function 'FieldParser<KernelConfig>::parse' requested here
        FieldParser<KernelConfig>().parse("kernelConfig", config, current);
                                    ^
19 warnings generated when compiling for host.
