>>> 已激活 fft 环境
source_head=74a0031ef11aa1beb809f8d6280e70a38d3fe141
node=f09r1n01
start=2026-09-22T17:51:11+08:00
hipprof=/public/software/compiler/dtk-26.04/bin/hipprof
571c53dfb72b1b522ce93af6e585b86b5879ee923b1760313fb3c814ed8711a2  /public/home/zhangkewei/zr/install-exp090-control/lib/librocfft.so.0.1
ad152877ba276dd70d6dbdac2e6fec454e348eb989431229f412a69f2da531a5  /public/home/zhangkewei/zr/install-exp090-candidate/lib/librocfft.so.0.1
variant=stable length=65536 round=r1 start=2026-09-22T17:51:11+08:00
Running profile with 10 samples
out-of-place
length: 65536

Token: complex_forward_len_65536_double_op_batch_1000_istride_1_CI_ostride_1_CI_idist_65536_odist_65536_ioffset_0_0_ooffset_0_0

Execution gpu time: 3.45296 3.46448 3.4648 3.4576 3.46272 3.4656 3.45392 3.4616 3.45888 3.46112 ms
Execution gflops:   1518.37 1513.32 1513.18 1516.33 1514.09 1512.83 1517.95 1514.58 1515.77 1514.79
HIP_PROF:on Tue Sep 22 17:51:11 2026
HIP_PROF:process id '1299275'
HIP_PROF:db file '/public/home/zhangkewei/zr/exp-078-sbrc-two-tier/results/exp090_paired_855992/stable_65536_r1.db'
HIP_PROF:out put file '/public/home/zhangkewei/zr/exp-078-sbrc-two-tier/results/exp090_paired_855992/stable_65536_r1'
HIP_PROF:profiling ' /public/home/zhangkewei/zr/install-exp090-control/bin/rocfft-bench --length 65536 --batchSize 1000 --precision double --transformType 0 --notInPlace -N 10'
HIP_PROF:process begin
HIP_PROF:process end run total cost:4(s)
---------------------------------------------------------------------------------------------------------------------------------------------------------------------
HIP_PROF:IP:[31m12.6.9.1[0m HIP API statistics
---------------------------------------------------------------------------------------------------------------------------------------------------------------------
|Name                                                          |Calls          |TotalDurationNs            |AverageNs                  |Percentage                 |
---------------------------------------------------------------------------------------------------------------------------------------------------------------------
|hiprtcCompileProgram                                          |7              |9117284428                 |1302469204                 |95.714218433424            |
|hipEventSynchronize                                           |10             |341638137                  |34163813                   |3.58655337872125           |
|hipModuleGetFunction                                          |7              |25967859                   |3709694                    |0.272613336591889          |
|hipMalloc                                                     |8              |19683902                   |2460487                    |0.206643689853975          |
|hipModuleLaunchKernel                                         |25             |10512138                   |420485                     |0.110357539098406          |
|hipLaunchKernel                                               |11             |3890728                    |353702                     |0.0408452749936562         |
|hiprtcCreateProgram                                           |7              |3157365                    |451052                     |0.0331463524770545         |
|hipModuleLoadData                                             |7              |2066319                    |295188                     |0.0216924359090681         |
|hipStreamSynchronize                                          |3              |388131                     |129377                     |0.00407464038312695        |
|hiprtcDestroyProgram                                          |7              |230811                     |32973                      |0.00242307834589331        |
|hipModuleUnload                                               |7              |195451                     |27921                      |0.00205186531743804        |
|hipStreamDestroy                                              |1              |126640                     |126640                     |0.00132948014489746        |
|hipFree                                                       |8              |111190                     |13898                      |0.00116728440706845        |
|hipEventRecord                                                |20             |96300                      |4815                       |0.00101096760860412        |
|hipMemcpy                                                     |2              |91650                      |45825                      |0.000962151415665291       |
|hipMemGetInfo                                                 |1              |13520                      |13520                      |0.000141934393232894       |
|hipGetDeviceProperties                                        |14             |12340                      |881                        |0.000129546628143041       |
|hipGetDevice                                                  |75             |11890                      |158                        |0.000124822480439283       |
|hipEventElapsedTime                                           |10             |9570                       |957                        |0.000100466874499911       |
|hipSetDevice                                                  |72             |8680                       |120                        |9.11235601524793e-05       |
|hipStreamCreate                                               |1              |8180                       |8180                       |8.58745071483042e-05       |
|hiprtcGetCode                                                 |7              |7110                       |1015                       |7.46415337193695e-05       |
|__hipPopCallConfiguration                                     |11             |3320                       |301                        |3.48537119477225e-05       |
|__hipPushCallConfiguration                                    |11             |3120                       |283                        |3.27540907460525e-05       |
|hipEventDestroy                                               |2              |3030                       |1515                       |3.18092612053009e-05       |
|hipEventCreate                                                |2              |2281                       |1140                       |2.39461798050467e-05       |
|hipGetLastError                                               |11             |1550                       |140                        |1.62720643129427e-05       |
|hiprtcGetCodeSize                                             |7              |1400                       |200                        |1.46973484116902e-05       |
|hipGetDeviceCount                                             |1              |700                        |700                        |7.3486742058451e-06        |
---------------------------------------------------------------------------------------------------------------------------------------------------------------------
|Total                                                         |355            |9525527740                 |26832472                   |100.0                      |
---------------------------------------------------------------------------------------------------------------------------------------------------------------------
---------------------------------------------------------------------------------------------------------------------------------------------------------------------
HIP_PROF:IP:[31m12.6.9.1[0m HIPOPS API statistics
---------------------------------------------------------------------------------------------------------------------------------------------------------------------
|Name                                                          |Calls          |TotalDurationNs            |AverageNs                  |Percentage                 |
---------------------------------------------------------------------------------------------------------------------------------------------------------------------
|void generate_random_interleaved_data_kernel<input_val_1D<u...|11             |300798410                  |27345310                   |88.778                     |
|fft_rtc_fwd_len_256_factors_8_4_8_wgs_256_tpt_32_halfLds_di...|11             |19632478                   |1784770                    |5.794                      |
|fft_rtc_fwd_len_256_factors_4_4_4_4_wgs_256_tpt_32_dp_op_CI...|11             |18357440                   |1668858                    |5.418                      |
|twiddle_gen_radices_dp                                        |2              |25760                      |12880                      |0.008                      |
|twiddle_gen_large_dp                                          |1              |5600                       |5600                       |0.002                      |
---------------------------------------------------------------------------------------------------------------------------------------------------------------------
|Total                                                         |36             |338819688                  |9411658                    |100.0                      |
---------------------------------------------------------------------------------------------------------------------------------------------------------------------
HIP_PROF:finish
variant=candidate length=65536 round=r1 start=2026-09-22T17:51:16+08:00
Running profile with 10 samples
out-of-place
length: 65536

Token: complex_forward_len_65536_double_op_batch_1000_istride_1_CI_ostride_1_CI_idist_65536_odist_65536_ioffset_0_0_ooffset_0_0

Execution gpu time: 3.46128 3.4568 3.45504 3.4544 3.45072 3.456 3.45984 3.46608 3.45792 3.4544 ms
Execution gflops:   1514.72 1516.69 1517.46 1517.74 1519.36 1517.04 1515.35 1512.63 1516.2 1517.74
HIP_PROF:on Tue Sep 22 17:51:16 2026
HIP_PROF:process id '1299733'
HIP_PROF:db file '/public/home/zhangkewei/zr/exp-078-sbrc-two-tier/results/exp090_paired_855992/candidate_65536_r1.db'
HIP_PROF:out put file '/public/home/zhangkewei/zr/exp-078-sbrc-two-tier/results/exp090_paired_855992/candidate_65536_r1'
HIP_PROF:profiling ' /public/home/zhangkewei/zr/install-exp090-candidate/bin/rocfft-bench --length 65536 --batchSize 1000 --precision double --transformType 0 --notInPlace -N 10'
HIP_PROF:process begin
HIP_PROF:process end run total cost:4(s)
---------------------------------------------------------------------------------------------------------------------------------------------------------------------
HIP_PROF:IP:[31m12.6.9.1[0m HIP API statistics
---------------------------------------------------------------------------------------------------------------------------------------------------------------------
|Name                                                          |Calls          |TotalDurationNs            |AverageNs                  |Percentage                 |
---------------------------------------------------------------------------------------------------------------------------------------------------------------------
|hiprtcCompileProgram                                          |7              |9821811883                 |1403115983                 |95.5818050627895           |
|hipEventSynchronize                                           |10             |340951347                  |34095134                   |3.3179972873697            |
|hipModuleGetFunction                                          |7              |74272990                   |10610427                   |0.722793974897647          |
|hipMalloc                                                     |8              |19124677                   |2390584                    |0.186113435145988          |
|hipModuleLaunchKernel                                         |25             |10410147                   |416405                     |0.101307238733742          |
|hipLaunchKernel                                               |11             |4099498                    |372681                     |0.0398946165289017         |
|hiprtcCreateProgram                                           |7              |3019534                    |431362                     |0.0293848542006804         |
|hipModuleLoadData                                             |7              |524191                     |74884                      |0.00510120969272373        |
|hipStreamSynchronize                                          |3              |340023                     |113341                     |0.0033089629988859         |
|hipEventRecord                                                |20             |320261                     |16013                      |0.00311664740028233        |
|hiprtcDestroyProgram                                          |7              |241510                     |34501                      |0.00235027528685099        |
|hipModuleUnload                                               |7              |217561                     |31080                      |0.00211721353849774        |
|hipStreamDestroy                                              |1              |196121                     |196121                     |0.00190856833891973        |
|hipFree                                                       |8              |123170                     |15396                      |0.00119863942313542        |
|hipMemcpy                                                     |2              |80090                      |40045                      |0.000779402706819162       |
|hipGetDeviceProperties                                        |14             |13250                      |946                        |0.000128943511866074       |
|hipMemGetInfo                                                 |1              |10990                      |10990                      |0.000106950127955333       |
|hipGetDevice                                                  |75             |10880                      |145                        |0.000105879653517199       |
|hipEventElapsedTime                                           |10             |10760                      |1076                       |0.000104711863221054       |
|hipSetDevice                                                  |72             |8770                       |121                        |8.53460074766394e-05       |
|hiprtcGetCode                                                 |7              |6940                       |991                        |6.75372054604193e-05       |
|hipStreamCreate                                               |1              |5460                       |5460                       |5.31344584746238e-05       |
|__hipPushCallConfiguration                                    |11             |3990                       |362                        |3.88290273468405e-05       |
|__hipPopCallConfiguration                                     |11             |3850                       |350                        |3.74666053346707e-05       |
|hipEventCreate                                                |2              |2550                       |1275                       |2.48155437930935e-05       |
|hipEventDestroy                                               |2              |2540                       |1270                       |2.47182279350814e-05       |
|hipGetLastError                                               |11             |2180                       |198                        |2.12148570466447e-05       |
|hiprtcGetCodeSize                                             |7              |1640                       |234                        |1.59598007139896e-05       |
|hipGetDeviceCount                                             |1              |730                        |730                        |7.1040576348856e-06        |
---------------------------------------------------------------------------------------------------------------------------------------------------------------------
|Total                                                         |355            |10275817533                |28945964                   |100.0                      |
---------------------------------------------------------------------------------------------------------------------------------------------------------------------
---------------------------------------------------------------------------------------------------------------------------------------------------------------------
HIP_PROF:IP:[31m12.6.9.1[0m HIPOPS API statistics
---------------------------------------------------------------------------------------------------------------------------------------------------------------------
|Name                                                          |Calls          |TotalDurationNs            |AverageNs                  |Percentage                 |
---------------------------------------------------------------------------------------------------------------------------------------------------------------------
|void generate_random_interleaved_data_kernel<input_val_1D<u...|11             |300798220                  |27345292                   |88.786                     |
|fft_rtc_fwd_len_256_factors_8_4_8_wgs_256_tpt_32_halfLds_di...|11             |19617915                   |1783446                    |5.791                      |
|fft_rtc_fwd_len_256_factors_4_4_4_4_wgs_256_tpt_32_dp_op_CI...|11             |18340963                   |1667360                    |5.414                      |
|twiddle_gen_radices_dp                                        |2              |28160                      |14080                      |0.008                      |
|twiddle_gen_large_dp                                          |1              |5120                       |5120                       |0.002                      |
---------------------------------------------------------------------------------------------------------------------------------------------------------------------
|Total                                                         |36             |338790378                  |9410843                    |100.0                      |
---------------------------------------------------------------------------------------------------------------------------------------------------------------------
HIP_PROF:finish
variant=candidate length=65536 round=r2 start=2026-09-22T17:51:21+08:00
Running profile with 10 samples
out-of-place
length: 65536

Token: complex_forward_len_65536_double_op_batch_1000_istride_1_CI_ostride_1_CI_idist_65536_odist_65536_ioffset_0_0_ooffset_0_0

Execution gpu time: 3.46064 3.45808 3.4584 3.45936 3.46288 3.4576 3.45888 3.45248 3.4608 3.46032 ms
Execution gflops:   1515 1516.12 1515.98 1515.56 1514.02 1516.33 1515.77 1518.58 1514.93 1515.14
HIP_PROF:on Tue Sep 22 17:51:21 2026
HIP_PROF:process id '1300844'
HIP_PROF:db file '/public/home/zhangkewei/zr/exp-078-sbrc-two-tier/results/exp090_paired_855992/candidate_65536_r2.db'
HIP_PROF:out put file '/public/home/zhangkewei/zr/exp-078-sbrc-two-tier/results/exp090_paired_855992/candidate_65536_r2'
HIP_PROF:profiling ' /public/home/zhangkewei/zr/install-exp090-candidate/bin/rocfft-bench --length 65536 --batchSize 1000 --precision double --transformType 0 --notInPlace -N 10'
HIP_PROF:process begin
HIP_PROF:process end run total cost:4(s)
---------------------------------------------------------------------------------------------------------------------------------------------------------------------
HIP_PROF:IP:[31m12.6.9.1[0m HIP API statistics
---------------------------------------------------------------------------------------------------------------------------------------------------------------------
|Name                                                          |Calls          |TotalDurationNs            |AverageNs                  |Percentage                 |
---------------------------------------------------------------------------------------------------------------------------------------------------------------------
|hiprtcCompileProgram                                          |7              |8937638199                 |1276805457                 |95.557750649967            |
|hipEventSynchronize                                           |10             |341375338                  |34137533                   |3.64985231000983           |
|hipModuleGetFunction                                          |7              |35717063                   |5102437                    |0.381872942729438          |
|hipMalloc                                                     |8              |19726989                   |2465873                    |0.21091329207615           |
|hipModuleLaunchKernel                                         |25             |10598749                   |423949                     |0.113317701118949          |
|hipLaunchKernel                                               |11             |3313365                    |301215                     |0.0354252095948293         |
|hiprtcCreateProgram                                           |7              |2982482                    |426068                     |0.0318875372809231         |
|hipModuleLoadData                                             |7              |495022                     |70717                      |0.00529258264756573        |
|hipStreamSynchronize                                          |3              |354820                     |118273                     |0.00379359740579059        |
|hiprtcDestroyProgram                                          |7              |233020                     |33288                      |0.0024913591891588         |
|hipModuleUnload                                               |7              |207272                     |29610                      |0.00221607158980054        |
|hipStreamDestroy                                              |1              |130970                     |130970                     |0.00140028028926327        |
|hipFree                                                       |8              |104371                     |13046                      |0.00111589412896615        |
|hipEventRecord                                                |20             |89690                      |4484                       |0.000958930588257027       |
|hipMemcpy                                                     |2              |75000                      |37500                      |0.000801870823049136       |
|hipGetDeviceProperties                                        |14             |13980                      |998                        |0.000149468721416359       |
|hipMemGetInfo                                                 |1              |12441                      |12441                      |0.000133014332127391       |
|hipGetDevice                                                  |75             |11621                      |154                        |0.00012424721112872        |
|hipEventElapsedTime                                           |10             |10600                      |1060                       |0.000113331076324278       |
|hipSetDevice                                                  |72             |8580                       |119                        |9.17340221568212e-05       |
|hiprtcGetCode                                                 |7              |6350                       |907                        |6.78917296848268e-05       |
|hipStreamCreate                                               |1              |5990                       |5990                       |6.4042749734191e-05        |
|__hipPushCallConfiguration                                    |11             |3290                       |299                        |3.51754001044221e-05       |
|__hipPopCallConfiguration                                     |11             |3250                       |295                        |3.47477356654626e-05       |
|hipEventDestroy                                               |2              |2660                       |1330                       |2.84396851908094e-05       |
|hipEventCreate                                                |2              |2420                       |1210                       |2.58736985570521e-05       |
|hipGetLastError                                               |11             |1680                       |152                        |1.79619064363006e-05       |
|hiprtcGetCodeSize                                             |7              |1660                       |237                        |1.77480742168209e-05       |
|hipGetDeviceCount                                             |1              |570                        |570                        |6.09421825517343e-06       |
---------------------------------------------------------------------------------------------------------------------------------------------------------------------
|Total                                                         |355            |9353127442                 |26346837                   |100.0                      |
---------------------------------------------------------------------------------------------------------------------------------------------------------------------
---------------------------------------------------------------------------------------------------------------------------------------------------------------------
HIP_PROF:IP:[31m12.6.9.1[0m HIPOPS API statistics
---------------------------------------------------------------------------------------------------------------------------------------------------------------------
|Name                                                          |Calls          |TotalDurationNs            |AverageNs                  |Percentage                 |
---------------------------------------------------------------------------------------------------------------------------------------------------------------------
|void generate_random_interleaved_data_kernel<input_val_1D<u...|11             |300798089                  |27345280                   |88.784                     |
|fft_rtc_fwd_len_256_factors_8_4_8_wgs_256_tpt_32_halfLds_di...|11             |19622877                   |1783897                    |5.792                      |
|fft_rtc_fwd_len_256_factors_4_4_4_4_wgs_256_tpt_32_dp_op_CI...|11             |18345920                   |1667810                    |5.415                      |
|twiddle_gen_radices_dp                                        |2              |26720                      |13360                      |0.008                      |
|twiddle_gen_large_dp                                          |1              |5920                       |5920                       |0.002                      |
---------------------------------------------------------------------------------------------------------------------------------------------------------------------
|Total                                                         |36             |338799526                  |9411097                    |100.0                      |
---------------------------------------------------------------------------------------------------------------------------------------------------------------------
HIP_PROF:finish
variant=stable length=65536 round=r2 start=2026-09-22T17:51:26+08:00
Running profile with 10 samples
out-of-place
length: 65536

Token: complex_forward_len_65536_double_op_batch_1000_istride_1_CI_ostride_1_CI_idist_65536_odist_65536_ioffset_0_0_ooffset_0_0

Execution gpu time: 3.4504 3.46016 3.4576 3.45136 3.4592 3.47248 3.45664 3.46016 3.4592 3.4568 ms
Execution gflops:   1519.5 1515.21 1516.34 1519.08 1515.63 1509.84 1516.76 1515.21 1515.63 1516.69
HIP_PROF:on Tue Sep 22 17:51:26 2026
HIP_PROF:process id '1302129'
HIP_PROF:db file '/public/home/zhangkewei/zr/exp-078-sbrc-two-tier/results/exp090_paired_855992/stable_65536_r2.db'
HIP_PROF:out put file '/public/home/zhangkewei/zr/exp-078-sbrc-two-tier/results/exp090_paired_855992/stable_65536_r2'
HIP_PROF:profiling ' /public/home/zhangkewei/zr/install-exp090-control/bin/rocfft-bench --length 65536 --batchSize 1000 --precision double --transformType 0 --notInPlace -N 10'
HIP_PROF:process begin
HIP_PROF:process end run total cost:4(s)
---------------------------------------------------------------------------------------------------------------------------------------------------------------------
HIP_PROF:IP:[31m12.6.9.1[0m HIP API statistics
---------------------------------------------------------------------------------------------------------------------------------------------------------------------
|Name                                                          |Calls          |TotalDurationNs            |AverageNs                  |Percentage                 |
---------------------------------------------------------------------------------------------------------------------------------------------------------------------
|hiprtcCompileProgram                                          |7              |10048624688                |1435517812                 |96.1236509966654           |
|hipEventSynchronize                                           |10             |340597924                  |34059792                   |3.25810914361864           |
|hipModuleGetFunction                                          |7              |26264318                   |3752045                    |0.251240564304519          |
|hipMalloc                                                     |8              |19340178                   |2417522                    |0.185005269676899          |
|hipModuleLaunchKernel                                         |25             |10432089                   |417283                     |0.0997918136398958         |
|hipLaunchKernel                                               |11             |3285865                    |298715                     |0.0314320964598611         |
|hiprtcCreateProgram                                           |7              |2948812                    |421258                     |0.028207897532612          |
|hipModuleLoadData                                             |7              |559555                     |79936                      |0.00535262000556858        |
|hipEventRecord                                                |20             |541782                     |27089                      |0.00518260612782828        |
|hipStreamSynchronize                                          |3              |387632                     |129210                     |0.00370803012750947        |
|hiprtcDestroyProgram                                          |7              |231670                     |33095                      |0.00221612080437146        |
|hipModuleUnload                                               |7              |210031                     |30004                      |0.00200912534494299        |
|hipStreamDestroy                                              |1              |126991                     |126991                     |0.00121477704091137        |
|hipFree                                                       |8              |105570                     |13196                      |0.00100986693709801        |
|hipMemcpy                                                     |2              |101590                     |50795                      |0.000971794848345045       |
|hipGetDeviceProperties                                        |14             |15860                      |1132                       |0.000151714403925115       |
|hipEventElapsedTime                                           |10             |13900                      |1390                       |0.000132965335091999       |
|hipGetDevice                                                  |75             |10970                      |146                        |0.000104937390356779       |
|hipMemGetInfo                                                 |1              |10960                      |10960                      |0.000104841731842324       |
|hipSetDevice                                                  |72             |8490                       |117                        |8.12140787720192e-05       |
|hiprtcGetCode                                                 |7              |6860                       |980                        |6.56217409159072e-05       |
|__hipPushCallConfiguration                                    |11             |5430                       |493                        |5.19425733488886e-05       |
|hipStreamCreate                                               |1              |5340                       |5340                       |5.10816467187966e-05       |
|__hipPopCallConfiguration                                     |11             |5020                       |456                        |4.8020574256247e-05        |
|hipEventCreate                                                |2              |3330                       |1665                       |3.18542853134068e-05       |
|hipEventDestroy                                               |2              |2970                       |1485                       |2.84105787930385e-05       |
|hipGetLastError                                               |11             |2460                       |223                        |2.35319945558501e-05       |
|hiprtcGetCodeSize                                             |7              |1480                       |211                        |1.41574601392919e-05       |
|hipGetDeviceCount                                             |1              |730                        |730                        |6.98307155519129e-06       |
---------------------------------------------------------------------------------------------------------------------------------------------------------------------
|Total                                                         |355            |10453852495                |29447471                   |100.0                      |
---------------------------------------------------------------------------------------------------------------------------------------------------------------------
---------------------------------------------------------------------------------------------------------------------------------------------------------------------
HIP_PROF:IP:[31m12.6.9.1[0m HIPOPS API statistics
---------------------------------------------------------------------------------------------------------------------------------------------------------------------
|Name                                                          |Calls          |TotalDurationNs            |AverageNs                  |Percentage                 |
---------------------------------------------------------------------------------------------------------------------------------------------------------------------
|void generate_random_interleaved_data_kernel<input_val_1D<u...|11             |300798096                  |27345281                   |88.785                     |
|fft_rtc_fwd_len_256_factors_8_4_8_wgs_256_tpt_32_halfLds_di...|11             |19599826                   |1781802                    |5.785                      |
|fft_rtc_fwd_len_256_factors_4_4_4_4_wgs_256_tpt_32_dp_op_CI...|11             |18361753                   |1669250                    |5.42                       |
|twiddle_gen_radices_dp                                        |2              |28640                      |14320                      |0.008                      |
|twiddle_gen_large_dp                                          |1              |5920                       |5920                       |0.002                      |
---------------------------------------------------------------------------------------------------------------------------------------------------------------------
|Total                                                         |36             |338794235                  |9410950                    |100.0                      |
---------------------------------------------------------------------------------------------------------------------------------------------------------------------
HIP_PROF:finish
variant=stable length=131072 round=r1 start=2026-09-22T17:51:31+08:00
Running profile with 10 samples
out-of-place
length: 131072

Token: complex_forward_len_131072_double_op_batch_1000_istride_1_CI_ostride_1_CI_idist_131072_odist_131072_ioffset_0_0_ooffset_0_0

Execution gpu time: 7.63184 7.6048 7.6096 7.61968 7.62944 7.6112 7.5968 7.60768 7.5864 7.59536 ms
Execution gflops:   1459.82 1465.01 1464.09 1462.15 1460.28 1463.78 1466.55 1464.46 1468.57 1466.83
HIP_PROF:on Tue Sep 22 17:51:31 2026
HIP_PROF:process id '1302562'
HIP_PROF:db file '/public/home/zhangkewei/zr/exp-078-sbrc-two-tier/results/exp090_paired_855992/stable_131072_r1.db'
HIP_PROF:out put file '/public/home/zhangkewei/zr/exp-078-sbrc-two-tier/results/exp090_paired_855992/stable_131072_r1'
HIP_PROF:profiling ' /public/home/zhangkewei/zr/install-exp090-control/bin/rocfft-bench --length 131072 --batchSize 1000 --precision double --transformType 0 --notInPlace -N 10'
HIP_PROF:process begin
HIP_PROF:process end run total cost:4(s)
---------------------------------------------------------------------------------------------------------------------------------------------------------------------
HIP_PROF:IP:[31m12.6.9.1[0m HIP API statistics
---------------------------------------------------------------------------------------------------------------------------------------------------------------------
|Name                                                          |Calls          |TotalDurationNs            |AverageNs                  |Percentage                 |
---------------------------------------------------------------------------------------------------------------------------------------------------------------------
|hiprtcCompileProgram                                          |7              |8325051874                 |1189293124                 |91.6498501569571           |
|hipEventSynchronize                                           |10             |688101929                  |68810192                   |7.57526074792637           |
|hipModuleGetFunction                                          |7              |26638751                   |3805535                    |0.293263942912278          |
|hipMalloc                                                     |8              |24491501                   |3061437                    |0.269625034263055          |
|hipModuleLaunchKernel                                         |25             |10316557                   |412662                     |0.113574175572243          |
|hipLaunchKernel                                               |11             |4071258                    |370114                     |0.0448201634413399         |
|hiprtcCreateProgram                                           |7              |2985913                    |426559                     |0.0328716845460596         |
|hipModuleLoadData                                             |7              |554203                     |79171                      |0.00610117782751201        |
|hipStreamSynchronize                                          |3              |370543                     |123514                     |0.00407927913731932        |
|hiprtcDestroyProgram                                          |7              |251481                     |35925                      |0.00276853481709869        |
|hipModuleUnload                                               |7              |183951                     |26278                      |0.00202510228661458        |
|hipFree                                                       |8              |135190                     |16898                      |0.00148829622088179        |
|hipStreamDestroy                                              |1              |133251                     |133251                     |0.00146694992032487        |
|hipEventRecord                                                |20             |93611                      |4680                       |0.00103055623591216        |
|hipMemcpy                                                     |2              |81380                      |40690                      |0.00089590610589067        |
|hipGetDevice                                                  |75             |11600                      |154                        |0.000127703499979501       |
|hipGetDeviceProperties                                        |14             |11540                      |824                        |0.000127042964634779       |
|hipMemGetInfo                                                 |1              |10860                      |10860                      |0.000119556897394602       |
|hipEventElapsedTime                                           |10             |9710                       |971                        |0.000106896636620772       |
|hipSetDevice                                                  |72             |8820                       |122                        |9.70986956740687e-05       |
|hiprtcGetCode                                                 |7              |7110                       |1015                       |7.82734383495044e-05       |
|hipStreamCreate                                               |1              |5600                       |5600                       |6.16499655073452e-05       |
|__hipPopCallConfiguration                                     |11             |3120                       |283                        |3.43478379255209e-05       |
|__hipPushCallConfiguration                                    |11             |2940                       |267                        |3.23662318913562e-05       |
|hipEventDestroy                                               |2              |2660                       |1330                       |2.9283733615989e-05        |
|hipEventCreate                                                |2              |2160                       |1080                       |2.3779272409976e-05        |
|hipGetLastError                                               |11             |1510                       |137                        |1.66234728421592e-05       |
|hiprtcGetCodeSize                                             |7              |1410                       |201                        |1.55225806009566e-05       |
|hipGetDeviceCount                                             |1              |740                        |740                        |8.14660258489919e-06       |
---------------------------------------------------------------------------------------------------------------------------------------------------------------------
|Total                                                         |355            |9083541173                 |25587439                   |100.0                      |
---------------------------------------------------------------------------------------------------------------------------------------------------------------------
---------------------------------------------------------------------------------------------------------------------------------------------------------------------
HIP_PROF:IP:[31m12.6.9.1[0m HIPOPS API statistics
---------------------------------------------------------------------------------------------------------------------------------------------------------------------
|Name                                                          |Calls          |TotalDurationNs            |AverageNs                  |Percentage                 |
---------------------------------------------------------------------------------------------------------------------------------------------------------------------
|void generate_random_interleaved_data_kernel<input_val_1D<u...|11             |601582013                  |54689273                   |87.791                     |
|fft_rtc_fwd_len_512_factors_8_8_8_wgs_512_tpt_128_dp_op_CI_...|11             |43738404                   |3976218                    |6.383                      |
|fft_rtc_fwd_len_256_factors_8_4_8_wgs_256_tpt_32_halfLds_di...|11             |39883842                   |3625803                    |5.82                       |
|twiddle_gen_radices_dp                                        |2              |32960                      |16480                      |0.005                      |
|twiddle_gen_large_dp                                          |1              |5600                       |5600                       |0.001                      |
---------------------------------------------------------------------------------------------------------------------------------------------------------------------
|Total                                                         |36             |685242819                  |19034522                   |100.0                      |
---------------------------------------------------------------------------------------------------------------------------------------------------------------------
HIP_PROF:finish
variant=candidate length=131072 round=r1 start=2026-09-22T17:51:36+08:00
Running profile with 10 samples
out-of-place
length: 131072

Token: complex_forward_len_131072_double_op_batch_1000_istride_1_CI_ostride_1_CI_idist_131072_odist_131072_ioffset_0_0_ooffset_0_0

Execution gpu time: 7.60592 7.61696 7.62912 7.61872 7.61488 7.59648 7.6184 7.61808 7.60576 7.61504 ms
Execution gflops:   1464.8 1462.67 1460.34 1462.33 1463.07 1466.62 1462.4 1462.46 1464.83 1463.04
HIP_PROF:on Tue Sep 22 17:51:36 2026
HIP_PROF:process id '1303055'
HIP_PROF:db file '/public/home/zhangkewei/zr/exp-078-sbrc-two-tier/results/exp090_paired_855992/candidate_131072_r1.db'
HIP_PROF:out put file '/public/home/zhangkewei/zr/exp-078-sbrc-two-tier/results/exp090_paired_855992/candidate_131072_r1'
HIP_PROF:profiling ' /public/home/zhangkewei/zr/install-exp090-candidate/bin/rocfft-bench --length 131072 --batchSize 1000 --precision double --transformType 0 --notInPlace -N 10'
HIP_PROF:process begin
HIP_PROF:process end run total cost:4(s)
---------------------------------------------------------------------------------------------------------------------------------------------------------------------
HIP_PROF:IP:[31m12.6.9.1[0m HIP API statistics
---------------------------------------------------------------------------------------------------------------------------------------------------------------------
|Name                                                          |Calls          |TotalDurationNs            |AverageNs                  |Percentage                 |
---------------------------------------------------------------------------------------------------------------------------------------------------------------------
|hiprtcCompileProgram                                          |7              |8472460497                 |1210351499                 |91.8002414018141           |
|hipEventSynchronize                                           |10             |687908098                  |68790809                   |7.45357614603497           |
|hipMalloc                                                     |8              |24809473                   |3101184                    |0.268813954489163          |
|hipModuleGetFunction                                          |7              |24694982                   |3527854                    |0.267573429208218          |
|hipModuleLaunchKernel                                         |25             |10394950                   |415798                     |0.112630672010531          |
|hipLaunchKernel                                               |11             |3898197                    |354381                     |0.0422374852923233         |
|hiprtcCreateProgram                                           |7              |3112284                    |444612                     |0.0337220129397086         |
|hipModuleLoadData                                             |7              |549173                     |78453                      |0.00595036282425979        |
|hipStreamSynchronize                                          |3              |369551                     |123183                     |0.00400413445684335        |
|hiprtcDestroyProgram                                          |7              |253872                     |36267                      |0.00275073703718224        |
|hipModuleUnload                                               |7              |215740                     |30820                      |0.00233757172276461        |
|hipFree                                                       |8              |144371                     |18046                      |0.00156427907289909        |
|hipStreamDestroy                                              |1              |142461                     |142461                     |0.00154358396772397        |
|hipEventRecord                                                |20             |99330                      |4966                       |0.00107625382044224        |
|hipMemcpy                                                     |2              |91741                      |45870                      |0.000994025991555335       |
|hipGetDevice                                                  |75             |15200                      |202                        |0.000164694030712997       |
|hipGetDeviceProperties                                        |14             |13300                      |950                        |0.000144107276873873       |
|hipEventElapsedTime                                           |10             |11920                      |1192                       |0.000129154792506508       |
|hipMemGetInfo                                                 |1              |10690                      |10690                      |0.000115827578179075       |
|hipSetDevice                                                  |72             |8350                       |115                        |9.04733655561531e-05       |
|hiprtcGetCode                                                 |7              |6770                       |967                        |7.3353854468881e-05        |
|hipStreamCreate                                               |1              |5190                       |5190                       |5.62343433816089e-05       |
|__hipPopCallConfiguration                                     |11             |4940                       |449                        |5.35255599817241e-05       |
|hipEventDestroy                                               |2              |3660                       |1830                       |3.96565889743138e-05       |
|__hipPushCallConfiguration                                    |11             |3290                       |299                        |3.56475895424843e-05       |
|hipEventCreate                                                |2              |3030                       |1515                       |3.28304548066041e-05       |
|hipGetLastError                                               |11             |1991                       |181                        |2.15727509966827e-05       |
|hiprtcGetCodeSize                                             |7              |1640                       |234                        |1.77696191032444e-05       |
|hipGetDeviceCount                                             |1              |840                        |840                        |9.10151222361301e-06       |
---------------------------------------------------------------------------------------------------------------------------------------------------------------------
|Total                                                         |355            |9229235531                 |25997846                   |100.0                      |
---------------------------------------------------------------------------------------------------------------------------------------------------------------------
---------------------------------------------------------------------------------------------------------------------------------------------------------------------
HIP_PROF:IP:[31m12.6.9.1[0m HIPOPS API statistics
---------------------------------------------------------------------------------------------------------------------------------------------------------------------
|Name                                                          |Calls          |TotalDurationNs            |AverageNs                  |Percentage                 |
---------------------------------------------------------------------------------------------------------------------------------------------------------------------
|void generate_random_interleaved_data_kernel<input_val_1D<u...|11             |601582305                  |54689300                   |87.783                     |
|fft_rtc_fwd_len_512_factors_8_8_8_wgs_512_tpt_128_dp_op_CI_...|11             |43812969                   |3982997                    |6.393                      |
|fft_rtc_fwd_len_256_factors_8_4_8_wgs_256_tpt_32_halfLds_di...|11             |39871200                   |3624654                    |5.818                      |
|twiddle_gen_radices_dp                                        |2              |32800                      |16400                      |0.005                      |
|twiddle_gen_large_dp                                          |1              |5440                       |5440                       |0.001                      |
---------------------------------------------------------------------------------------------------------------------------------------------------------------------
|Total                                                         |36             |685304714                  |19036242                   |100.0                      |
---------------------------------------------------------------------------------------------------------------------------------------------------------------------
HIP_PROF:finish
variant=candidate length=131072 round=r2 start=2026-09-22T17:51:41+08:00
Running profile with 10 samples
out-of-place
length: 131072

Token: complex_forward_len_131072_double_op_batch_1000_istride_1_CI_ostride_1_CI_idist_131072_odist_131072_ioffset_0_0_ooffset_0_0

Execution gpu time: 7.612 7.61248 7.60832 7.612 7.61648 7.60272 7.61696 7.60784 7.59328 7.60144 ms
Execution gflops:   1463.63 1463.53 1464.33 1463.63 1462.76 1465.41 1462.67 1464.43 1467.23 1465.66
HIP_PROF:on Tue Sep 22 17:51:42 2026
HIP_PROF:process id '1303477'
HIP_PROF:db file '/public/home/zhangkewei/zr/exp-078-sbrc-two-tier/results/exp090_paired_855992/candidate_131072_r2.db'
HIP_PROF:out put file '/public/home/zhangkewei/zr/exp-078-sbrc-two-tier/results/exp090_paired_855992/candidate_131072_r2'
HIP_PROF:profiling ' /public/home/zhangkewei/zr/install-exp090-candidate/bin/rocfft-bench --length 131072 --batchSize 1000 --precision double --transformType 0 --notInPlace -N 10'
HIP_PROF:process begin
HIP_PROF:process end run total cost:4(s)
---------------------------------------------------------------------------------------------------------------------------------------------------------------------
HIP_PROF:IP:[31m12.6.9.1[0m HIP API statistics
---------------------------------------------------------------------------------------------------------------------------------------------------------------------
|Name                                                          |Calls          |TotalDurationNs            |AverageNs                  |Percentage                 |
---------------------------------------------------------------------------------------------------------------------------------------------------------------------
|hiprtcCompileProgram                                          |7              |9038410637                 |1291201519                 |92.2710581456496           |
|hipEventSynchronize                                           |10             |687564118                  |68756411                   |7.01918415292291           |
|hipMalloc                                                     |8              |25245275                   |3155659                    |0.257723213846044          |
|hipModuleGetFunction                                          |7              |25005385                   |3572197                    |0.255274231936775          |
|hipModuleLaunchKernel                                         |25             |10563338                   |422533                     |0.107838691331429          |
|hipLaunchKernel                                               |11             |3468435                    |315312                     |0.0354084562444301         |
|hiprtcCreateProgram                                           |7              |3060327                    |437189                     |0.0312421754114314         |
|hipModuleLoadData                                             |7              |539112                     |77016                      |0.00550367057847335        |
|hipStreamSynchronize                                          |3              |387541                     |129180                     |0.00395631705406695        |
|hipEventRecord                                                |20             |325201                     |16260                      |0.00331990231304462        |
|hiprtcDestroyProgram                                          |7              |253251                     |36178                      |0.00258538128935908        |
|hipModuleUnload                                               |7              |217422                     |31060                      |0.00221961125798133        |
|hipFree                                                       |8              |150790                     |18848                      |0.00153938047479558        |
|hipStreamDestroy                                              |1              |126421                     |126421                     |0.00129060295115148        |
|hipMemcpy                                                     |2              |81891                      |40945                      |0.00083600640932081        |
|hipGetDeviceProperties                                        |14             |16480                      |1177                       |0.000168240534681552       |
|hipEventElapsedTime                                           |10             |13350                      |1335                       |0.000136287083616427       |
|hipMemGetInfo                                                 |1              |12440                      |12440                      |0.000126997102635832       |
|hipGetDevice                                                  |75             |11280                      |150                        |0.00011515492907815        |
|hipStreamCreate                                               |1              |9690                       |9690                       |9.89229842878784e-05       |
|hipSetDevice                                                  |72             |8650                       |120                        |8.8305863167198e-05        |
|__hipPopCallConfiguration                                     |11             |6690                       |608                        |6.82966733628387e-05       |
|hiprtcGetCode                                                 |7              |6690                       |955                        |6.82966733628387e-05       |
|__hipPushCallConfiguration                                    |11             |4720                       |429                        |4.81853958553959e-05       |
|hipEventDestroy                                               |2              |2870                       |1435                       |2.92991707849547e-05       |
|hipGetLastError                                               |11             |2690                       |244                        |2.74615921294523e-05       |
|hipEventCreate                                                |2              |2320                       |1160                       |2.36843471153641e-05       |
|hiprtcGetCodeSize                                             |7              |1410                       |201                        |1.43943661347687e-05       |
|hipGetDeviceCount                                             |1              |640                        |640                        |6.53361299734182e-06       |
---------------------------------------------------------------------------------------------------------------------------------------------------------------------
|Total                                                         |355            |9795499064                 |27592955                   |100.0                      |
---------------------------------------------------------------------------------------------------------------------------------------------------------------------
---------------------------------------------------------------------------------------------------------------------------------------------------------------------
HIP_PROF:IP:[31m12.6.9.1[0m HIPOPS API statistics
---------------------------------------------------------------------------------------------------------------------------------------------------------------------
|Name                                                          |Calls          |TotalDurationNs            |AverageNs                  |Percentage                 |
---------------------------------------------------------------------------------------------------------------------------------------------------------------------
|void generate_random_interleaved_data_kernel<input_val_1D<u...|11             |601582344                  |54689304                   |87.792                     |
|fft_rtc_fwd_len_512_factors_8_8_8_wgs_512_tpt_128_dp_op_CI_...|11             |43754089                   |3977644                    |6.385                      |
|fft_rtc_fwd_len_256_factors_8_4_8_wgs_256_tpt_32_halfLds_di...|11             |39859682                   |3623607                    |5.817                      |
|twiddle_gen_radices_dp                                        |2              |33760                      |16880                      |0.005                      |
|twiddle_gen_large_dp                                          |1              |5120                       |5120                       |0.001                      |
---------------------------------------------------------------------------------------------------------------------------------------------------------------------
|Total                                                         |36             |685234995                  |19034305                   |100.0                      |
---------------------------------------------------------------------------------------------------------------------------------------------------------------------
HIP_PROF:finish
variant=stable length=131072 round=r2 start=2026-09-22T17:51:47+08:00
Running profile with 10 samples
out-of-place
length: 131072

Token: complex_forward_len_131072_double_op_batch_1000_istride_1_CI_ostride_1_CI_idist_131072_odist_131072_ioffset_0_0_ooffset_0_0

Execution gpu time: 7.60784 7.6128 7.61824 7.61152 7.62176 7.61872 7.61647 7.61392 7.62255 7.60623 ms
Execution gflops:   1464.43 1463.47 1462.43 1463.72 1461.75 1462.34 1462.77 1463.26 1461.6 1464.74
HIP_PROF:on Tue Sep 22 17:51:47 2026
HIP_PROF:process id '1303878'
HIP_PROF:db file '/public/home/zhangkewei/zr/exp-078-sbrc-two-tier/results/exp090_paired_855992/stable_131072_r2.db'
HIP_PROF:out put file '/public/home/zhangkewei/zr/exp-078-sbrc-two-tier/results/exp090_paired_855992/stable_131072_r2'
HIP_PROF:profiling ' /public/home/zhangkewei/zr/install-exp090-control/bin/rocfft-bench --length 131072 --batchSize 1000 --precision double --transformType 0 --notInPlace -N 10'
HIP_PROF:process begin
HIP_PROF:process end run total cost:4(s)
---------------------------------------------------------------------------------------------------------------------------------------------------------------------
HIP_PROF:IP:[31m12.6.9.1[0m HIP API statistics
---------------------------------------------------------------------------------------------------------------------------------------------------------------------
|Name                                                          |Calls          |TotalDurationNs            |AverageNs                  |Percentage                 |
---------------------------------------------------------------------------------------------------------------------------------------------------------------------
|hiprtcCompileProgram                                          |7              |8316124721                 |1188017817                 |91.6665030322142           |
|hipEventSynchronize                                           |10             |688001218                  |68800121                   |7.58366040094459           |
|hipModuleGetFunction                                          |7              |24829962                   |3547137                    |0.273694282291749          |
|hipMalloc                                                     |8              |24536411                   |3067051                    |0.270458545150426          |
|hipModuleLaunchKernel                                         |25             |10463969                   |418558                     |0.115341637871943          |
|hipLaunchKernel                                               |11             |3305944                    |300540                     |0.0364405700812878         |
|hiprtcCreateProgram                                           |7              |3037023                    |433860                     |0.033476323092582          |
|hipModuleLoadData                                             |7              |557385                     |79626                      |0.00614391143793077        |
|hipStreamSynchronize                                          |3              |335171                     |111723                     |0.00369450369235393        |
|hiprtcDestroyProgram                                          |7              |251633                     |35947                      |0.0027736858129674         |
|hipModuleUnload                                               |7              |198930                     |28418                      |0.00219275420462978        |
|hipFree                                                       |8              |143612                     |17951                      |0.00158299812414061        |
|hipStreamDestroy                                              |1              |125621                     |125621                     |0.00138468796028652        |
|hipEventRecord                                                |20             |92452                      |4622                       |0.0010190746077838         |
|hipMemcpy                                                     |2              |68371                      |34185                      |0.000753635940907568       |
|hipGetDeviceProperties                                        |14             |11540                      |824                        |0.000127202450718482       |
|hipGetDevice                                                  |75             |11260                      |150                        |0.000124116082763441       |
|hipMemGetInfo                                                 |1              |11021                      |11021                      |0.000121481647258959       |
|hipEventElapsedTime                                           |10             |9970                       |997                        |0.000109896744684858       |
|hipSetDevice                                                  |72             |8200                       |113                        |9.03864901119196e-05       |
|hiprtcGetCode                                                 |7              |6650                       |950                        |7.33012389322275e-05       |
|hipStreamCreate                                               |1              |6190                       |6190                       |6.82307772918027e-05       |
|__hipPushCallConfiguration                                    |11             |3040                       |276                        |3.35091377975897e-05       |
|hipEventDestroy                                               |2              |2870                       |1435                       |3.16352715391719e-05       |
|hipEventCreate                                                |2              |2790                       |1395                       |3.07534521234458e-05       |
|__hipPopCallConfiguration                                     |11             |2760                       |250                        |3.04227698425485e-05       |
|hiprtcGetCodeSize                                             |7              |1490                       |212                        |1.64238866178976e-05       |
|hipGetLastError                                               |11             |1390                       |126                        |1.532161234824e-05         |
|hipGetDeviceCount                                             |1              |660                        |660                        |7.27501017973987e-06       |
---------------------------------------------------------------------------------------------------------------------------------------------------------------------
|Total                                                         |355            |9072152254                 |25555358                   |100.0                      |
---------------------------------------------------------------------------------------------------------------------------------------------------------------------
---------------------------------------------------------------------------------------------------------------------------------------------------------------------
HIP_PROF:IP:[31m12.6.9.1[0m HIPOPS API statistics
---------------------------------------------------------------------------------------------------------------------------------------------------------------------
|Name                                                          |Calls          |TotalDurationNs            |AverageNs                  |Percentage                 |
---------------------------------------------------------------------------------------------------------------------------------------------------------------------
|void generate_random_interleaved_data_kernel<input_val_1D<u...|11             |601581660                  |54689241                   |87.783                     |
|fft_rtc_fwd_len_512_factors_8_8_8_wgs_512_tpt_128_dp_op_CI_...|11             |43813423                   |3983038                    |6.393                      |
|fft_rtc_fwd_len_256_factors_8_4_8_wgs_256_tpt_32_halfLds_di...|11             |39870693                   |3624608                    |5.818                      |
|twiddle_gen_radices_dp                                        |2              |30720                      |15360                      |0.004                      |
|twiddle_gen_large_dp                                          |1              |5280                       |5280                       |0.001                      |
---------------------------------------------------------------------------------------------------------------------------------------------------------------------
|Total                                                         |36             |685301776                  |19036160                   |100.0                      |
---------------------------------------------------------------------------------------------------------------------------------------------------------------------
HIP_PROF:finish
variant=stable length=262144 round=r1 start=2026-09-22T17:51:52+08:00
Running profile with 10 samples
out-of-place
length: 262144

Token: complex_forward_len_262144_double_op_batch_1000_istride_1_CI_ostride_1_CI_idist_262144_odist_262144_ioffset_0_0_ooffset_0_0

Execution gpu time: 17.3635 17.3635 17.3733 17.3616 17.3483 17.3925 17.3459 17.3683 17.383 17.364 ms
Execution gflops:   1358.77 1358.77 1358 1358.92 1359.96 1356.5 1360.14 1358.39 1357.24 1358.73
HIP_PROF:on Tue Sep 22 17:51:52 2026
HIP_PROF:process id '1304387'
HIP_PROF:db file '/public/home/zhangkewei/zr/exp-078-sbrc-two-tier/results/exp090_paired_855992/stable_262144_r1.db'
HIP_PROF:out put file '/public/home/zhangkewei/zr/exp-078-sbrc-two-tier/results/exp090_paired_855992/stable_262144_r1'
HIP_PROF:profiling ' /public/home/zhangkewei/zr/install-exp090-control/bin/rocfft-bench --length 262144 --batchSize 1000 --precision double --transformType 0 --notInPlace -N 10'
HIP_PROF:process begin
HIP_PROF:process end run total cost:4(s)
---------------------------------------------------------------------------------------------------------------------------------------------------------------------
HIP_PROF:IP:[31m12.6.9.1[0m HIP API statistics
---------------------------------------------------------------------------------------------------------------------------------------------------------------------
|Name                                                          |Calls          |TotalDurationNs            |AverageNs                  |Percentage                 |
---------------------------------------------------------------------------------------------------------------------------------------------------------------------
|hiprtcCompileProgram                                          |6              |8650043117                 |1441673852                 |85.4051925130032           |
|hipEventSynchronize                                           |10             |1396935854                 |139693585                  |13.7924833351078           |
|hipMalloc                                                     |7              |35387241                   |5055320                    |0.349391799466222          |
|hipModuleGetFunction                                          |6              |27305955                   |4550992                    |0.269602164056635          |
|hipModuleLaunchKernel                                         |24             |10326567                   |430273                     |0.101958155665159          |
|hipLaunchKernel                                               |11             |3435416                    |312310                     |0.033919179462311          |
|hiprtcCreateProgram                                           |6              |2799351                    |466558                     |0.0276390658211407         |
|hipModuleLoadData                                             |6              |484131                     |80688                      |0.00478001100078363        |
|hipEventRecord                                                |20             |318201                     |15910                      |0.00314172048569572        |
|hiprtcDestroyProgram                                          |6              |243031                     |40505                      |0.00239953825210831        |
|hipStreamSynchronize                                          |2              |238761                     |119380                     |0.00235737890479664        |
|hipFree                                                       |7              |229461                     |32780                      |0.00226555643875483        |
|hipModuleUnload                                               |6              |186731                     |31121                      |0.00184366676413477        |
|hipStreamDestroy                                              |1              |153871                     |153871                     |0.00151922738412037        |
|hipMemcpy                                                     |2              |73200                      |36600                      |0.000722731668200057       |
|hipGetDeviceProperties                                        |14             |11740                      |838                        |0.000115913521648479       |
|hipGetDevice                                                  |73             |11150                      |152                        |0.000110088225415719       |
|hipMemGetInfo                                                 |1              |10930                      |10930                      |0.000107916081057741       |
|hipEventElapsedTime                                           |10             |10330                      |1033                       |0.000101992050990527       |
|hipSetDevice                                                  |70             |8671                       |123                        |8.56121078546816e-05       |
|hiprtcGetCode                                                 |6              |5630                       |938                        |5.55871487973541e-05       |
|hipStreamCreate                                               |1              |5570                       |5570                       |5.49947457906328e-05       |
|__hipPopCallConfiguration                                     |11             |3490                       |317                        |3.44581082242923e-05       |
|__hipPushCallConfiguration                                    |11             |2940                       |267                        |2.90277473293466e-05       |
|hipEventDestroy                                               |2              |2790                       |1395                       |2.75467398125432e-05       |
|hipEventCreate                                                |2              |2460                       |1230                       |2.42885232755757e-05       |
|hipGetLastError                                               |11             |1640                       |149                        |1.61923488503838e-05       |
|hiprtcGetCodeSize                                             |6              |1300                       |216                        |1.28353984789628e-05       |
|hipGetDeviceCount                                             |1              |760                        |760                        |7.50377141847054e-06       |
---------------------------------------------------------------------------------------------------------------------------------------------------------------------
|Total                                                         |339            |10128240289                |29876815                   |100.0                      |
---------------------------------------------------------------------------------------------------------------------------------------------------------------------
---------------------------------------------------------------------------------------------------------------------------------------------------------------------
HIP_PROF:IP:[31m12.6.9.1[0m HIPOPS API statistics
---------------------------------------------------------------------------------------------------------------------------------------------------------------------
|Name                                                          |Calls          |TotalDurationNs            |AverageNs                  |Percentage                 |
---------------------------------------------------------------------------------------------------------------------------------------------------------------------
|void generate_random_interleaved_data_kernel<input_val_1D<u...|11             |1203383258                 |109398478                  |86.302                     |
|fft_rtc_fwd_len_512_factors_8_8_8_wgs_256_tpt_64_halfLds_di...|11             |101844957                  |9258632                    |7.304                      |
|fft_rtc_fwd_len_512_factors_8_8_8_wgs_512_tpt_128_dp_op_CI_...|11             |89132644                   |8102967                    |6.392                      |
|twiddle_gen_radices_dp                                        |1              |15520                      |15520                      |0.001                      |
|twiddle_gen_large_dp                                          |1              |4800                       |4800                       |0.0                        |
---------------------------------------------------------------------------------------------------------------------------------------------------------------------
|Total                                                         |35             |1394381179                 |39839462                   |100.0                      |
---------------------------------------------------------------------------------------------------------------------------------------------------------------------
HIP_PROF:finish
variant=candidate length=262144 round=r1 start=2026-09-22T17:51:58+08:00
Running profile with 10 samples
out-of-place
length: 262144

Token: complex_forward_len_262144_double_op_batch_1000_istride_1_CI_ostride_1_CI_idist_262144_odist_262144_ioffset_0_0_ooffset_0_0

Execution gpu time: 17.3805 17.381 17.3474 17.372 17.373 17.3621 17.3707 17.3638 17.3798 17.3578 ms
Execution gflops:   1357.44 1357.4 1360.03 1358.1 1358.03 1358.88 1358.2 1358.74 1357.49 1359.22
HIP_PROF:on Tue Sep 22 17:51:58 2026
HIP_PROF:process id '1304892'
HIP_PROF:db file '/public/home/zhangkewei/zr/exp-078-sbrc-two-tier/results/exp090_paired_855992/candidate_262144_r1.db'
HIP_PROF:out put file '/public/home/zhangkewei/zr/exp-078-sbrc-two-tier/results/exp090_paired_855992/candidate_262144_r1'
HIP_PROF:profiling ' /public/home/zhangkewei/zr/install-exp090-candidate/bin/rocfft-bench --length 262144 --batchSize 1000 --precision double --transformType 0 --notInPlace -N 10'
HIP_PROF:process begin
HIP_PROF:process end run total cost:4(s)
---------------------------------------------------------------------------------------------------------------------------------------------------------------------
HIP_PROF:IP:[31m12.6.9.1[0m HIP API statistics
---------------------------------------------------------------------------------------------------------------------------------------------------------------------
|Name                                                          |Calls          |TotalDurationNs            |AverageNs                  |Percentage                 |
---------------------------------------------------------------------------------------------------------------------------------------------------------------------
|hiprtcCompileProgram                                          |6              |8674618597                 |1445769766                 |85.4146724766419           |
|hipEventSynchronize                                           |10             |1396456309                 |139645630                  |13.7502135601012           |
|hipMalloc                                                     |7              |34986760                   |4998108                    |0.344497295529785          |
|hipModuleGetFunction                                          |6              |30278628                   |5046438                    |0.298138651831505          |
|hipModuleLaunchKernel                                         |24             |10264016                   |427667                     |0.101064681418755          |
|hipLaunchKernel                                               |11             |3950390                    |359126                     |0.0388975335609215         |
|hiprtcCreateProgram                                           |6              |2923884                    |487314                     |0.0287900374439591         |
|hipEventRecord                                                |20             |577743                     |28887                      |0.00568874914428385        |
|hipModuleLoadData                                             |6              |474503                     |79083                      |0.00467219600273845        |
|hipFree                                                       |7              |262981                     |37568                      |0.0025894436431301         |
|hiprtcDestroyProgram                                          |6              |250221                     |41703                      |0.00246380224361325        |
|hipStreamSynchronize                                          |2              |246782                     |123391                     |0.00242994011407262        |
|hipStreamDestroy                                              |1              |214901                     |214901                     |0.00211602369886912        |
|hipModuleUnload                                               |6              |214661                     |35776                      |0.00211366053774968        |
|hipMemcpy                                                     |2              |71610                      |35805                      |0.000705108199012652       |
|hipGetDeviceProperties                                        |14             |17090                      |1220                       |0.000168276764713395       |
|hipEventElapsedTime                                           |10             |13340                      |1334                       |0.000131352372222159       |
|hipGetDevice                                                  |73             |12310                      |168                        |0.000121210472417899       |
|hipMemGetInfo                                                 |1              |11620                      |11620                      |0.000114416384199511       |
|hipSetDevice                                                  |70             |8470                       |121                        |8.33998945068728e-05       |
|__hipPopCallConfiguration                                     |11             |6390                       |580                        |6.2919164805067e-05        |
|hiprtcGetCode                                                 |6              |6340                       |1056                       |6.24268395718505e-05       |
|hipStreamCreate                                               |1              |5500                       |5500                       |5.41557756538135e-05       |
|__hipPushCallConfiguration                                    |11             |4830                       |439                        |4.75586175287126e-05       |
|hipEventDestroy                                               |2              |3100                       |1550                       |3.05241644594222e-05       |
|hipEventCreate                                                |2              |2870                       |1435                       |2.82594683866263e-05       |
|hipGetLastError                                               |11             |2210                       |200                        |2.17607753081687e-05       |
|hiprtcGetCodeSize                                             |6              |1280                       |213                        |1.26035259703421e-05       |
|hipGetDeviceCount                                             |1              |810                        |810                        |7.97566877810708e-06       |
---------------------------------------------------------------------------------------------------------------------------------------------------------------------
|Total                                                         |339            |10155888146                |29958372                   |100.0                      |
---------------------------------------------------------------------------------------------------------------------------------------------------------------------
---------------------------------------------------------------------------------------------------------------------------------------------------------------------
HIP_PROF:IP:[31m12.6.9.1[0m HIPOPS API statistics
---------------------------------------------------------------------------------------------------------------------------------------------------------------------
|Name                                                          |Calls          |TotalDurationNs            |AverageNs                  |Percentage                 |
---------------------------------------------------------------------------------------------------------------------------------------------------------------------
|void generate_random_interleaved_data_kernel<input_val_1D<u...|11             |1203383733                 |109398521                  |86.302                     |
|fft_rtc_fwd_len_512_factors_8_8_8_wgs_256_tpt_64_halfLds_di...|11             |101841596                  |9258326                    |7.304                      |
|fft_rtc_fwd_len_512_factors_8_8_8_wgs_512_tpt_128_dp_op_CI_...|11             |89140326                   |8103666                    |6.393                      |
|twiddle_gen_radices_dp                                        |1              |15520                      |15520                      |0.001                      |
|twiddle_gen_large_dp                                          |1              |5920                       |5920                       |0.0                        |
---------------------------------------------------------------------------------------------------------------------------------------------------------------------
|Total                                                         |35             |1394387095                 |39839631                   |100.0                      |
---------------------------------------------------------------------------------------------------------------------------------------------------------------------
HIP_PROF:finish
variant=candidate length=262144 round=r2 start=2026-09-22T17:52:03+08:00
Running profile with 10 samples
out-of-place
length: 262144

Token: complex_forward_len_262144_double_op_batch_1000_istride_1_CI_ostride_1_CI_idist_262144_odist_262144_ioffset_0_0_ooffset_0_0

Execution gpu time: 17.3771 17.3638 17.3728 17.3883 17.3768 17.3834 17.3608 17.3605 17.393 17.3883 ms
Execution gflops:   1357.7 1358.74 1358.04 1356.83 1357.73 1357.22 1358.98 1359 1356.47 1356.83
HIP_PROF:on Tue Sep 22 17:52:03 2026
HIP_PROF:process id '1305992'
HIP_PROF:db file '/public/home/zhangkewei/zr/exp-078-sbrc-two-tier/results/exp090_paired_855992/candidate_262144_r2.db'
HIP_PROF:out put file '/public/home/zhangkewei/zr/exp-078-sbrc-two-tier/results/exp090_paired_855992/candidate_262144_r2'
HIP_PROF:profiling ' /public/home/zhangkewei/zr/install-exp090-candidate/bin/rocfft-bench --length 262144 --batchSize 1000 --precision double --transformType 0 --notInPlace -N 10'
HIP_PROF:process begin
HIP_PROF:process end run total cost:5(s)
---------------------------------------------------------------------------------------------------------------------------------------------------------------------
HIP_PROF:IP:[31m12.6.9.1[0m HIP API statistics
---------------------------------------------------------------------------------------------------------------------------------------------------------------------
|Name                                                          |Calls          |TotalDurationNs            |AverageNs                  |Percentage                 |
---------------------------------------------------------------------------------------------------------------------------------------------------------------------
|hiprtcCompileProgram                                          |6              |8155100218                 |1359183369                 |84.6939040299523           |
|hipEventSynchronize                                           |10             |1396934265                 |139693426                  |14.5077084785449           |
|hipMalloc                                                     |7              |35203923                   |5029131                    |0.36560650345644           |
|hipModuleGetFunction                                          |6              |22453274                   |3742212                    |0.233186028678946          |
|hipModuleLaunchKernel                                         |24             |10461128                   |435880                     |0.108642904095951          |
|hipLaunchKernel                                               |11             |3812358                    |346578                     |0.0395928282851938         |
|hiprtcCreateProgram                                           |6              |2827984                    |471330                     |0.0293697194506066         |
|hipModuleLoadData                                             |6              |485202                     |80867                      |0.00503901246148253        |
|hipEventRecord                                                |20             |336031                     |16801                      |0.00348981330753879        |
|hipStreamSynchronize                                          |2              |258270                     |129135                     |0.00268223492159367        |
|hiprtcDestroyProgram                                          |6              |255832                     |42638                      |0.00265691533844873        |
|hipFree                                                       |7              |245311                     |35044                      |0.0025476506402256         |
|hipModuleUnload                                               |6              |218082                     |36347                      |0.00226486682994925        |
|hipStreamDestroy                                              |1              |150871                     |150871                     |0.00156685431856491        |
|hipMemcpy                                                     |2              |74250                      |37125                      |0.000771115278306928       |
|hipGetDeviceProperties                                        |14             |16320                      |1165                       |0.00016948958036322        |
|hipEventElapsedTime                                           |10             |15200                      |1520                       |0.000157857942495156       |
|hipMemGetInfo                                                 |1              |11160                      |11160                      |0.000115900963042496       |
|hipGetDevice                                                  |73             |11061                      |151                        |0.000114872809338087       |
|hipSetDevice                                                  |70             |8520                       |121                        |8.84835309249162e-05       |
|hipStreamCreate                                               |1              |5950                       |5950                       |6.17930761740905e-05       |
|hiprtcGetCode                                                 |6              |5950                       |991                        |6.17930761740905e-05       |
|__hipPushCallConfiguration                                    |11             |5480                       |498                        |5.69119424258851e-05       |
|__hipPopCallConfiguration                                     |11             |4280                       |389                        |4.44494732815307e-05       |
|hipEventDestroy                                               |2              |3640                       |1820                       |3.78028230712083e-05       |
|hipEventCreate                                                |2              |2400                       |1200                       |2.49249382887088e-05       |
|hipGetLastError                                               |11             |1530                       |139                        |1.58896481590518e-05       |
|hiprtcGetCodeSize                                             |6              |1270                       |211                        |1.31894465111084e-05       |
|hipGetDeviceCount                                             |1              |740                        |740                        |7.68518930568521e-06       |
---------------------------------------------------------------------------------------------------------------------------------------------------------------------
|Total                                                         |339            |9628910500                 |28403865                   |100.0                      |
---------------------------------------------------------------------------------------------------------------------------------------------------------------------
---------------------------------------------------------------------------------------------------------------------------------------------------------------------
HIP_PROF:IP:[31m12.6.9.1[0m HIPOPS API statistics
---------------------------------------------------------------------------------------------------------------------------------------------------------------------
|Name                                                          |Calls          |TotalDurationNs            |AverageNs                  |Percentage                 |
---------------------------------------------------------------------------------------------------------------------------------------------------------------------
|void generate_random_interleaved_data_kernel<input_val_1D<u...|11             |1203384058                 |109398550                  |86.297                     |
|fft_rtc_fwd_len_512_factors_8_8_8_wgs_256_tpt_64_halfLds_di...|11             |101844908                  |9258628                    |7.304                      |
|fft_rtc_fwd_len_512_factors_8_8_8_wgs_512_tpt_128_dp_op_CI_...|11             |89209889                   |8109989                    |6.397                      |
|twiddle_gen_radices_dp                                        |1              |15360                      |15360                      |0.001                      |
|twiddle_gen_large_dp                                          |1              |5760                       |5760                       |0.0                        |
---------------------------------------------------------------------------------------------------------------------------------------------------------------------
|Total                                                         |35             |1394459975                 |39841713                   |100.0                      |
---------------------------------------------------------------------------------------------------------------------------------------------------------------------
HIP_PROF:finish
variant=stable length=262144 round=r2 start=2026-09-22T17:52:09+08:00
Running profile with 10 samples
out-of-place
length: 262144

Token: complex_forward_len_262144_double_op_batch_1000_istride_1_CI_ostride_1_CI_idist_262144_odist_262144_ioffset_0_0_ooffset_0_0

Execution gpu time: 17.3638 17.3773 17.36 17.3587 17.373 17.3774 17.3861 17.3941 17.379 17.3499 ms
Execution gflops:   1358.74 1357.69 1359.04 1359.14 1358.03 1357.68 1357 1356.38 1357.55 1359.83
HIP_PROF:on Tue Sep 22 17:52:09 2026
HIP_PROF:process id '1306353'
HIP_PROF:db file '/public/home/zhangkewei/zr/exp-078-sbrc-two-tier/results/exp090_paired_855992/stable_262144_r2.db'
HIP_PROF:out put file '/public/home/zhangkewei/zr/exp-078-sbrc-two-tier/results/exp090_paired_855992/stable_262144_r2'
HIP_PROF:profiling ' /public/home/zhangkewei/zr/install-exp090-control/bin/rocfft-bench --length 262144 --batchSize 1000 --precision double --transformType 0 --notInPlace -N 10'
HIP_PROF:process begin
HIP_PROF:process end run total cost:5(s)
---------------------------------------------------------------------------------------------------------------------------------------------------------------------
HIP_PROF:IP:[31m12.6.9.1[0m HIP API statistics
---------------------------------------------------------------------------------------------------------------------------------------------------------------------
|Name                                                          |Calls          |TotalDurationNs            |AverageNs                  |Percentage                 |
---------------------------------------------------------------------------------------------------------------------------------------------------------------------
|hiprtcCompileProgram                                          |6              |8756530940                 |1459421823                 |85.5892931945238           |
|hipEventSynchronize                                           |10             |1396215713                 |139621571                  |13.6470843124501           |
|hipMalloc                                                     |7              |35315120                   |5045017                    |0.345181919711208          |
|hipModuleGetFunction                                          |6              |21746039                   |3624339                    |0.212553135544628          |
|hipModuleLaunchKernel                                         |24             |10505727                   |437738                     |0.102686526729114          |
|hiprtcCreateProgram                                           |6              |4271740                    |711956                     |0.0417534306469058         |
|hipLaunchKernel                                               |11             |3816708                    |346973                     |0.0373057940739583         |
|hipEventRecord                                                |20             |548772                     |27438                      |0.00536388301791865        |
|hipModuleLoadData                                             |6              |522074                     |87012                      |0.00510292774175224        |
|hipFree                                                       |7              |276722                     |39531                      |0.00270477436254853        |
|hipStreamSynchronize                                          |2              |275822                     |137911                     |0.00269597745834036        |
|hiprtcDestroyProgram                                          |6              |243391                     |40565                      |0.0023789859023679         |
|hipModuleUnload                                               |6              |235271                     |39211                      |0.00229961827773417        |
|hipStreamDestroy                                              |1              |190551                     |190551                     |0.00186250988196813        |
|hipMemcpy                                                     |2              |85281                      |42640                      |0.00083356531975232        |
|hipGetDeviceProperties                                        |14             |13611                      |972                        |0.000133038514641583       |
|hipEventElapsedTime                                           |10             |12490                      |1249                       |0.000122081481733405       |
|hipGetDevice                                                  |73             |11650                      |159                        |0.000113871037805778       |
|hipMemGetInfo                                                 |1              |11460                      |11460                      |0.000112013913584053       |
|hipStreamCreate                                               |1              |8680                       |8680                       |8.48412539188112e-05       |
|hipSetDevice                                                  |70             |8430                       |120                        |8.23976694165413e-05       |
|hiprtcGetCode                                                 |6              |6440                       |1073                       |6.29467367784728e-05       |
|__hipPopCallConfiguration                                     |11             |5070                       |460                        |4.95558937060337e-05       |
|__hipPushCallConfiguration                                    |11             |4410                       |400                        |4.31048306200412e-05       |
|hipEventCreate                                                |2              |2890                       |1445                       |2.82478368462401e-05       |
|hipEventDestroy                                               |2              |2890                       |1445                       |2.82478368462401e-05       |
|hipGetLastError                                               |11             |1730                       |157                        |1.69096047557078e-05       |
|hiprtcGetCodeSize                                             |6              |1450                       |241                        |1.41727901131655e-05       |
|hipGetDeviceCount                                             |1              |820                        |820                        |8.01495716744529e-06       |
---------------------------------------------------------------------------------------------------------------------------------------------------------------------
|Total                                                         |339            |10230871892                |30179563                   |100.0                      |
---------------------------------------------------------------------------------------------------------------------------------------------------------------------
---------------------------------------------------------------------------------------------------------------------------------------------------------------------
HIP_PROF:IP:[31m12.6.9.1[0m HIPOPS API statistics
---------------------------------------------------------------------------------------------------------------------------------------------------------------------
|Name                                                          |Calls          |TotalDurationNs            |AverageNs                  |Percentage                 |
---------------------------------------------------------------------------------------------------------------------------------------------------------------------
|void generate_random_interleaved_data_kernel<input_val_1D<u...|11             |1203383939                 |109398539                  |86.3                       |
|fft_rtc_fwd_len_512_factors_8_8_8_wgs_256_tpt_64_halfLds_di...|11             |101852805                  |9259345                    |7.304                      |
|fft_rtc_fwd_len_512_factors_8_8_8_wgs_512_tpt_128_dp_op_CI_...|11             |89167686                   |8106153                    |6.395                      |
|twiddle_gen_radices_dp                                        |1              |15360                      |15360                      |0.001                      |
|twiddle_gen_large_dp                                          |1              |5600                       |5600                       |0.0                        |
---------------------------------------------------------------------------------------------------------------------------------------------------------------------
|Total                                                         |35             |1394425390                 |39840725                   |100.0                      |
---------------------------------------------------------------------------------------------------------------------------------------------------------------------
HIP_PROF:finish
variant=stable length=524288 round=r1 start=2026-09-22T17:52:15+08:00
Running profile with 10 samples
out-of-place
length: 524288

Token: complex_forward_len_524288_double_op_batch_1000_istride_1_CI_ostride_1_CI_idist_524288_odist_524288_ioffset_0_0_ooffset_0_0

Execution gpu time: 38.4093 38.3624 38.6033 38.6273 38.4925 38.3326 38.3254 38.4781 38.4464 38.4477 ms
Execution gflops:   1296.75 1298.34 1290.23 1289.43 1293.95 1299.35 1299.59 1294.43 1295.5 1295.46
HIP_PROF:on Tue Sep 22 17:52:15 2026
HIP_PROF:process id '1306916'
HIP_PROF:db file '/public/home/zhangkewei/zr/exp-078-sbrc-two-tier/results/exp090_paired_855992/stable_524288_r1.db'
HIP_PROF:out put file '/public/home/zhangkewei/zr/exp-078-sbrc-two-tier/results/exp090_paired_855992/stable_524288_r1'
HIP_PROF:profiling ' /public/home/zhangkewei/zr/install-exp090-control/bin/rocfft-bench --length 524288 --batchSize 1000 --precision double --transformType 0 --notInPlace -N 10'
HIP_PROF:process begin
HIP_PROF:process end run total cost:7(s)
---------------------------------------------------------------------------------------------------------------------------------------------------------------------
HIP_PROF:IP:[31m12.6.9.1[0m HIP API statistics
---------------------------------------------------------------------------------------------------------------------------------------------------------------------
|Name                                                          |Calls          |TotalDurationNs            |AverageNs                  |Percentage                 |
---------------------------------------------------------------------------------------------------------------------------------------------------------------------
|hiprtcCompileProgram                                          |7              |11487074951                |1641010707                 |79.6578957191619           |
|hipEventSynchronize                                           |10             |2832196234                 |283219623                  |19.6400557345136           |
|hipMalloc                                                     |8              |57001280                   |7125160                    |0.395279219250108          |
|hipModuleGetFunction                                          |7              |24584571                   |3512081                    |0.170483365118798          |
|hipModuleLaunchKernel                                         |25             |10477637                   |419105                     |0.0726578801905157         |
|hipLaunchKernel                                               |11             |3756877                    |341534                     |0.026052316849353          |
|hiprtcCreateProgram                                           |7              |3070984                    |438712                     |0.0212959455971791         |
|hipModuleLoadData                                             |7              |581474                     |83067                      |0.00403227065662801        |
|hipStreamSynchronize                                          |3              |345552                     |115184                     |0.00239625364150267        |
|hipEventRecord                                                |20             |331421                     |16571                      |0.00229826126927483        |
|hipFree                                                       |8              |289722                     |36215                      |0.00200909674238157        |
|hiprtcDestroyProgram                                          |7              |266913                     |38130                      |0.00185092619407326        |
|hipModuleUnload                                               |7              |215561                     |30794                      |0.00149482228786393        |
|hipStreamDestroy                                              |1              |137140                     |137140                     |0.000951006576132321       |
|hipMemcpy                                                     |2              |74520                      |37260                      |0.000516763964221821       |
|hipGetDevice                                                  |75             |20120                      |268                        |0.000139523496512923       |
|hipGetDeviceProperties                                        |14             |15280                      |1091                       |0.000105960190194705       |
|hipEventElapsedTime                                           |10             |13970                      |1397                       |9.68759068730387e-05       |
|hipMemGetInfo                                                 |1              |12390                      |12390                      |8.591929034767e-05         |
|hipSetDevice                                                  |72             |8460                       |117                        |5.86664403826706e-05       |
|hiprtcGetCode                                                 |7              |7600                       |1085                       |5.27027124005078e-05       |
|hipStreamCreate                                               |1              |7340                       |7340                       |5.08997248710168e-05       |
|__hipPopCallConfiguration                                     |11             |5470                       |497                        |3.79320837935234e-05       |
|__hipPushCallConfiguration                                    |11             |4840                       |440                        |3.35633063182181e-05       |
|hipGetLastError                                               |11             |2700                       |245                        |1.87233320370225e-05       |
|hipEventDestroy                                               |2              |2680                       |1340                       |1.85846406886001e-05       |
|hipEventCreate                                                |2              |2130                       |1065                       |1.47706286069844e-05       |
|hiprtcGetCodeSize                                             |7              |1610                       |230                        |1.11646535480023e-05       |
|hipGetDeviceCount                                             |1              |740                        |740                        |5.13157989162839e-06       |
---------------------------------------------------------------------------------------------------------------------------------------------------------------------
|Total                                                         |355            |14420510167                |40621155                   |100.0                      |
---------------------------------------------------------------------------------------------------------------------------------------------------------------------
---------------------------------------------------------------------------------------------------------------------------------------------------------------------
HIP_PROF:IP:[31m12.6.9.1[0m HIPOPS API statistics
---------------------------------------------------------------------------------------------------------------------------------------------------------------------
|Name                                                          |Calls          |TotalDurationNs            |AverageNs                  |Percentage                 |
---------------------------------------------------------------------------------------------------------------------------------------------------------------------
|void generate_random_interleaved_data_kernel<input_val_1D<u...|11             |2406752533                 |218795684                  |85.052                     |
|fft_rtc_fwd_len_1024_factors_8_8_4_4_wgs_256_tpt_64_halfLds...|11             |233257703                  |21205245                   |8.243                      |
|fft_rtc_fwd_len_512_factors_8_8_8_wgs_512_tpt_128_dp_op_CI_...|11             |189690047                  |17244549                   |6.703                      |
|twiddle_gen_radices_dp                                        |2              |26560                      |13280                      |0.001                      |
|twiddle_gen_large_dp                                          |1              |5600                       |5600                       |0.0                        |
---------------------------------------------------------------------------------------------------------------------------------------------------------------------
|Total                                                         |36             |2829732443                 |78603678                   |100.0                      |
---------------------------------------------------------------------------------------------------------------------------------------------------------------------
HIP_PROF:finish
variant=candidate length=524288 round=r1 start=2026-09-22T17:52:24+08:00
Running profile with 10 samples
out-of-place
length: 524288

Token: complex_forward_len_524288_double_op_batch_1000_istride_1_CI_ostride_1_CI_idist_524288_odist_524288_ioffset_0_0_ooffset_0_0

Execution gpu time: 38.476 38.6048 38.6192 38.365 38.5619 38.4698 38.4413 38.5957 38.6683 38.4581 ms
Execution gflops:   1294.5 1290.19 1289.7 1298.25 1291.62 1294.71 1295.67 1290.49 1288.07 1295.11
HIP_PROF:on Tue Sep 22 17:52:24 2026
HIP_PROF:process id '1308586'
HIP_PROF:db file '/public/home/zhangkewei/zr/exp-078-sbrc-two-tier/results/exp090_paired_855992/candidate_524288_r1.db'
HIP_PROF:out put file '/public/home/zhangkewei/zr/exp-078-sbrc-two-tier/results/exp090_paired_855992/candidate_524288_r1'
HIP_PROF:profiling ' /public/home/zhangkewei/zr/install-exp090-candidate/bin/rocfft-bench --length 524288 --batchSize 1000 --precision double --transformType 0 --notInPlace -N 10'
HIP_PROF:process begin
HIP_PROF:process end run total cost:7(s)
---------------------------------------------------------------------------------------------------------------------------------------------------------------------
HIP_PROF:IP:[31m12.6.9.1[0m HIP API statistics
---------------------------------------------------------------------------------------------------------------------------------------------------------------------
|Name                                                          |Calls          |TotalDurationNs            |AverageNs                  |Percentage                 |
---------------------------------------------------------------------------------------------------------------------------------------------------------------------
|hiprtcCompileProgram                                          |7              |11256439961                |1608062851                 |79.3237215129348           |
|hipEventSynchronize                                           |10             |2832388414                 |283238841                  |19.9597377631852           |
|hipMalloc                                                     |8              |55680883                   |6960110                    |0.392381149989621          |
|hipModuleGetFunction                                          |7              |26571302                   |3795900                    |0.18724699526553           |
|hipModuleLaunchKernel                                         |25             |10595329                   |423813                     |0.0746648967032074         |
|hipLaunchKernel                                               |11             |3584607                    |325873                     |0.0252605946805988         |
|hiprtcCreateProgram                                           |7              |2963096                    |423299                     |0.0208808293505267         |
|hipModuleLoadData                                             |7              |563942                     |80563                      |0.00397407868850512        |
|hipStreamSynchronize                                          |3              |355861                     |118620                     |0.00250773947705636        |
|hipEventRecord                                                |20             |326801                     |16340                      |0.00230295471782942        |
|hipFree                                                       |8              |291552                     |36444                      |0.00205455630151867        |
|hiprtcDestroyProgram                                          |7              |235520                     |33645                      |0.00165970084284683        |
|hipModuleUnload                                               |7              |203441                     |29063                      |0.00143364130082202        |
|hipStreamDestroy                                              |1              |137040                     |137040                     |0.000965715877648306       |
|hipMemcpy                                                     |2              |72421                      |36210                      |0.000510348143426503       |
|hipGetDeviceProperties                                        |14             |16151                      |1153                       |0.000113815507442336       |
|hipEventElapsedTime                                           |10             |13540                      |1354                       |9.54158857512994e-05       |
|hipGetDevice                                                  |75             |11460                      |152                        |8.07582016772445e-05       |
|hipMemGetInfo                                                 |1              |9970                       |9970                       |7.02582260665033e-05       |
|hipSetDevice                                                  |72             |9050                       |125                        |6.37750196491329e-05       |
|hipStreamCreate                                               |1              |8580                       |8580                       |6.04629468054763e-05       |
|hiprtcGetCode                                                 |7              |7510                       |1072                       |5.29226958635346e-05       |
|__hipPopCallConfiguration                                     |11             |7431                       |675                        |5.23659857472604e-05       |
|__hipPushCallConfiguration                                    |11             |5570                       |506                        |3.92515866790796e-05       |
|hipEventDestroy                                               |2              |2830                       |1415                       |1.99429066969112e-05       |
|hipGetLastError                                               |11             |2180                       |198                        |1.5362380423769e-05        |
|hipEventCreate                                                |2              |1900                       |950                        |1.33892306445693e-05       |
|hiprtcGetCodeSize                                             |7              |1760                       |251                        |1.24026557549695e-05       |
|hipGetDeviceCount                                             |1              |1050                       |1050                       |7.39931167199884e-06       |
---------------------------------------------------------------------------------------------------------------------------------------------------------------------
|Total                                                         |355            |14190509152                |39973265                   |100.0                      |
---------------------------------------------------------------------------------------------------------------------------------------------------------------------
---------------------------------------------------------------------------------------------------------------------------------------------------------------------
HIP_PROF:IP:[31m12.6.9.1[0m HIPOPS API statistics
---------------------------------------------------------------------------------------------------------------------------------------------------------------------
|Name                                                          |Calls          |TotalDurationNs            |AverageNs                  |Percentage                 |
---------------------------------------------------------------------------------------------------------------------------------------------------------------------
|void generate_random_interleaved_data_kernel<input_val_1D<u...|11             |2406753063                 |218795733                  |85.024                     |
|fft_rtc_fwd_len_1024_factors_8_8_4_4_wgs_256_tpt_64_halfLds...|11             |234198703                  |21290791                   |8.274                      |
|fft_rtc_fwd_len_512_factors_8_8_8_wgs_512_tpt_128_dp_op_CI_...|11             |189680636                  |17243694                   |6.701                      |
|twiddle_gen_radices_dp                                        |2              |32000                      |16000                      |0.001                      |
|twiddle_gen_large_dp                                          |1              |5120                       |5120                       |0.0                        |
---------------------------------------------------------------------------------------------------------------------------------------------------------------------
|Total                                                         |36             |2830669522                 |78629708                   |100.0                      |
---------------------------------------------------------------------------------------------------------------------------------------------------------------------
HIP_PROF:finish
variant=candidate length=524288 round=r2 start=2026-09-22T17:52:32+08:00
Running profile with 10 samples
out-of-place
length: 524288

Token: complex_forward_len_524288_double_op_batch_1000_istride_1_CI_ostride_1_CI_idist_524288_odist_524288_ioffset_0_0_ooffset_0_0

Execution gpu time: 38.607 38.5731 38.4931 38.5443 38.3086 38.4656 38.4878 38.3213 38.6091 38.5361 ms
Execution gflops:   1290.11 1291.25 1293.93 1292.21 1300.16 1294.86 1294.11 1299.73 1290.04 1292.48
HIP_PROF:on Tue Sep 22 17:52:32 2026
HIP_PROF:process id '1310236'
HIP_PROF:db file '/public/home/zhangkewei/zr/exp-078-sbrc-two-tier/results/exp090_paired_855992/candidate_524288_r2.db'
HIP_PROF:out put file '/public/home/zhangkewei/zr/exp-078-sbrc-two-tier/results/exp090_paired_855992/candidate_524288_r2'
HIP_PROF:profiling ' /public/home/zhangkewei/zr/install-exp090-candidate/bin/rocfft-bench --length 524288 --batchSize 1000 --precision double --transformType 0 --notInPlace -N 10'
HIP_PROF:process begin
HIP_PROF:process end run total cost:8(s)
---------------------------------------------------------------------------------------------------------------------------------------------------------------------
HIP_PROF:IP:[31m12.6.9.1[0m HIP API statistics
---------------------------------------------------------------------------------------------------------------------------------------------------------------------
|Name                                                          |Calls          |TotalDurationNs            |AverageNs                  |Percentage                 |
---------------------------------------------------------------------------------------------------------------------------------------------------------------------
|hiprtcCompileProgram                                          |7              |11370709113                |1624387016                 |79.5096446668076           |
|hipEventSynchronize                                           |10             |2832021025                 |283202102                  |19.8028973522188           |
|hipMalloc                                                     |8              |55482424                   |6935303                    |0.387960660470126          |
|hipModuleGetFunction                                          |7              |23724436                   |3389205                    |0.165893037763477          |
|hipModuleLaunchKernel                                         |25             |10325956                   |413038                     |0.0722042120896783         |
|hipLaunchKernel                                               |11             |3311995                    |301090                     |0.0231591137343558         |
|hiprtcCreateProgram                                           |7              |2974992                    |424998                     |0.0208026214069764         |
|hipModuleLoadData                                             |7              |563485                     |80497                      |0.0039401669394439         |
|hipEventRecord                                                |20             |544874                     |27243                      |0.00381002958545934        |
|hipStreamSynchronize                                          |3              |350921                     |116973                     |0.00245381389488024        |
|hipFree                                                       |8              |298762                     |37345                      |0.00208909226538797        |
|hiprtcDestroyProgram                                          |7              |223381                     |31911                      |0.00156199088014751        |
|hipModuleUnload                                               |7              |204860                     |29265                      |0.00143248285085579        |
|hipStreamDestroy                                              |1              |135761                     |135761                     |0.000949308329176186       |
|hipMemcpy                                                     |2              |75440                      |37720                      |0.000527513942539105       |
|hipGetDeviceProperties                                        |14             |15830                      |1130                       |0.000110691220975531       |
|hipEventElapsedTime                                           |10             |13470                      |1347                       |9.41889290297157e-05       |
|hipGetDevice                                                  |75             |11780                      |157                        |8.23716097973311e-05       |
|hipMemGetInfo                                                 |1              |10820                      |10820                      |7.56588130736098e-05       |
|hipSetDevice                                                  |72             |8970                       |124                        |6.27226943872717e-05       |
|hiprtcGetCode                                                 |7              |7910                       |1130                       |5.53106480048293e-05       |
|hipStreamCreate                                               |1              |6160                       |6160                       |4.30737789772122e-05       |
|__hipPushCallConfiguration                                    |11             |4770                       |433                        |3.33542087209906e-05       |
|__hipPopCallConfiguration                                     |11             |4500                       |409                        |3.1466234642444e-05        |
|hipGetLastError                                               |11             |3360                       |305                        |2.34947885330248e-05       |
|hipEventDestroy                                               |2              |2830                       |1415                       |1.97887653418037e-05       |
|hiprtcGetCodeSize                                             |7              |2620                       |374                        |1.83203410584896e-05       |
|hipEventCreate                                                |2              |2470                       |1235                       |1.72714665704081e-05       |
|hipGetDeviceCount                                             |1              |890                        |890                        |6.2233219626167e-06        |
---------------------------------------------------------------------------------------------------------------------------------------------------------------------
|Total                                                         |355            |14301043805                |40284630                   |100.0                      |
---------------------------------------------------------------------------------------------------------------------------------------------------------------------
---------------------------------------------------------------------------------------------------------------------------------------------------------------------
HIP_PROF:IP:[31m12.6.9.1[0m HIPOPS API statistics
---------------------------------------------------------------------------------------------------------------------------------------------------------------------
|Name                                                          |Calls          |TotalDurationNs            |AverageNs                  |Percentage                 |
---------------------------------------------------------------------------------------------------------------------------------------------------------------------
|void generate_random_interleaved_data_kernel<input_val_1D<u...|11             |2406752134                 |218795648                  |85.035                     |
|fft_rtc_fwd_len_1024_factors_8_8_4_4_wgs_256_tpt_64_halfLds...|11             |233800546                  |21254595                   |8.261                      |
|fft_rtc_fwd_len_512_factors_8_8_8_wgs_512_tpt_128_dp_op_CI_...|11             |189713693                  |17246699                   |6.703                      |
|twiddle_gen_radices_dp                                        |2              |29280                      |14640                      |0.001                      |
|twiddle_gen_large_dp                                          |1              |4960                       |4960                       |0.0                        |
---------------------------------------------------------------------------------------------------------------------------------------------------------------------
|Total                                                         |36             |2830300613                 |78619461                   |100.0                      |
---------------------------------------------------------------------------------------------------------------------------------------------------------------------
HIP_PROF:finish
variant=stable length=524288 round=r2 start=2026-09-22T17:52:41+08:00
Running profile with 10 samples
out-of-place
length: 524288

Token: complex_forward_len_524288_double_op_batch_1000_istride_1_CI_ostride_1_CI_idist_524288_odist_524288_ioffset_0_0_ooffset_0_0

Execution gpu time: 38.6118 38.4776 38.5821 38.5865 38.5973 38.3513 38.2779 38.4629 38.5769 38.4771 ms
Execution gflops:   1289.95 1294.45 1290.95 1290.8 1290.44 1298.71 1301.2 1294.95 1291.12 1294.47
HIP_PROF:on Tue Sep 22 17:52:41 2026
HIP_PROF:process id '1310943'
HIP_PROF:db file '/public/home/zhangkewei/zr/exp-078-sbrc-two-tier/results/exp090_paired_855992/stable_524288_r2.db'
HIP_PROF:out put file '/public/home/zhangkewei/zr/exp-078-sbrc-two-tier/results/exp090_paired_855992/stable_524288_r2'
HIP_PROF:profiling ' /public/home/zhangkewei/zr/install-exp090-control/bin/rocfft-bench --length 524288 --batchSize 1000 --precision double --transformType 0 --notInPlace -N 10'
HIP_PROF:process begin
HIP_PROF:process end run total cost:8(s)
---------------------------------------------------------------------------------------------------------------------------------------------------------------------
HIP_PROF:IP:[31m12.6.9.1[0m HIP API statistics
---------------------------------------------------------------------------------------------------------------------------------------------------------------------
|Name                                                          |Calls          |TotalDurationNs            |AverageNs                  |Percentage                 |
---------------------------------------------------------------------------------------------------------------------------------------------------------------------
|hiprtcCompileProgram                                          |7              |10949330252                |1564190036                 |78.8793222478442           |
|hipEventSynchronize                                           |10             |2831959085                 |283195908                  |20.4015230262711           |
|hipMalloc                                                     |8              |55515843                   |6939480                    |0.399937892918871          |
|hipModuleGetFunction                                          |7              |24751281                   |3535897                    |0.178309012981806          |
|hipModuleLaunchKernel                                         |25             |10320807                   |412832                     |0.0743514208151776         |
|hipLaunchKernel                                               |11             |3644256                    |331296                     |0.0262533357531282         |
|hiprtcCreateProgram                                           |7              |2998634                    |428376                     |0.0216022543978101         |
|hipModuleLoadData                                             |7              |567693                     |81099                      |0.00408967836883595        |
|hipEventRecord                                                |20             |551312                     |27565                      |0.00397166912553032        |
|hipStreamSynchronize                                          |3              |341972                     |113990                     |0.00246357712909542        |
|hipFree                                                       |8              |317892                     |39736                      |0.00229010404571837        |
|hiprtcDestroyProgram                                          |7              |287122                     |41017                      |0.00206843599025691        |
|hipModuleUnload                                               |7              |219620                     |31374                      |0.00158214944232842        |
|hipStreamDestroy                                              |1              |137710                     |137710                     |0.000992067205641778       |
|hipMemcpy                                                     |2              |81930                      |40965                      |0.00059022631732068        |
|hipGetDeviceProperties                                        |14             |13490                      |963                        |9.71823876559988e-05       |
|hipEventElapsedTime                                           |10             |12220                      |1222                       |8.80332673948336e-05       |
|hipGetDevice                                                  |75             |12190                      |162                        |8.78171464437824e-05       |
|hipMemGetInfo                                                 |1              |11700                      |11700                      |8.4287170909947e-05        |
|hipSetDevice                                                  |72             |8860                       |123                        |6.38277208771052e-05       |
|hiprtcGetCode                                                 |7              |7700                       |1100                       |5.54710441031275e-05       |
|hipStreamCreate                                               |1              |6590                       |6590                       |4.74745689142351e-05       |
|__hipPushCallConfiguration                                    |11             |4260                       |387                        |3.06891750492628e-05       |
|__hipPopCallConfiguration                                     |11             |4200                       |381                        |3.02569331471605e-05       |
|hipEventDestroy                                               |2              |2850                       |1425                       |2.05314903498589e-05       |
|hipEventCreate                                                |2              |2170                       |1085                       |1.56327487926996e-05       |
|hipGetLastError                                               |11             |2110                       |191                        |1.52005068905973e-05       |
|hiprtcGetCodeSize                                             |7              |1490                       |212                        |1.07340072355403e-05       |
|hipGetDeviceCount                                             |1              |800                        |800                        |5.7632253613639e-06        |
---------------------------------------------------------------------------------------------------------------------------------------------------------------------
|Total                                                         |355            |13881116039                |39101735                   |100.0                      |
---------------------------------------------------------------------------------------------------------------------------------------------------------------------
---------------------------------------------------------------------------------------------------------------------------------------------------------------------
HIP_PROF:IP:[31m12.6.9.1[0m HIPOPS API statistics
---------------------------------------------------------------------------------------------------------------------------------------------------------------------
|Name                                                          |Calls          |TotalDurationNs            |AverageNs                  |Percentage                 |
---------------------------------------------------------------------------------------------------------------------------------------------------------------------
|void generate_random_interleaved_data_kernel<input_val_1D<u...|11             |2406752946                 |218795722                  |85.037                     |
|fft_rtc_fwd_len_1024_factors_8_8_4_4_wgs_256_tpt_64_halfLds...|11             |233738994                  |21248999                   |8.259                      |
|fft_rtc_fwd_len_512_factors_8_8_8_wgs_512_tpt_128_dp_op_CI_...|11             |189701251                  |17245568                   |6.703                      |
|twiddle_gen_radices_dp                                        |2              |27360                      |13680                      |0.001                      |
|twiddle_gen_large_dp                                          |1              |6080                       |6080                       |0.0                        |
---------------------------------------------------------------------------------------------------------------------------------------------------------------------
|Total                                                         |36             |2830226631                 |78617406                   |100.0                      |
---------------------------------------------------------------------------------------------------------------------------------------------------------------------
HIP_PROF:finish
length stable_ms candidate_ms speedup_stable improvement_stable_pct official_ms speedup_official improvement_official_pct
65536 3.455337 3.454254 1.000313 0.031 3.732493 1.080550 7.455
131072 7.608224 7.607957 1.000035 0.004 8.954852 1.177038 15.041
262144 17.365426 17.367240 0.999896 -0.010 19.360418 1.114767 10.295
524288 38.475163 38.521134 0.998807 -0.119 70.509518 1.830411 45.367
